ID,Date,Date2,DaysEmerg,WS,Site,Site2,Lat ,Long,Northing,Easting,Year,SiteYear,Larvhab500m,DistRus,Weatherperiod,Hours,Wspeedmps,TempC,Rhperc,Windvector,Wdirec2,Count,Countperhour,Dummy,roughraster,Timing
0,5/27/2017,5/27/2017,,,Bunny,11,67.083726,-50.319195,7441005.055,529582.6378,2017,Bunny2017,1050,4,0,3,2,9,,,,0,0,Yes,0.501,
0,5/28/2017,5/28/2017,,,Bunny,11,67.083726,-50.319195,7441005.055,529582.6378,2017,Bunny2017,1050,4,0,3,2,9,,,,0,0,Yes,0.501,
0,5/29/2017,5/29/2017,,,Bunny,11,67.083726,-50.319195,7441005.055,529582.6378,2017,Bunny2017,1050,4,0,3,2,9,,,,0,0,Yes,0.501,
0,5/27/2017,5/27/2017,,,Camp,9,67.057436,-50.430235,7438025.844,524784.6425,2017,Camp2017,320,8,0,3,2,9,,,,0,0,Yes,0.464,
0,5/28/2017,5/28/2017,,,Camp,9,67.057436,-50.430235,7438025.844,524784.6425,2017,Camp2017,320,8,0,3,2,9,,,,0,0,Yes,0.464,
0,5/29/2017,5/29/2017,,,Camp,9,67.057436,-50.430235,7438025.844,524784.6425,2017,Camp2017,320,8,0,3,2,9,,,,0,0,Yes,0.464,
0,5/27/2017,5/27/2017,,,Forest,7,67.031409,-50.587348,7435070.457,517969.6041,2017,Forest2017,2331,16,0,3,2,9,,,,0,0,Yes,0.463,
0,5/28/2017,5/28/2017,,,Forest,7,67.031409,-50.587348,7435070.457,517969.6041,2017,Forest2017,2331,16,0,3,2,9,,,,0,0,Yes,0.463,
0,5/29/2017,5/29/2017,,,Forest,7,67.031409,-50.587348,7435070.457,517969.6041,2017,Forest2017,2331,16,0,3,2,9,,,,0,0,Yes,0.463,
0,5/27/2017,5/27/2017,,,Golf,6,67.024659,-50.634904,7434305.04,515903.136,2017,Golf2017,3451.5,18,0,3,2,9,,,,0,0,Yes,0.391,
0,5/28/2017,5/28/2017,,,Golf,6,67.024659,-50.634904,7434305.04,515903.136,2017,Golf2017,3451.5,18,0,3,2,9,,,,0,0,Yes,0.391,
0,5/29/2017,5/29/2017,,,Golf,6,67.024659,-50.634904,7434305.04,515903.136,2017,Golf2017,3451.5,18,0,3,2,9,,,,0,0,Yes,0.391,
0,5/27/2017,5/27/2017,,,KISS,5,67.008871,-50.689137,7432532.193,513549.6214,2017,KISS2017,8675,20,0,3,2,9,,,,0,0,Yes,0.367,
0,5/28/2017,5/28/2017,,,KISS,5,67.008871,-50.689137,7432532.193,513549.6214,2017,KISS2017,8675,20,0,3,2,9,,,,0,0,Yes,0.367,
0,5/29/2017,5/29/2017,,,KISS,5,67.008871,-50.689137,7432532.193,513549.6214,2017,KISS2017,8675,20,0,3,2,9,,,,0,0,Yes,0.367,
0,5/27/2017,5/27/2017,,,Moz valley,,67.089426,-50.293174,7441653.071,530706.054,2017,Moz valley2017,7469.75,2,0,3,2,9,,,,0,0,Yes,,
0,5/28/2017,5/28/2017,,,Moz valley,,67.089426,-50.293174,7441653.071,530706.054,2017,Moz valley2017,7469.75,2,0,3,2,9,,,,0,0,Yes,,
0,5/29/2017,5/29/2017,,,Moz valley,,67.089426,-50.293174,7441653.071,530706.054,2017,Moz valley2017,7469.75,2,0,3,2,9,,,,0,0,Yes,,
0,5/27/2017,5/27/2017,,,Oil,4,67.018036,-50.719448,7433547.615,512223.8545,2017,Oil2017,11742.1,22,0,3,2,9,,,,0,0,Yes,0.443,
0,5/28/2017,5/28/2017,,,Oil,4,67.018036,-50.719448,7433547.615,512223.8545,2017,Oil2017,11742.1,22,0,3,2,9,,,,0,0,Yes,0.443,
0,5/29/2017,5/29/2017,,,Oil,4,67.018036,-50.719448,7433547.615,512223.8545,2017,Oil2017,11742.1,22,0,3,2,9,,,,0,0,Yes,0.443,
0,5/27/2017,5/27/2017,,,Seatomato,,67.055804,-50.456986,7437833.509,523622.593,2017,Seatomato2017,8857,10.8,0,3,2,9,,,,0,0,Yes,0.435,
0,5/28/2017,5/28/2017,,,Seatomato,,67.055804,-50.456986,7437833.509,523622.593,2017,Seatomato2017,8857,10.8,0,3,2,9,,,,0,0,Yes,0.435,
0,5/29/2017,5/29/2017,,,Seatomato,,67.055804,-50.456986,7437833.509,523622.593,2017,Seatomato2017,8857,10.8,0,3,2,9,,,,0,0,Yes,0.435,
0,5/27/2017,5/27/2017,,,Vulgaris,12,67.086896,-50.294351,7441370.46,530658.124,2017,Vulgaris2017,12617.75,2,0,3,2,9,,,,0,0,Yes,0.464,
0,5/28/2017,5/28/2017,,,Vulgaris,12,67.086896,-50.294351,7441370.46,530658.124,2017,Vulgaris2017,12617.75,2,0,3,2,9,,,,0,0,Yes,0.464,
0,5/29/2017,5/29/2017,,,Vulgaris,12,67.086896,-50.294351,7441370.46,530658.124,2017,Vulgaris2017,12617.75,2,0,3,2,9,,,,0,0,Yes,0.464,
0,5/27/2017,5/27/2017,,,VV2,,67.08537,-50.294131,7441200.458,530669.6124,2017,VV22017,6971,2,0,3,2,9,,,,0,0,Yes,,
0,5/28/2017,5/28/2017,,,VV2,,67.08537,-50.294131,7441200.458,530669.6124,2017,VV22017,6971,2,0,3,2,9,,,,0,0,Yes,,
0,5/29/2017,5/29/2017,,,VV2,,67.08537,-50.294131,7441200.458,530669.6124,2017,VV22017,6971,2,0,3,2,9,,,,0,0,Yes,,
0,5/27/2017,5/27/2017,,,Waterfall,8,67.043924,-50.496777,7436494.61,521902.3191,2017,Waterfall2017,8034,12,0,3,2,9,,,,0,0,Yes,0.453,
0,5/28/2017,5/28/2017,,,Waterfall,8,67.043924,-50.496777,7436494.61,521902.3191,2017,Waterfall2017,8034,12,0,3,2,9,,,,0,0,Yes,0.453,
0,5/29/2017,5/29/2017,,,Waterfall,8,67.043924,-50.496777,7436494.61,521902.3191,2017,Waterfall2017,8034,12,0,3,2,9,,,,0,0,Yes,0.453,
0,5/27/2017,5/27/2017,,,Waterfall up,,67.047948,-50.500042,7436942.047,521756.6111,2017,Waterfall up2017,402,12,0,3,2,9,,,,0,0,Yes,,
0,5/28/2017,5/28/2017,,,Waterfall up,,67.047948,-50.500042,7436942.047,521756.6111,2017,Waterfall up2017,402,12,0,3,2,9,,,,0,0,Yes,,
0,5/29/2017,5/29/2017,,,Waterfall up,,67.047948,-50.500042,7436942.047,521756.6111,2017,Waterfall up2017,402,12,0,3,2,9,,,,0,0,Yes,,
1,6/2/2017,6/2/2017,,,Oil,4,67.018036,-50.719448,7433547.615,512223.8545,2017,Oil2017,11742.1,22,1,3.08,3.604166667,15.5,23.75,,,106,34.41558442,No,0.443,
1,6/7/2018,6/7/2017,1,Vulg,Vulgaris,12,67.086896,-50.294351,7441370.46,530658.124,2018,Vulgaris2018,12617.75,2,1,3.53,4.5016928,7.68,59.61,322.34,E,0,0,No,0.464,
2,6/7/2018,6/7/2017,1,Vulg,Bunny,11,67.083726,-50.319195,7441005.055,529582.6378,2018,Bunny2018,1050,4,1,3.43,4.5776896,7.62,59.51,323.25,E,0,0,No,0.501,
3,6/7/2018,6/7/2017,1,Vulg,Dispersal,10,67.079312,-50.34343,7440501.684,528534.7943,2018,Dispersal2018,510,5,1,4.27,4.2066464,7.72,59.97,321.28,E,0,0,No,0.485,
3,6/2/2017,6/2/2017,,,KISS,5,67.008871,-50.689137,7432532.193,513549.6214,2017,KISS2017,8675,20,1,3.05,3.777777778,15.33333333,24,,,1,0.327868852,No,0.367,
4,6/7/2018,6/7/2017,1,Vulg,Camp,9,67.057436,-50.430235,7438025.844,524784.6425,2018,Camp2018,320,8,1,3.15,4.2200576,6.93,60.75,326.57,E,0,0,No,0.464,
4,6/4/2017,6/4/2017,,,Golf,6,67.024659,-50.634904,7434305.04,515903.136,2017,Golf2017,3451.5,18,2,2,5.138888889,9.5,52,,,0,0,No,0.391,
5,6/4/2017,6/4/2017,,,Forest,7,67.031409,-50.587348,7435070.457,517969.6041,2017,Forest2017,2331,16,2,2,5.138888889,9.5,52,,,3,1.5,No,0.463,
5,6/7/2018,6/7/2017,1,Vulg,Waterfall,8,67.043924,-50.496777,7436494.61,521902.3191,2018,Waterfall2018,8034,12,1,3.37,4.6760384,7.46,59.34,325.17,E,0,0,No,0.453,
6,6/7/2018,6/7/2017,1,East,Forest,7,67.031409,-50.587348,7435070.457,517969.6041,2018,Forest2018,2331,16,1,3.32,0.4202176,8.92,57.1,325.69,E,0,0,No,0.463,
6,6/5/2017,6/5/2017,,,KISS,5,67.008871,-50.689137,7432532.193,513549.6214,2017,KISS2017,8675,20,3,5.67,8.574074074,9.5,58,,,0,0,No,0.367,
7,6/7/2018,6/7/2017,1,East,Golf,6,67.024659,-50.634904,7434305.04,515903.136,2018,Golf2018,3451.5,18,1,3.3,0.3621024,8.89,57.32,326.19,E,0,0,No,0.391,
7,6/5/2017,6/5/2017,,,Oil,4,67.018036,-50.719448,7433547.615,512223.8545,2017,Oil2017,11742.1,22,4,3.83,7.972222222,8.75,57.75,,,0,0,No,0.443,
8,6/7/2018,6/7/2017,1,East,KISS,5,67.008871,-50.689137,7432532.193,513549.6214,2018,KISS2018,8675,20,1,3.2,0.5230368,8.63,58.47,325.64,E,0,0,No,0.367,
9,6/5/2017,6/5/2017,,,Golf,6,67.024659,-50.634904,7434305.04,515903.136,2017,Golf2017,3451.5,18,4,3.75,7.972222222,8.75,57.75,,,1,0.266666667,No,0.391,
9,6/7/2018,6/7/2017,1,East,Oil,4,67.018036,-50.719448,7433547.615,512223.8545,2018,Oil2018,11742.1,22,1,3.38,0.4380992,8.82,57.77,325.6,E,0,0,No,0.443,
10,6/7/2018,6/7/2017,1,East,Airport,3,67.010171,-50.73709,7432667.481,511458.8874,2018,Airport2018,962.5,24,1,3.37,0.3844544,8.79,57.7,325.87,E,0,0,No,0.456,
10,6/5/2017,6/5/2017,,,Forest,7,67.031409,-50.587348,7435070.457,517969.6041,2017,Forest2017,2331,16,4,3.75,7.972222222,8.75,57.75,,,0,0,No,0.463,
11,6/6/2017,6/6/2017,,,Camp,9,67.057436,-50.430235,7438025.844,524784.6425,2017,Camp2017,320,8,5,2,1.555555556,8.5,53.5,,,28,14,No,0.464,Peak
11,6/7/2018,6/7/2017,1,East,East,1,67.006021,-50.784395,7432196.919,509398.7172,2018,East2018,1455,25,1,3.33,0.4604512,8.74,57.64,325.75,E,0,0,No,0.494,
12,6/6/2017,6/6/2017,,,Golf,6,67.024659,-50.634904,7434305.04,515903.136,2017,Golf2017,3451.5,18,6,3.67,4.5,10.75,56,,,301,82.01634877,No,0.391,Peak
12,6/9/2018,6/9/2017,3,Vulg,Vulgaris,12,67.086896,-50.294351,7441370.46,530658.124,2018,Vulgaris2018,12617.75,2,2,3,4.1395904,5.68,62.29,288.55,E,0,0,No,0.464,
13,6/9/2018,6/9/2017,3,Vulg,Bunny,11,67.083726,-50.319195,7441005.055,529582.6378,2018,Bunny2018,1050,4,2,3.03,4.1395904,5.68,62.29,288.55,E,0,0,No,0.501,
13,6/6/2017,6/6/2017,,,Forest,7,67.031409,-50.587348,7435070.457,517969.6041,2017,Forest2017,2331,16,6,3.68,4.5,10.75,56,,,397,107.8804348,No,0.463,Peak
14,6/9/2018,6/9/2017,3,Vulg,Dispersal,10,67.079312,-50.34343,7440501.684,528534.7943,2018,Dispersal2018,510,5,2,3.02,4.1395904,5.68,62.29,288.55,E,0,0,No,0.485,
14,6/6/2017,6/6/2017,,,Waterfall up,,67.047948,-50.500042,7436942.047,521756.6111,2017,Waterfall up2017,402,12,6,3.68,3.986111111,10.75,56,,,80,21.73913043,No,,Peak
15,6/9/2018,6/9/2017,3,Vulg,Camp,9,67.057436,-50.430235,7438025.844,524784.6425,2018,Camp2018,320,8,2,4.4,3.3885632,5.24,64.2,283.64,E,0,0,No,0.464,
15,6/6/2017,6/6/2017,,,Waterfall,8,67.043924,-50.496777,7436494.61,521902.3191,2017,Waterfall2017,8034,12,6,3.63,3.986111111,10.75,56,,,95,26.1707989,No,0.453,Peak
16,6/6/2017,6/6/2017,,,Seatomato,,67.055804,-50.456986,7437833.509,523622.593,2017,Seatomato2017,8857,10.8,6,3.65,3.986111111,10.75,56,,,24,6.575342466,No,0.435,Peak
16,6/9/2018,6/9/2017,3,Vulg,Waterfall,8,67.043924,-50.496777,7436494.61,521902.3191,2018,Waterfall2018,8034,12,2,2.9,3.9652448,5.56,62.72,286.01,E,0,0,No,0.453,
17,6/9/2018,6/9/2017,3,East,Forest,7,67.031409,-50.587348,7435070.457,517969.6041,2018,Forest2018,2331,16,2,2.9,2.5391872,8.17,57.26,284.97,E,0,0,No,0.463,
17,6/6/2017,6/6/2017,,,KISS,5,67.008871,-50.689137,7432532.193,513549.6214,2017,KISS2017,8675,20,6,1.25,3.347222223,11,54,,,67,53.6,No,0.367,Peak
18,6/9/2018,6/9/2017,3,East,Golf,6,67.024659,-50.634904,7434305.04,515903.136,2018,Golf2018,3451.5,18,2,2.92,2.503424,8.06,57.67,284.54,E,0,0,No,0.391,
18,6/8/2017,6/8/2017,,,KISS,5,67.008871,-50.689137,7432532.193,513549.6214,2017,KISS2017,8675,20,7,4.17,4.5,13,47,,,30,7.194244604,No,0.367,Peak
19,6/9/2018,6/9/2017,3,East,KISS,5,67.008871,-50.689137,7432532.193,513549.6214,2018,KISS2018,8675,20,2,2.93,2.4542496,7.57,59.56,282.94,E,0,0,No,0.367,
19,6/8/2017,6/8/2017,,,Seatomato,,67.055804,-50.456986,7437833.509,523622.593,2017,Seatomato2017,8857,10.8,8,3,4.462962963,9.333333333,69.66666667,,,8,2.666666667,No,0.435,Peak
20,6/9/2018,6/9/2017,3,East,Oil,4,67.018036,-50.719448,7433547.615,512223.8545,2018,Oil2018,11742.1,22,2,2.92,2.4989536,7.95,58.07,284.03,E,0,0,No,0.443,
20,6/8/2017,6/8/2017,,,VV2,,67.08537,-50.294131,7441200.458,530669.6124,2017,VV22017,6971,2,8,3,4.462962963,7.03,69.66666667,,,6,2,No,,Peak
21,6/9/2018,6/9/2017,3,East,Airport,3,67.010171,-50.73709,7432667.481,511458.8874,2018,Airport2018,962.5,24,2,2.93,2.45872,7.86,58.44,283.87,E,1,0.341296928,No,0.456,
21,6/8/2017,6/8/2017,,,Vulgaris,12,67.086896,-50.294351,7441370.46,530658.124,2017,Vulgaris2017,12617.75,2,8,3,4.462962963,7.03,69.66666667,,,32,10.66666667,No,0.464,Peak
22,6/9/2018,6/9/2017,3,East,East,1,67.006021,-50.784395,7432196.919,509398.7172,2018,East2018,1455,25,2,2.95,2.4542496,7.76,58.82,283.8,E,0,0,No,0.494,
22,6/9/2017,6/9/2017,,,KISS,5,67.008871,-50.689137,7432532.193,513549.6214,2017,KISS2017,8675,20,9,2.5,3.259259259,7,71,,,2,0.8,No,0.367,Peak
23,6/9/2017,6/9/2017,,,Forest,7,67.031409,-50.587348,7435070.457,517969.6041,2017,Forest2017,2331,16,10,4.22,6.066666667,12.8,28.8,,,10,2.369668246,No,0.463,Peak
23,6/11/2018,6/11/2017,5,East,KISS,5,67.008871,-50.689137,7432532.193,513549.6214,2018,KISS2018,8675,20,3,3.4,2.4855424,14.45,41.68,285.8,E,0,0,No,0.367,
24,6/11/2018,6/11/2017,5,East,East,1,67.006021,-50.784395,7432196.919,509398.7172,2018,East2018,1455,25,3,2.95,2.5391872,14.59,41.17,287.63,E,5,1.694915254,No,0.494,
24,6/9/2017,6/9/2017,,,Golf,6,67.024659,-50.634904,7434305.04,515903.136,2017,Golf2017,3451.5,18,10,4.18,6.066666667,12.8,28.8,,,0,0,No,0.391,Peak
25,6/11/2018,6/11/2017,5,East,Airport,3,67.010171,-50.73709,7432667.481,511458.8874,2018,Airport2018,962.5,24,3,2.97,2.4542496,14.37,41.73,285.05,E,10,3.367003367,No,0.456,
25,6/9/2017,6/9/2017,,,Oil,4,67.018036,-50.719448,7433547.615,512223.8545,2017,Oil2017,11742.1,22,10,3.75,6.041666667,13.5,27.25,,,41,10.93333333,No,0.443,Peak
26,6/9/2017,6/9/2017,,,KISS,5,67.008871,-50.689137,7432532.193,513549.6214,2017,KISS2017,8675,20,10,3.25,7.027777778,13.33333333,27.33333333,,,21,6.461538462,No,0.367,Peak
26,6/11/2018,6/11/2017,5,East,Oil,4,67.018036,-50.719448,7433547.615,512223.8545,2018,Oil2018,11742.1,22,3,2.4,4.35864,15.17,47.63,294.45,E,17,7.083333333,No,0.443,
27,6/11/2018,6/11/2017,5,East,Golf,6,67.024659,-50.634904,7434305.04,515903.136,2018,Golf2018,3451.5,18,3,2.92,2.369312,14.07,42.6,281.49,E,0,0,No,0.391,
27,6/10/2017,6/10/2017,,,Waterfall,8,67.043924,-50.496777,7436494.61,521902.3191,2017,Waterfall2017,8034,12,11,3.37,5.032727273,13.86654545,31.47727273,,,17,5.044510386,No,0.453,Peak
28,6/11/2018,6/11/2017,5,East,Forest,7,67.031409,-50.587348,7435070.457,517969.6041,2018,Forest2018,2331,16,3,3.1,2.2933152,13.86,43.34,279.22,E,0,0,No,0.463,
28,6/10/2017,6/10/2017,,,Waterfall up,,67.047948,-50.500042,7436942.047,521756.6111,2017,Waterfall up2017,402,12,11,3.35,5.056666667,13.82019048,31.68571429,,,12,3.582089552,No,,Peak
29,6/10/2017,6/10/2017,,,Seatomato,,67.055804,-50.456986,7437833.509,523622.593,2017,Seatomato2017,8857,10.8,11,3.33,5.104761905,13.57752381,32.76666667,,,24,7.207207207,No,0.435,Peak
29,6/11/2018,6/11/2017,5,Vulg,Waterfall,8,67.043924,-50.496777,7436494.61,521902.3191,2018,Waterfall2018,8034,12,3,3.08,4.7922688,10.95,44.29,276.64,E,0,0,No,0.453,
30,6/11/2018,6/11/2017,5,Vulg,Camp,9,67.057436,-50.430235,7438025.844,524784.6425,2018,Camp2018,320,8,3,3.17,4.872736,10.53,45.96,272.02,E,0,0,No,0.464,
30,6/11/2017,6/11/2017,,,KISS,5,67.008871,-50.689137,7432532.193,513549.6214,2017,KISS2017,8675,20,12,9.08,5.540123457,12.22222222,54.66666667,,,83,9.140969163,No,0.367,Peak
31,6/11/2018,6/11/2017,5,Vulg,Dispersal,10,67.079312,-50.34343,7440501.684,528534.7943,2018,Dispersal2018,510,5,3,3.27,4.9084992,10.21,47.17,269.37,E,0,0,No,0.485,
31,6/12/2017,6/12/2017,,,KISS,5,67.008871,-50.689137,7432532.193,513549.6214,2017,KISS2017,8675,20,13,5.45,4.016666667,16.4,30.2,,,104,19.08256881,No,0.367,Peak
32,6/11/2018,6/11/2017,5,Vulg,Bunny,11,67.083726,-50.319195,7441005.055,529582.6378,2018,Bunny2018,1050,4,3,3.28,4.9129696,10.12,47.58,268.08,E,0,0,No,0.501,
32,6/12/2017,6/12/2017,,,Oil,4,67.018036,-50.719448,7433547.615,512223.8545,2017,Oil2017,11742.1,22,14,3.45,4.375,16.25,32.5,,,1120,324.6376812,No,0.443,Peak
33,6/12/2017,6/12/2017,,,Golf,6,67.024659,-50.634904,7434305.04,515903.136,2017,Golf2017,3451.5,18,14,3.4,3.944444444,16,33.33333333,,,106,31.17647059,No,0.391,Peak
33,6/11/2018,6/11/2017,5,Vulg,Vulgaris,12,67.086896,-50.294351,7441370.46,530658.124,2018,Vulgaris2018,12617.75,2,3,3.28,4.9084992,10,48,267.55,E,0,0,No,0.464,
34,6/12/2017,6/12/2017,,,Forest,7,67.031409,-50.587348,7435070.457,517969.6041,2017,Forest2017,2331,16,14,3.42,3.944444444,16,33.33333333,,,161,47.07602339,No,0.463,Peak
34,6/13/2018,6/13/2017,7,Vulg,Vulgaris,12,67.086896,-50.294351,7441370.46,530658.124,2018,Vulgaris2018,12617.75,2,5,6.43,2.8699968,8.21,68.7,104.11,W,5,0.777604977,No,0.464,Peak
35,6/13/2018,6/13/2017,7,Vulg,Bunny,11,67.083726,-50.319195,7441005.055,529582.6378,2018,Bunny2018,1050,4,5,6.22,2.9370528,8.18,68.99,103.34,W,4,0.643086817,No,0.501,Peak
35,6/13/2017,6/13/2017,,,KISS,5,67.008871,-50.689137,7432532.193,513549.6214,2017,KISS2017,8675,20,15,4.65,3.605555555,16.6,31.6,,,190,40.86021505,No,0.367,Peak
36,6/13/2018,6/13/2017,7,Vulg,Dispersal,10,67.079312,-50.34343,7440501.684,528534.7943,2018,Dispersal2018,510,5,5,6.07,2.9370528,8.18,68.99,103.34,W,3,0.494233937,No,0.485,Peak
36,6/13/2017,6/13/2017,,,Moz valley,,67.089426,-50.293174,7441653.071,530706.054,2017,Moz valley2017,7469.75,2,16,3.03,4.2275,11.67825,40.575,,,270,89.10891089,No,,Peak
37,6/13/2018,6/13/2017,7,Vulg,Camp,9,67.057436,-50.430235,7438025.844,524784.6425,2018,Camp2018,320,8,5,5.63,2.9370528,8.05,69.77,102.29,W,0,0,No,0.464,
37,6/13/2017,6/13/2017,,,VV2,,67.08537,-50.294131,7441200.458,530669.6124,2017,VV22017,6971,2,16,3.03,4.184736842,11.55421053,41.12105263,,,231,76.23762376,No,,Peak
38,6/13/2017,6/13/2017,,,Vulgaris,12,67.086896,-50.294351,7441370.46,530658.124,2017,Vulgaris2017,12617.75,2,16,3.02,4.184736842,11.55421053,41.12105263,,,61,20.1986755,No,0.464,Peak
38,6/13/2018,6/13/2017,7,Vulg,Waterfall,8,67.043924,-50.496777,7436494.61,521902.3191,2018,Waterfall2018,8034,12,5,4.62,2.7314144,8.01,70.47,105.48,W,0,0,No,0.453,
39,6/13/2017,6/13/2017,,,Bunny,11,67.083726,-50.319195,7441005.055,529582.6378,2017,Bunny2017,1050,4,16,3.02,4.177,11.5182,41.345,,,469,155.2980132,No,0.501,Peak
39,6/13/2018,6/13/2017,7,East,Forest,7,67.031409,-50.587348,7435070.457,517969.6041,2018,Forest2018,2331,16,5,4.27,4.3675808,9.06,60.3,109.06,W,0,0,No,0.463,
40,6/13/2018,6/13/2017,7,East,Golf,6,67.024659,-50.634904,7434305.04,515903.136,2018,Golf2018,3451.5,18,5,4.1,4.3675808,9.06,60.3,109.06,W,0,0,No,0.391,
40,6/14/2017,6/14/2017,,,KISS,5,67.008871,-50.689137,7432532.193,513549.6214,2017,KISS2017,8675,20,17,3.07,5.277777778,15.25,25.75,,,43,14.00651466,No,0.367,Peak
41,6/14/2017,6/14/2017,,,Oil,4,67.018036,-50.719448,7433547.615,512223.8545,2017,Oil2017,11742.1,22,17,3.12,5.277777778,15.25,25.75,,,634,203.2051282,No,0.443,Peak
41,6/13/2018,6/13/2017,7,East,Oil,4,67.018036,-50.719448,7433547.615,512223.8545,2018,Oil2018,11742.1,22,5,3.1,4.626864,9.33,58.93,116.06,W,0,0,No,0.443,
42,6/13/2018,6/13/2017,7,East,Airport,3,67.010171,-50.73709,7432667.481,511458.8874,2018,Airport2018,962.5,24,5,3.1,4.5016928,9.12,59.17,117.77,W,0,0,No,0.456,
42,6/14/2017,6/14/2017,,,Golf,6,67.024659,-50.634904,7434305.04,515903.136,2017,Golf2017,3451.5,18,17,3.17,5.148148148,14.66666667,27.66666667,,,259,81.70347003,No,0.391,Peak
43,6/13/2018,6/13/2017,7,East,East,1,67.006021,-50.784395,7432196.919,509398.7172,2018,East2018,1455,25,5,3.13,4.5016928,9.12,59.17,117.77,W,0,0,No,0.494,
43,6/14/2017,6/14/2017,,,Forest,7,67.031409,-50.587348,7435070.457,517969.6041,2017,Forest2017,2331,16,17,1.32,5.666666667,16,23,,,74,56.06060606,No,0.463,Peak
44,6/13/2018,6/13/2017,7,East,KISS,5,67.008871,-50.689137,7432532.193,513549.6214,2018,KISS2018,8675,20,5,3.03,4.3407584,8.98,59.49,120.77,E,0,0,No,0.367,
44,6/15/2017,6/15/2017,,,Waterfall up,,67.047948,-50.500042,7436942.047,521756.6111,2017,Waterfall up2017,402,12,18,3.32,4.697142857,15.8242381,29.41428571,,,28,8.43373494,No,,Peak
45,6/16/2018,6/16/2017,10,Vulg,Vulgaris,12,67.086896,-50.294351,7441370.46,530658.124,2018,Vulgaris2018,12617.75,2,6,5.62,4.1977056,9.85,49.28,281.12,E,20,3.558718861,No,0.464,Peak
45,6/15/2017,6/15/2017,,,Waterfall,8,67.043924,-50.496777,7436494.61,521902.3191,2017,Waterfall2017,8034,12,18,3.45,4.575,15.35445455,30.55454545,,,141,40.86956522,No,0.453,Peak
46,6/16/2018,6/16/2017,10,Vulg,Bunny,11,67.083726,-50.319195,7441005.055,529582.6378,2018,Bunny2018,1050,4,6,5.68,4.1977056,9.85,49.28,281.12,E,33,5.809859155,No,0.501,Peak
46,6/15/2017,6/15/2017,,,Seatomato,,67.055804,-50.456986,7437833.509,523622.593,2017,Seatomato2017,8857,10.8,18,3.42,4.553333333,15.26766667,30.81428571,,,129,37.71929825,No,0.435,Peak
47,6/16/2018,6/16/2017,10,Vulg,Dispersal,10,67.079312,-50.34343,7440501.684,528534.7943,2018,Dispersal2018,510,5,6,5.68,4.1485312,9.8,49.47,279.74,E,39,6.866197183,No,0.485,Peak
47,6/16/2017,6/16/2017,,,KISS,5,67.008871,-50.689137,7432532.193,513549.6214,2017,KISS2017,8675,20,19,7.5,6.908730159,11.14285714,61,,,62,8.266666667,No,0.367,Peak
48,6/16/2018,6/16/2017,10,Vulg,Camp,9,67.057436,-50.430235,7438025.844,524784.6425,2018,Camp2018,320,8,6,5.72,4.0993568,9.74,49.68,279.14,E,138,24.12587413,No,0.464,Peak
48,6/16/2017,6/16/2017,,,Oil,4,67.018036,-50.719448,7433547.615,512223.8545,2017,Oil2017,11742.1,22,20,3.33,5.833333334,10,65,,,41,12.31231231,No,0.443,Peak
49,6/16/2017,6/16/2017,,,Golf,6,67.024659,-50.634904,7434305.04,515903.136,2017,Golf2017,3451.5,18,20,3.37,5.402777778,9.75,65.25,,,5,1.483679525,No,0.391,Peak
49,6/16/2018,6/16/2017,10,Vulg,Waterfall,8,67.043924,-50.496777,7436494.61,521902.3191,2018,Waterfall2018,8034,12,6,5.73,4.0546528,9.61,50.17,277.43,E,1391,242.7574171,No,0.453,Peak
50,6/16/2017,6/16/2017,,,Forest,7,67.031409,-50.587348,7435070.457,517969.6041,2017,Forest2017,2331,16,20,3.38,5.402777778,9.75,65.25,,,10,2.958579882,No,0.463,Peak
50,6/16/2018,6/16/2017,10,East,Forest,7,67.031409,-50.587348,7435070.457,517969.6041,2018,Forest2018,2331,16,6,5.83,1.430528,12,47.96,274.77,E,234,40.13722127,No,0.463,Peak
51,6/16/2018,6/16/2017,10,East,Golf,6,67.024659,-50.634904,7434305.04,515903.136,2018,Golf2018,3451.5,18,6,5.87,1.430528,12,47.96,274.77,E,154,26.2350937,No,0.391,Peak
51,6/17/2017,6/17/2017,,,KISS,5,67.008871,-50.689137,7432532.193,513549.6214,2017,KISS2017,8675,20,21,4.5,4.116666667,10.4,54.4,,,79,17.55555556,No,0.367,Peak
52,6/17/2017,6/17/2017,,,Moz valley,,67.089426,-50.293174,7441653.071,530706.054,2017,Moz valley2017,7469.75,2,22,3.05,4.026315789,5.758263158,79.85263158,,,0,0,No,,Peak
52,6/16/2018,6/16/2017,10,East,Oil,4,67.018036,-50.719448,7433547.615,512223.8545,2018,Oil2018,11742.1,22,6,5.78,1.385824,11.89,48.47,273.28,E,3001,519.2041522,No,0.443,Peak
53,6/16/2018,6/16/2017,10,East,Airport,3,67.010171,-50.73709,7432667.481,511458.8874,2018,Airport2018,962.5,24,6,5.82,1.385824,11.78,49.01,272.03,E,5142,883.5051546,No,0.456,Peak
53,6/17/2017,6/17/2017,,,VV2,,67.08537,-50.294131,7441200.458,530669.6124,2017,VV22017,6971,2,22,3,3.946842105,5.719,80.06842105,,,0,0,No,,Peak
54,6/16/2018,6/16/2017,10,East,East,1,67.006021,-50.784395,7432196.919,509398.7172,2018,East2018,1455,25,6,5.85,1.385824,11.78,49.01,272.03,E,379,64.78632479,No,0.494,Peak
54,6/17/2017,6/17/2017,,,Vulgaris,12,67.086896,-50.294351,7441370.46,530658.124,2017,Vulgaris2017,12617.75,2,22,3.02,3.951,5.6791,80.215,,,20,6.622516556,No,0.464,Peak
55,6/17/2017,6/17/2017,,,Bunny,11,67.083726,-50.319195,7441005.055,529582.6378,2017,Bunny2017,1050,4,22,3,3.946842105,5.666210526,80.17894737,,,3,1,No,0.501,Peak
55,6/16/2018,6/16/2017,10,East,KISS,5,67.008871,-50.689137,7432532.193,513549.6214,2018,KISS2018,8675,20,6,6.2,1.3768832,11.78,49.05,272.43,E,1040,167.7419355,No,0.367,Peak
56,6/17/2018,6/17/2017,11,East,East,1,67.006021,-50.784395,7432196.919,509398.7172,2018,East2018,1455,25,7,4.6,4.1664128,10.9,59.26,326.76,E,79,17.17391304,No,0.494,Peak
56,6/18/2017,6/18/2017,,,KISS,5,67.008871,-50.689137,7432532.193,513549.6214,2017,KISS2017,8675,20,25,5,2.472222222,13,30.6,,,680,136,No,0.367,Peak
57,6/17/2018,6/17/2017,11,East,Airport,3,67.010171,-50.73709,7432667.481,511458.8874,2018,Airport2018,962.5,24,7,4.62,4.1395904,10.91,59.23,329.16,E,137,29.65367965,No,0.456,Peak
57,6/18/2017,6/18/2017,,,Vulgaris,12,67.086896,-50.294351,7441370.46,530658.124,2017,Vulgaris2017,12617.75,2,26,3.07,5.563157895,9.619789474,50.28421053,,,114,37.13355049,No,0.464,Peak
58,6/18/2017,6/18/2017,,,Bunny,11,67.083726,-50.319195,7441005.055,529582.6378,2017,Bunny2017,1050,4,26,3.2,5.5115,9.54605,50.655,,,56,17.5,No,0.501,Peak
58,6/17/2018,6/17/2017,11,East,Oil,4,67.018036,-50.719448,7433547.615,512223.8545,2018,Oil2018,11742.1,22,7,4.62,4.1395904,10.86,59.5,329.49,E,1221,264.2857143,No,0.443,Peak
59,6/17/2018,6/17/2017,11,East,KISS,5,67.008871,-50.689137,7432532.193,513549.6214,2018,KISS2018,8675,20,7,4.12,4.112768,10.97,58.92,329.67,E,13,3.155339806,No,0.367,Peak
59,6/18/2017,6/18/2017,,,VV2,,67.08537,-50.294131,7441200.458,530669.6124,2017,VV22017,6971,2,26,3.17,5.6375,9.68415,50.01,,,0,0,No,,Peak
60,6/17/2018,6/17/2017,11,East,Golf,6,67.024659,-50.634904,7434305.04,515903.136,2018,Golf2018,3451.5,18,7,4.32,4.0546528,10.73,60.24,330.45,E,98,22.68518519,No,0.391,Peak
60,6/18/2017,6/18/2017,,,Moz valley,,67.089426,-50.293174,7441653.071,530706.054,2017,Moz valley2017,7469.75,2,26,3.53,5.651363636,9.624136364,50.2,,,89,25.21246459,No,,Peak
61,6/17/2018,6/17/2017,11,East,Forest,7,67.031409,-50.587348,7435070.457,517969.6041,2018,Forest2018,2331,16,7,4.28,4.0546528,10.71,60.48,330.45,E,128,29.90654206,No,0.463,Peak
61,6/18/2017,6/18/2017,,,Seatomato,,67.055804,-50.456986,7437833.509,523622.593,2017,Seatomato2017,8857,10.8,26,3.17,4.4545,11.02935,47.56,,,41,12.93375394,No,0.435,Peak
62,6/18/2017,6/18/2017,,,Camp,9,67.057436,-50.430235,7438025.844,524784.6425,2017,Camp2017,320,8,26,5.25,4.136875,10.914875,48.471875,,,143,27.23809524,No,0.464,Peak
62,6/17/2018,6/17/2017,11,Vulg,Waterfall,8,67.043924,-50.496777,7436494.61,521902.3191,2018,Waterfall2018,8034,12,7,4.33,2.302256,10.43,55.29,329.82,E,814,187.9907621,No,0.453,Peak
63,6/17/2018,6/17/2017,11,Vulg,Camp,9,67.057436,-50.430235,7438025.844,524784.6425,2018,Camp2018,320,8,7,4.37,2.2709632,10.35,55.41,329.99,E,532,121.7391304,No,0.464,Peak
63,6/19/2017,6/19/2017,,,KISS,5,67.008871,-50.689137,7432532.193,513549.6214,2017,KISS2017,8675,20,27,6.9,7.273809523,8.142857143,69,,,0,0,No,0.367,Peak
64,6/17/2018,6/17/2017,11,Vulg,Dispersal,10,67.079312,-50.34343,7440501.684,528534.7943,2018,Dispersal2018,510,5,7,4.38,2.0608544,10.19,55.54,323.44,E,232,52.96803653,No,0.485,Peak
64,6/20/2017,6/20/2017,,,KISS,5,67.008871,-50.689137,7432532.193,513549.6214,2017,KISS2017,8675,20,28,4.83,5.044444445,8.4,66.4,,,16,3.3126294,No,0.367,Peak
65,6/17/2018,6/17/2017,11,Vulg,Bunny,11,67.083726,-50.319195,7441005.055,529582.6378,2018,Bunny2018,1050,4,7,4.38,2.0608544,10.19,55.54,323.44,E,740,168.9497717,No,0.501,Peak
65,6/20/2017,6/20/2017,,,Forest,7,67.031409,-50.587348,7435070.457,517969.6041,2017,Forest2017,2331,16,29,3.78,2.569444445,8,74.75,,,202,53.43915344,No,0.463,Peak
66,6/20/2017,6/20/2017,,,Oil,4,67.018036,-50.719448,7433547.615,512223.8545,2017,Oil2017,11742.1,22,29,3.32,2.740740741,8,76,,,289,87.04819277,No,0.443,Peak
66,6/17/2018,6/17/2017,11,Vulg,Vulgaris,12,67.086896,-50.294351,7441370.46,530658.124,2018,Vulgaris2018,12617.75,2,7,4.35,2.0295616,10.09,55.63,318.77,E,324,74.48275862,No,0.464,Peak
67,6/19/2018,6/19/2017,13,East,East,1,67.006021,-50.784395,7432196.919,509398.7172,2018,East2018,1455,25,8,3.25,2.3156672,12.86,57.1,310.4,E,257,79.07692308,No,0.494,Peak
67,6/20/2017,6/20/2017,,,KISS,5,67.008871,-50.689137,7432532.193,513549.6214,2017,KISS2017,8675,20,29,2.68,2.740740741,8,76,,,83,30.97014925,No,0.367,Peak
68,6/19/2018,6/19/2017,13,East,Airport,3,67.010171,-50.73709,7432667.481,511458.8874,2018,Airport2018,962.5,24,8,3.27,2.3156672,12.86,57.1,310.4,E,342,104.587156,No,0.456,Peak
68,6/21/2017,6/21/2017,,,KISS,5,67.008871,-50.689137,7432532.193,513549.6214,2017,KISS2017,8675,20,30,5.63,4.116666667,9.6,51.2,,,41,7.282415631,No,0.367,Peak
69,6/21/2017,6/21/2017,,,Oil,4,67.018036,-50.719448,7433547.615,512223.8545,2017,Oil2017,11742.1,22,31,3.33,4.375,9.25,55.25,,,29,8.708708709,No,0.443,Peak
69,6/19/2018,6/19/2017,13,East,Oil,4,67.018036,-50.719448,7433547.615,512223.8545,2018,Oil2018,11742.1,22,8,3.02,2.1279104,12.65,57.99,313.32,E,1226,405.9602649,No,0.443,Peak
70,6/21/2017,6/21/2017,,,Golf,6,67.024659,-50.634904,7434305.04,515903.136,2017,Golf2017,3451.5,18,31,3.42,4.375,9.25,55.25,,,6,1.754385965,No,0.391,Peak
70,6/19/2018,6/19/2017,13,East,KISS,5,67.008871,-50.689137,7432532.193,513549.6214,2018,KISS2018,8675,20,8,2.6,2.2262592,12.81,57.18,315.83,E,17,6.538461538,No,0.367,Peak
71,6/21/2017,6/21/2017,,,Forest,7,67.031409,-50.587348,7435070.457,517969.6041,2017,Forest2017,2331,16,31,3.42,4.62962963,9,59.33333333,,,15,4.385964912,No,0.463,Peak
71,6/19/2018,6/19/2017,13,East,Golf,6,67.024659,-50.634904,7434305.04,515903.136,2018,Golf2018,3451.5,18,8,3,1.7032224,12.25,59.72,313.26,E,40,13.33333333,No,0.391,Peak
72,6/19/2018,6/19/2017,13,East,Forest,7,67.031409,-50.587348,7435070.457,517969.6041,2018,Forest2018,2331,16,8,3,1.7032224,12.25,59.72,313.26,E,123,41,No,0.463,Peak
72,6/21/2017,6/21/2017,,,Waterfall up,,67.047948,-50.500042,7436942.047,521756.6111,2017,Waterfall up2017,402,12,31,3.4,3.865454545,8.174045455,59.45,,,7,2.058823529,No,,Peak
73,6/21/2017,6/21/2017,,,Waterfall,8,67.043924,-50.496777,7436494.61,521902.3191,2017,Waterfall2017,8034,12,31,3.3,3.6985,8.1458,59.515,,,8,2.424242424,No,0.453,Peak
73,6/19/2018,6/19/2017,13,Vulg,Waterfall,8,67.043924,-50.496777,7436494.61,521902.3191,2018,Waterfall2018,8034,12,8,3.03,3.4913824,13.51,35.38,310.53,E,975,321.7821782,No,0.453,Peak
74,6/19/2018,6/19/2017,13,Vulg,Camp,9,67.057436,-50.430235,7438025.844,524784.6425,2018,Camp2018,320,8,8,0.83,2.816352,9.98,45.03,238.96,E,46,55.42168675,No,0.464,Peak
74,6/22/2017,6/22/2017,,,KISS,5,67.008871,-50.689137,7432532.193,513549.6214,2017,KISS2017,8675,20,32,7.25,2.281746032,12.42857143,42,,,93,12.82758621,No,0.367,Peak
75,6/19/2018,6/19/2017,13,Vulg,Dispersal,10,67.079312,-50.34343,7440501.684,528534.7943,2018,Dispersal2018,510,5,8,3.12,3.2723328,12.74,37.1,296.16,E,867,277.8846154,No,0.485,Peak
75,6/22/2017,6/22/2017,,,Seatomato,,67.055804,-50.456986,7437833.509,523622.593,2017,Seatomato2017,8857,10.8,33,3.5,4.805,13.20504545,42.93636364,,,241,68.85714286,No,0.435,Peak
76,6/19/2018,6/19/2017,13,Vulg,Bunny,11,67.083726,-50.319195,7441005.055,529582.6378,2018,Bunny2018,1050,4,8,3.12,3.2723328,12.74,37.1,296.16,E,646,207.0512821,No,0.501,Peak
76,6/22/2017,6/22/2017,,,Moz valley,,67.089426,-50.293174,7441653.071,530706.054,2017,Moz valley2017,7469.75,2,33,3.45,3.883333333,10.91590476,48,,,63,18.26086957,No,,Peak
77,6/19/2018,6/19/2017,13,Vulg,Vulgaris,12,67.086896,-50.294351,7441370.46,530658.124,2018,Vulgaris2018,12617.75,2,8,3.13,3.1471616,12.65,37.27,293.71,E,550,175.7188498,No,0.464,Peak
77,6/22/2017,6/22/2017,,,VV2,,67.08537,-50.294131,7441200.458,530669.6124,2017,VV22017,6971,2,33,3.58,3.660909091,10.73390909,48.64545455,,,293,81.84357542,No,,Peak
78,6/22/2017,6/22/2017,,,Vulgaris,12,67.086896,-50.294351,7441370.46,530658.124,2017,Vulgaris2017,12617.75,2,33,3.58,3.545652174,10.68173913,48.83478261,,,410,114.5251397,No,0.464,Peak
78,6/21/2018,6/21/2017,15,Vulg,Vulgaris,12,67.086896,-50.294351,7441370.46,530658.124,2018,Vulgaris2018,12617.75,2,9,4.02,2.838704,9.73,65.78,319.23,E,1613,401.2437811,No,0.464,Peak
79,6/22/2017,6/22/2017,,,Bunny,11,67.083726,-50.319195,7441005.055,529582.6378,2017,Bunny2017,1050,4,33,3.67,3.545652174,10.68173913,48.83478261,,,88,23.97820163,No,0.501,Peak
79,6/21/2018,6/21/2017,15,Vulg,Bunny,11,67.083726,-50.319195,7441005.055,529582.6378,2018,Bunny2018,1050,4,9,4.03,2.7224736,9.66,66.32,319.49,E,3160,784.1191067,No,0.501,Peak
80,6/22/2017,6/22/2017,,,Camp,9,67.057436,-50.430235,7438025.844,524784.6425,2017,Camp2017,320,8,33,3.58,4.393181818,12.30204545,45.60909091,,,9,2.51396648,No,0.464,Peak
80,6/21/2018,6/21/2017,15,Vulg,Dispersal,10,67.079312,-50.34343,7440501.684,528534.7943,2018,Dispersal2018,510,5,9,3.98,2.592832,9.5,67.33,318.83,E,2111,530.4020101,No,0.485,Peak
81,6/21/2018,6/21/2017,15,Vulg,Camp,9,67.057436,-50.430235,7438025.844,524784.6425,2018,Camp2018,320,8,9,4,2.4631904,9.33,68.39,318.03,E,2227,556.75,No,0.464,Peak
81,6/23/2017,6/23/2017,,,KISS,5,67.008871,-50.689137,7432532.193,513549.6214,2017,KISS2017,8675,20,34,7.5,3.753968254,12,49.85714286,,,102,13.6,No,0.367,Peak
82,6/23/2017,6/23/2017,,,Forest,7,67.031409,-50.587348,7435070.457,517969.6041,2017,Forest2017,2331,16,35,3.07,2.75,12.66666667,47.33333333,,,367,119.5439739,No,0.463,Peak
82,6/21/2018,6/21/2017,15,Vulg,Waterfall,8,67.043924,-50.496777,7436494.61,521902.3191,2018,Waterfall2018,8034,12,9,4.02,2.212848,9.11,69.92,316.49,E,550,136.8159204,No,0.453,Peak
83,6/21/2018,6/21/2017,15,East,Forest,7,67.031409,-50.587348,7435070.457,517969.6041,2018,Forest2018,2331,16,9,3.98,2.5168352,10.13,67.45,314.37,E,198,49.74874372,No,0.463,Peak
83,6/23/2017,6/23/2017,,,Golf,6,67.024659,-50.634904,7434305.04,515903.136,2017,Golf2017,3451.5,18,35,3.12,2.75,12.66666667,47.33333333,,,295,94.55128205,No,0.391,Peak
84,6/21/2018,6/21/2017,15,East,Golf,6,67.024659,-50.634904,7434305.04,515903.136,2018,Golf2018,3451.5,18,9,3.98,2.5168352,10.13,67.45,314.37,E,35,8.793969849,No,0.391,Peak
84,6/23/2017,6/23/2017,,,Oil,4,67.018036,-50.719448,7433547.615,512223.8545,2017,Oil2017,11742.1,22,35,3.1,2.75,12.66666667,47.33333333,,,672,216.7741935,No,0.443,Peak
85,6/24/2017,6/24/2017,,,KISS,5,67.008871,-50.689137,7432532.193,513549.6214,2017,KISS2017,8675,20,36,6.67,3.753968254,14.28571429,44.57142857,,,194,29.08545727,No,0.367,Peak
85,6/21/2018,6/21/2017,15,East,Oil,4,67.018036,-50.719448,7433547.615,512223.8545,2018,Oil2018,11742.1,22,9,3.97,2.4497792,10.03,67.72,313.29,E,876,220.6549118,No,0.443,Peak
86,6/21/2018,6/21/2017,15,East,Airport,3,67.010171,-50.73709,7432667.481,511458.8874,2018,Airport2018,962.5,24,9,3.98,2.4184864,9.94,67.77,311.37,E,267,67.08542714,No,0.456,Peak
86,6/24/2017,6/24/2017,,,Waterfall up,,67.047948,-50.500042,7436942.047,521756.6111,2017,Waterfall up2017,402,12,37,3.42,3.798636364,15.37477273,38.82727273,,,55,16.08187135,No,,Peak
87,6/21/2018,6/21/2017,15,East,East,1,67.006021,-50.784395,7432196.919,509398.7172,2018,East2018,1455,25,9,3.95,2.4184864,9.94,67.77,311.37,E,145,36.70886076,No,0.494,Peak
87,6/24/2017,6/24/2017,,,Waterfall,8,67.043924,-50.496777,7436494.61,521902.3191,2017,Waterfall2017,8034,12,37,3.52,3.798636364,15.18190909,39.20454545,,,164,46.59090909,No,0.453,Peak
88,6/21/2018,6/21/2017,15,East,KISS,5,67.008871,-50.689137,7432532.193,513549.6214,2018,KISS2018,8675,20,9,3.9,2.34696,9.76,68.38,306.89,E,178,45.64102564,No,0.367,Peak
88,6/24/2017,6/24/2017,,,Seatomato,,67.055804,-50.456986,7437833.509,523622.593,2017,Seatomato2017,8857,10.8,37,3.35,3.867272727,14.97904545,39.59545455,,,24,7.164179104,No,0.435,Peak
89,6/24/2017,6/24/2017,,,Moz valley,,67.089426,-50.293174,7441653.071,530706.054,2017,Moz valley2017,7469.75,2,37,3.33,2.732380952,13.15090476,41.26190476,,,115,34.53453453,No,,Peak
89,6/24/2018,6/24/2017,18,Vulg,Vulgaris,12,67.086896,-50.294351,7441370.46,530658.124,2018,Vulgaris2018,12617.75,2,10,5.42,4.9129696,10.53,48.41,281.96,E,625,115.3136531,No,0.464,Peak
90,6/24/2018,6/24/2017,18,Vulg,Bunny,11,67.083726,-50.319195,7441005.055,529582.6378,2018,Bunny2018,1050,4,10,5.42,4.8906176,10.49,48.48,280.75,E,192,35.42435424,No,0.501,Peak
90,6/24/2017,6/24/2017,,,Vulgaris,12,67.086896,-50.294351,7441370.46,530658.124,2017,Vulgaris2017,12617.75,2,37,3.53,2.676818182,12.90277273,41.63181818,,,518,146.7422096,No,0.464,Peak
91,6/24/2018,6/24/2017,18,Vulg,Dispersal,10,67.079312,-50.34343,7440501.684,528534.7943,2018,Dispersal2018,510,5,10,5.43,4.7699168,10.44,48.74,280.65,E,1791,329.8342541,No,0.485,Peak
91,6/24/2017,6/24/2017,,,VV2,,67.08537,-50.294131,7441200.458,530669.6124,2017,VV22017,6971,2,37,3.35,2.636666667,12.88247619,41.67142857,,,175,52.23880597,No,,Peak
92,6/24/2017,6/24/2017,,,Bunny,11,67.083726,-50.319195,7441005.055,529582.6378,2017,Bunny2017,1050,4,37,3.43,2.654090909,12.78604545,41.77272727,,,177,51.60349854,No,0.501,Peak
92,6/24/2018,6/24/2017,18,Vulg,Camp,9,67.057436,-50.430235,7438025.844,524784.6425,2018,Camp2018,320,8,10,5.35,4.6179232,10.29,49.12,278.9,E,110,20.56074766,No,0.464,Peak
93,6/24/2017,6/24/2017,,,Camp,9,67.057436,-50.430235,7438025.844,524784.6425,2017,Camp2017,320,8,37,3.42,3.5,13.93038095,41.83333333,,,195,57.01754386,No,0.464,Peak
93,6/24/2018,6/24/2017,18,East,Forest,7,67.031409,-50.587348,7435070.457,517969.6041,2018,Forest2018,2331,16,10,5.48,3.2812736,13.74,43.55,276.42,E,270,49.27007299,No,0.463,Peak
94,6/24/2018,6/24/2017,18,East,Golf,6,67.024659,-50.634904,7434305.04,515903.136,2018,Golf2018,3451.5,18,10,5.55,3.2544512,13.66,43.76,275.94,E,5,0.900900901,No,0.391,Peak
94,6/25/2017,6/25/2017,,,Waterfall up,,67.047948,-50.500042,7436942.047,521756.6111,2017,Waterfall up2017,402,12,38,3.12,4.291052632,18.07547368,31.47368421,,,14,4.487179487,No,,Peak
95,6/24/2018,6/24/2017,18,East,Oil,4,67.018036,-50.719448,7433547.615,512223.8545,2018,Oil2018,11742.1,22,10,5.58,3.1873952,13.52,44.06,275.56,E,321,57.52688172,No,0.443,Peak
95,6/25/2017,6/25/2017,,,Waterfall,8,67.043924,-50.496777,7436494.61,521902.3191,2017,Waterfall2017,8034,12,38,3.37,4.193809524,17.82195238,31.71428571,,,161,47.77448071,No,0.453,Peak
96,6/24/2018,6/24/2017,18,East,Airport,3,67.010171,-50.73709,7432667.481,511458.8874,2018,Airport2018,962.5,24,10,5.58,3.1873952,13.46,44.15,275.43,E,152,27.24014337,No,0.456,Peak
96,6/25/2017,6/25/2017,,,Seatomato,,67.055804,-50.456986,7437833.509,523622.593,2017,Seatomato2017,8857,10.8,38,3.2,4.05,17.57452381,32.09047619,,,193,60.3125,No,0.435,Peak
97,6/24/2018,6/24/2017,18,East,East,1,67.006021,-50.784395,7432196.919,509398.7172,2018,East2018,1455,25,10,5.6,3.1426912,13.37,44.41,275.04,E,8,1.428571429,No,0.494,Peak
97,6/26/2017,6/26/2017,,,Oil,4,67.018036,-50.719448,7433547.615,512223.8545,2017,Oil2017,11742.1,22,39,3.17,5.833333334,19.66666667,25,,,123,38.80126183,No,0.443,Peak
98,6/26/2017,6/26/2017,,,Golf,6,67.024659,-50.634904,7434305.04,515903.136,2017,Golf2017,3451.5,18,39,3.27,5.833333334,19.66666667,25,,,63,19.26605505,No,0.391,Peak
98,6/24/2018,6/24/2017,18,East,KISS,5,67.008871,-50.689137,7432532.193,513549.6214,2018,KISS2018,8675,20,10,5.62,3.1158688,13.19,44.82,276.14,E,1868,332.3843416,No,0.367,Peak
99,6/27/2018,6/27/2017,21,East,East,1,67.006021,-50.784395,7432196.919,509398.7172,2018,East2018,1455,25,11,4.13,3.7059616,17.04,27.2,316.13,E,138,33.41404358,No,0.494,Peak
99,6/26/2017,6/26/2017,,,Forest,7,67.031409,-50.587348,7435070.457,517969.6041,2017,Forest2017,2331,16,39,3.28,5.833333334,19.66666667,25,,,70,21.34146341,No,0.463,Peak
100,6/26/2017,6/26/2017,,,KISS,5,67.008871,-50.689137,7432532.193,513549.6214,2017,KISS2017,8675,20,39,3,5.833333334,19.66666667,25,,,14,4.666666667,No,0.367,Peak
100,6/27/2018,6/27/2017,21,East,Oil,4,67.018036,-50.719448,7433547.615,512223.8545,2018,Oil2018,11742.1,22,11,4.08,3.6746688,16.98,27.15,316.51,E,63,15.44117647,No,0.443,Peak
101,6/27/2018,6/27/2017,21,East,Airport,3,67.010171,-50.73709,7432667.481,511458.8874,2018,Airport2018,962.5,24,11,4.1,3.6746688,16.98,27.15,316.51,E,11,2.682926829,No,0.456,Peak
101,6/27/2017,6/27/2017,,,KISS,5,67.008871,-50.689137,7432532.193,513549.6214,2017,KISS2017,8675,20,40,6.5,8.015873016,14,55.28571429,,,0,0,No,0.367,Peak
102,6/27/2018,6/27/2017,21,East,KISS,5,67.008871,-50.689137,7432532.193,513549.6214,2018,KISS2018,8675,20,11,3.48,3.643376,17.07,26.97,316.46,E,302,86.7816092,No,0.367,Peak
102,6/28/2017,6/28/2017,,,Moz valley,,67.089426,-50.293174,7441653.071,530706.054,2017,Moz valley2017,7469.75,2,41,3.25,4.625714286,12.09219048,51.03809524,,,55,16.92307692,No,,Peak
103,6/27/2018,6/27/2017,21,East,Golf,6,67.024659,-50.634904,7434305.04,515903.136,2018,Golf2018,3451.5,18,11,3.65,3.6254944,16.87,26.87,315.77,E,15,4.109589041,No,0.391,Peak
103,6/28/2017,6/28/2017,,,VV2,,67.08537,-50.294131,7441200.458,530669.6124,2017,VV22017,6971,2,41,3.2,4.6555,12.0039,51.22,,,28,8.75,No,,Peak
104,6/27/2018,6/27/2017,21,East,Forest,7,67.031409,-50.587348,7435070.457,517969.6041,2018,Forest2018,2331,16,11,3.6,3.6031424,16.83,26.82,315.7,E,30,8.333333333,No,0.463,Peak
104,6/28/2017,6/28/2017,,,Vulgaris,12,67.086896,-50.294351,7441370.46,530658.124,2017,Vulgaris2017,12617.75,2,41,3.2,4.63,11.85105,51.64,,,37,11.5625,No,0.464,Peak
105,6/28/2017,6/28/2017,,,Bunny,11,67.083726,-50.319195,7441005.055,529582.6378,2017,Bunny2017,1050,4,41,3.23,4.577142857,11.75828571,51.92380952,,,149,46.13003096,No,0.501,Peak
105,6/27/2018,6/27/2017,21,Vulg,Waterfall,8,67.043924,-50.496777,7436494.61,521902.3191,2018,Waterfall2018,8034,12,11,3.4,7.1839328,13.51,30.67,314.3,E,65,19.11764706,No,0.453,Peak
106,6/28/2017,6/28/2017,,,Camp,9,67.057436,-50.430235,7438025.844,524784.6425,2017,Camp2017,320,8,41,3.18,3.8755,13.4151,49.3,,,555,174.5283019,No,0.464,Peak
106,6/27/2018,6/27/2017,21,Vulg,Camp,9,67.057436,-50.430235,7438025.844,524784.6425,2018,Camp2018,320,8,11,3.37,7.063232,13.4,30.79,312.98,E,27,8.011869436,No,0.464,Peak
107,6/27/2018,6/27/2017,21,Vulg,Dispersal,10,67.079312,-50.34343,7440501.684,528534.7943,2018,Dispersal2018,510,5,11,3.35,6.6743072,13.29,31.02,310.75,E,132,39.40298507,No,0.485,Peak
107,6/28/2017,6/28/2017,,,Seatomato,,67.055804,-50.456986,7437833.509,523622.593,2017,Seatomato2017,8857,10.8,41,3.2,3.775,13.23395,49.845,,,428,133.75,No,0.435,Peak
108,6/27/2018,6/27/2017,21,Vulg,Bunny,11,67.083726,-50.319195,7441005.055,529582.6378,2018,Bunny2018,1050,4,11,3.32,6.6743072,13.29,31.02,310.75,E,47,14.15662651,No,0.501,Peak
108,6/28/2017,6/28/2017,,,Waterfall,8,67.043924,-50.496777,7436494.61,521902.3191,2017,Waterfall2017,8034,12,41,3.15,3.6745,13.06705,50.35,,,418,132.6984127,No,0.453,Peak
109,6/27/2018,6/27/2017,21,Vulg,Vulgaris,12,67.086896,-50.294351,7441370.46,530658.124,2018,Vulgaris2018,12617.75,2,11,3.3,6.5223136,13.13,31.5,309.01,E,105,31.81818182,No,0.464,Peak
109,6/28/2017,6/28/2017,,,Waterfall up,,67.047948,-50.500042,7436942.047,521756.6111,2017,Waterfall up2017,402,12,41,3.17,3.624,12.88805,50.935,,,220,69.40063091,No,,Peak
110,6/28/2017,6/28/2017,,,Forest,7,67.031409,-50.587348,7435070.457,517969.6041,2017,Forest2017,2331,16,41,3.17,5.270833334,11.75,59,,,264,83.2807571,No,0.463,Peak
110,6/30/2018,6/30/2017,24,East,KISS,5,67.008871,-50.689137,7432532.193,513549.6214,2018,KISS2018,8675,20,12,3.72,3.196336,12.99,40.87,256.63,E,594,159.6774194,No,0.367,Peak
111,6/30/2018,6/30/2017,24,East,East,1,67.006021,-50.784395,7432196.919,509398.7172,2018,East2018,1455,25,12,3.98,2.972816,12.44,44.05,256.05,E,236,59.29648241,No,0.494,Peak
111,6/28/2017,6/28/2017,,,Golf,6,67.024659,-50.634904,7434305.04,515903.136,2017,Golf2017,3451.5,18,41,3.22,5.270833334,11.75,59,,,83,25.77639752,No,0.391,Peak
112,6/30/2018,6/30/2017,24,East,Airport,3,67.010171,-50.73709,7432667.481,511458.8874,2018,Airport2018,962.5,24,12,4,2.972816,12.44,44.05,256.05,E,126,31.5,No,0.456,Peak
112,6/28/2017,6/28/2017,,,Oil,4,67.018036,-50.719448,7433547.615,512223.8545,2017,Oil2017,11742.1,22,41,3.17,5.138888889,11.66666667,59.33333333,,,771,243.2176656,No,0.443,Peak
113,6/28/2017,6/28/2017,,,KISS,5,67.008871,-50.689137,7432532.193,513549.6214,2017,KISS2017,8675,20,41,3.17,5.138888889,11.66666667,59.33333333,,,47,14.82649842,No,0.367,Peak
113,6/30/2018,6/30/2017,24,East,Oil,4,67.018036,-50.719448,7433547.615,512223.8545,2018,Oil2018,11742.1,22,12,4,2.90576,12.2,45.39,255.17,E,267,66.75,No,0.443,Peak
114,6/30/2018,6/30/2017,24,East,Golf,6,67.024659,-50.634904,7434305.04,515903.136,2018,Golf2018,3451.5,18,12,4.02,2.8878784,12.08,46.3,255.85,E,5,1.243781095,No,0.391,Peak
114,6/29/2017,6/29/2017,,,KISS,5,67.008871,-50.689137,7432532.193,513549.6214,2017,KISS2017,8675,20,42,3.13,5.277777778,13.5,49.5,,,59,18.84984026,No,0.367,Peak
115,6/30/2018,6/30/2017,24,East,Forest,7,67.031409,-50.587348,7435070.457,517969.6041,2018,Forest2018,2331,16,12,4.05,2.8431744,11.98,46.8,256.52,E,79,19.50617284,No,0.463,Peak
115,6/29/2017,6/29/2017,,,Oil,4,67.018036,-50.719448,7433547.615,512223.8545,2017,Oil2017,11742.1,22,42,3.18,5.277777778,13.5,49.5,,,98,30.81761006,No,0.443,Peak
116,6/29/2017,6/29/2017,,,Golf,6,67.024659,-50.634904,7434305.04,515903.136,2017,Golf2017,3451.5,18,42,3.17,5.277777778,13.5,49.5,,,11,3.470031546,No,0.391,Peak
116,6/30/2018,6/30/2017,24,Vulg,Waterfall,8,67.043924,-50.496777,7436494.61,521902.3191,2018,Waterfall2018,8034,12,12,4,2.4944832,8.86,64.47,258.45,E,204,51,No,0.453,Peak
117,6/30/2018,6/30/2017,24,Vulg,Camp,9,67.057436,-50.430235,7438025.844,524784.6425,2018,Camp2018,320,8,12,4.05,2.3603712,8.64,65.65,254.3,E,88,21.72839506,No,0.464,Peak
117,6/29/2017,6/29/2017,,,Forest,7,67.031409,-50.587348,7435070.457,517969.6041,2017,Forest2017,2331,16,42,3.17,5.324074074,13,51,,,32,10.09463722,No,0.463,Peak
118,6/30/2018,6/30/2017,24,Vulg,Dispersal,10,67.079312,-50.34343,7440501.684,528534.7943,2018,Dispersal2018,510,5,12,4.02,2.0653248,8.45,66.62,259.06,E,777,193.2835821,No,0.485,Peak
118,6/29/2017,6/29/2017,,,Waterfall up,,67.047948,-50.500042,7436942.047,521756.6111,2017,Waterfall up2017,402,12,42,3.15,6.3175,12.33415,52.755,,,2,0.634920635,No,,Peak
119,6/30/2018,6/30/2017,24,Vulg,Bunny,11,67.083726,-50.319195,7441005.055,529582.6378,2018,Bunny2018,1050,4,12,4.02,2.0653248,8.45,66.62,259.06,E,608,151.2437811,No,0.501,Peak
119,6/29/2017,6/29/2017,,,Waterfall,8,67.043924,-50.496777,7436494.61,521902.3191,2017,Waterfall2017,8034,12,42,3.17,6.2165,12.1341,53.27,,,8,2.523659306,No,0.453,Peak
120,6/29/2017,6/29/2017,,,Seatomato,,67.055804,-50.456986,7437833.509,523622.593,2017,Seatomato2017,8857,10.8,42,3.2,6.116,11.9157,53.81,,,75,23.4375,No,0.435,Peak
120,6/30/2018,6/30/2017,24,Vulg,Vulgaris,12,67.086896,-50.294351,7441370.46,530658.124,2018,Vulgaris2018,12617.75,2,12,4,2.0653248,8.45,66.62,259.06,E,320,80,No,0.464,Peak
121,6/29/2017,6/29/2017,,,Camp,9,67.057436,-50.430235,7438025.844,524784.6425,2017,Camp2017,320,8,42,3.2,5.99,11.71035,54.31,,,62,19.375,No,0.464,Peak
121,7/2/2018,7/2/2017,26,East,East,1,67.006021,-50.784395,7432196.919,509398.7172,2018,East2018,1455,25,13,4.7,3.4153856,11.96,54.92,282.48,E,45,9.574468085,No,0.494,Peak
122,7/2/2018,7/2/2017,26,East,Airport,3,67.010171,-50.73709,7432667.481,511458.8874,2018,Airport2018,962.5,24,13,4.7,3.4243264,11.89,54.99,283.36,E,43,9.14893617,No,0.456,Peak
122,6/29/2017,6/29/2017,,,Bunny,11,67.083726,-50.319195,7441005.055,529582.6378,2017,Bunny2017,1050,4,42,3.2,5.0835,8.5347,63.72,,,38,11.875,No,0.501,Peak
123,7/2/2018,7/2/2017,26,East,Oil,4,67.018036,-50.719448,7433547.615,512223.8545,2018,Oil2018,11742.1,22,13,4.7,3.4243264,11.89,54.99,283.36,E,20,4.255319149,No,0.443,Peak
123,6/29/2017,6/29/2017,,,VV2,,67.08537,-50.294131,7441200.458,530669.6124,2017,VV22017,6971,2,42,3.22,4.913333333,8.32052381,64.3952381,,,0,0,No,,Peak
124,7/2/2018,7/2/2017,26,East,Golf,6,67.024659,-50.634904,7434305.04,515903.136,2018,Golf2018,3451.5,18,13,4.25,3.4466784,11.45,55.88,284.62,E,2,0.470588235,No,0.391,Peak
124,6/29/2017,6/29/2017,,,Vulgaris,12,67.086896,-50.294351,7441370.46,530658.124,2017,Vulgaris2017,12617.75,2,42,3.22,4.857,8.24875,64.595,,,7,2.173913043,No,0.464,Peak
125,7/2/2018,7/2/2017,26,East,Forest,7,67.031409,-50.587348,7435070.457,517969.6041,2018,Forest2018,2331,16,13,4.25,3.4377376,11.34,56.1,284.44,E,51,12,No,0.463,Peak
125,6/29/2017,6/29/2017,,,Moz valley,,67.089426,-50.293174,7441653.071,530706.054,2017,Moz valley2017,7469.75,2,42,3.18,4.857,8.24875,64.595,,,44,13.83647799,No,,Peak
126,6/30/2017,6/30/2017,,,Oil,4,67.018036,-50.719448,7433547.615,512223.8545,2017,Oil2017,11742.1,22,43,5.62,4.627777778,12,44,,,30,5.338078292,No,0.443,Peak
126,7/2/2018,7/2/2017,26,Vulg,Waterfall,8,67.043924,-50.496777,7436494.61,521902.3191,2018,Waterfall2018,8034,12,13,4.27,3.173984,9.36,58.5,284.33,E,50,11.70960187,No,0.453,Peak
127,7/2/2018,7/2/2017,26,Vulg,Camp,9,67.057436,-50.430235,7438025.844,524784.6425,2018,Camp2018,320,8,13,4.57,2.972816,9.08,58.98,283.26,E,18,3.938730853,No,0.464,Peak
127,7/2/2017,7/2/2017,,,Moz valley,,67.089426,-50.293174,7441653.071,530706.054,2017,Moz valley2017,7469.75,2,44,3.45,7.229545455,5.577818182,49.8,,,1,0.289855072,No,,
128,7/2/2018,7/2/2017,26,Vulg,Bunny,11,67.083726,-50.319195,7441005.055,529582.6378,2018,Bunny2018,1050,4,13,4.73,2.8118816,8.69,59.6,282.72,E,25,5.285412262,No,0.501,Peak
128,7/2/2017,7/2/2017,,,VV2,,67.08537,-50.294131,7441200.458,530669.6124,2017,VV22017,6971,2,44,3.5,7.389545455,5.574318182,48.66363636,,,0,0,No,,
129,7/2/2017,7/2/2017,,,Vulgaris,12,67.086896,-50.294351,7441370.46,530658.124,2017,Vulgaris2017,12617.75,2,44,3.47,7.504090909,5.556681818,47.56363636,,,0,0,No,0.464,
129,7/2/2018,7/2/2017,26,Vulg,Vulgaris,12,67.086896,-50.294351,7441370.46,530658.124,2018,Vulgaris2018,12617.75,2,13,4.72,2.7537664,8.53,59.87,282.24,E,119,25.21186441,No,0.464,Peak
130,7/2/2017,7/2/2017,,,Bunny,11,67.083726,-50.319195,7441005.055,529582.6378,2017,Bunny2017,1050,4,44,3.48,7.504090909,5.556681818,47.56363636,,,0,0,No,0.501,
130,7/2/2018,7/2/2017,26,Vulg,Dispersal,10,67.079312,-50.34343,7440501.684,528534.7943,2018,Dispersal2018,510,5,13,4.25,2.7805888,8.74,59.39,283.04,E,384,90.35294118,No,0.485,Peak
131,7/2/2017,7/2/2017,,,Camp,9,67.057436,-50.430235,7438025.844,524784.6425,2017,Camp2017,320,8,44,3.37,7.618181818,6.403681818,42.99090909,,,0,0,No,0.464,
131,7/2/2018,7/2/2017,26,East,KISS,5,67.008871,-50.689137,7432532.193,513549.6214,2018,KISS2018,8675,20,13,4.5,3.3438592,9.13,61.1,277.79,E,254,56.44444444,No,0.367,Peak
132,7/2/2017,7/2/2017,,,Seatomato,,67.055804,-50.456986,7437833.509,523622.593,2017,Seatomato2017,8857,10.8,44,3.43,7.503636364,6.295863636,43.01363636,,,0,0,No,0.435,
132,7/5/2018,7/5/2017,29,Vulg,Vulgaris,12,67.086896,-50.294351,7441370.46,530658.124,2018,Vulgaris2018,12617.75,2,14,3.82,6.213856,10.2,54.46,282.57,E,0,0,No,0.464,
133,7/5/2018,7/5/2017,29,Vulg,Bunny,11,67.083726,-50.319195,7441005.055,529582.6378,2018,Bunny2018,1050,4,14,3.83,6.213856,10.2,54.46,282.57,E,0,0,No,0.501,
133,7/2/2017,7/2/2017,,,Waterfall,8,67.043924,-50.496777,7436494.61,521902.3191,2017,Waterfall2017,8034,12,44,3.45,7.275,6.203954545,42.99545455,,,0,0,No,0.453,
134,7/5/2018,7/5/2017,29,Vulg,Dispersal,10,67.079312,-50.34343,7440501.684,528534.7943,2018,Dispersal2018,510,5,14,3.83,6.213856,10.2,54.46,282.57,E,17,4.438642298,No,0.485,
134,7/2/2017,7/2/2017,,,Waterfall up,,67.047948,-50.500042,7436942.047,521756.6111,2017,Waterfall up2017,402,12,44,3.47,7.160909091,6.109909091,43.1,,,0,0,No,,
135,7/5/2018,7/5/2017,29,Vulg,Camp,9,67.057436,-50.430235,7438025.844,524784.6425,2018,Camp2018,320,8,14,3.85,6.213856,10.03,54.28,280.53,E,0,0,No,0.464,
135,7/2/2017,7/2/2017,,,Forest,7,67.031409,-50.587348,7435070.457,517969.6041,2017,Forest2017,2331,16,44,3.47,7.847222222,6.5,41.75,,,0,0,No,0.463,
136,7/2/2017,7/2/2017,,,Golf,6,67.024659,-50.634904,7434305.04,515903.136,2017,Golf2017,3451.5,18,44,3.47,7.847222222,6.5,41.75,,,0,0,No,0.391,
136,7/5/2018,7/5/2017,29,Vulg,Waterfall,8,67.043924,-50.496777,7436494.61,521902.3191,2018,Waterfall2018,8034,12,14,3.92,6.1110368,9.94,54.36,280.01,E,2,0.510204082,No,0.453,
137,7/5/2018,7/5/2017,29,East,Forest,7,67.031409,-50.587348,7435070.457,517969.6041,2018,Forest2018,2331,16,14,3.95,3.2276288,12.41,49.91,279.77,E,1,0.253164557,No,0.463,
137,7/2/2017,7/2/2017,,,Oil,4,67.018036,-50.719448,7433547.615,512223.8545,2017,Oil2017,11742.1,22,44,3.47,7.37962963,6.333333333,42.66666667,,,0,0,No,0.443,
138,7/5/2018,7/5/2017,29,East,Golf,6,67.024659,-50.634904,7434305.04,515903.136,2018,Golf2018,3451.5,18,14,3.95,3.263392,12.32,50.01,279.17,E,0,0,No,0.391,
138,7/2/2017,7/2/2017,,,KISS,5,67.008871,-50.689137,7432532.193,513549.6214,2017,KISS2017,8675,20,44,3.47,7.37962963,6.333333333,42.66666667,,,0,0,No,0.367,
139,7/3/2017,7/3/2017,,,KISS,5,67.008871,-50.689137,7432532.193,513549.6214,2017,KISS2017,8675,20,45,3.25,5.659722222,8.25,55,,,0,0,No,0.367,
139,7/5/2018,7/5/2017,29,East,Oil,4,67.018036,-50.719448,7433547.615,512223.8545,2018,Oil2018,11742.1,22,14,4,3.2276288,12.2,50.33,279.72,E,74,18.5,No,0.443,
140,7/5/2018,7/5/2017,29,East,Airport,3,67.010171,-50.73709,7432667.481,511458.8874,2018,Airport2018,962.5,24,14,3.98,3.2276288,11.98,50.78,280.28,E,261,65.57788945,No,0.456,
140,7/3/2017,7/3/2017,,,Oil,4,67.018036,-50.719448,7433547.615,512223.8545,2017,Oil2017,11742.1,22,45,3.27,6.175925926,7.666666667,61.66666667,,,0,0,No,0.443,
141,7/5/2018,7/5/2017,29,East,East,1,67.006021,-50.784395,7432196.919,509398.7172,2018,East2018,1455,25,14,3.95,3.2276288,11.98,50.78,280.28,E,139,35.18987342,No,0.494,
141,7/3/2017,7/3/2017,,,Golf,6,67.024659,-50.634904,7434305.04,515903.136,2017,Golf2017,3451.5,18,45,3.3,6.175925926,7.666666667,61.66666667,,,0,0,No,0.391,
142,7/3/2017,7/3/2017,,,Forest,7,67.031409,-50.587348,7435070.457,517969.6041,2017,Forest2017,2331,16,45,3.32,6.175925926,7.666666667,61.66666667,,,4,1.204819277,No,0.463,
142,7/5/2018,7/5/2017,29,East,KISS,5,67.008871,-50.689137,7432532.193,513549.6214,2018,KISS2018,8675,20,14,4.05,3.196336,11.71,51.41,280.56,E,100,24.69135802,No,0.367,
143,7/7/2018,7/7/2017,31,Vulg,Vulgaris,12,67.086896,-50.294351,7441370.46,530658.124,2018,Vulgaris2018,12617.75,2,15,4.03,4.80568,11.95,44.6,267.25,E,19,4.714640199,No,0.464,
143,7/3/2017,7/3/2017,,,Waterfall up,,67.047948,-50.500042,7436942.047,521756.6111,2017,Waterfall up2017,402,12,45,3.4,5.765454545,7.974772727,54.70454545,,,0,0,No,,
144,7/7/2018,7/7/2017,31,Vulg,Bunny,11,67.083726,-50.319195,7441005.055,529582.6378,2018,Bunny2018,1050,4,15,4.03,4.80568,11.95,44.6,267.25,E,71,17.617866,No,0.501,
144,7/3/2017,7/3/2017,,,Waterfall,8,67.043924,-50.496777,7436494.61,521902.3191,2017,Waterfall2017,8034,12,45,3.27,5.896190476,7.849095238,55.57619048,,,2,0.611620795,No,0.453,
145,7/7/2018,7/7/2017,31,Vulg,Dispersal,10,67.079312,-50.34343,7440501.684,528534.7943,2018,Dispersal2018,510,5,15,4.05,4.80568,11.87,44.89,266.84,E,215,53.08641975,No,0.485,
145,7/3/2017,7/3/2017,,,Seatomato,,67.055804,-50.456986,7437833.509,523622.593,2017,Seatomato2017,8857,10.8,45,3.27,5.345238095,7.679857143,56.83809524,,,0,0,No,0.435,
146,7/3/2017,7/3/2017,,,Camp,9,67.057436,-50.430235,7438025.844,524784.6425,2017,Camp2017,320,8,45,3.5,3.660909091,6.990727273,62.34545455,,,0,0,No,0.464,
146,7/7/2018,7/7/2017,31,Vulg,Camp,9,67.057436,-50.430235,7438025.844,524784.6425,2018,Camp2018,320,8,15,4.08,4.6760384,11.72,45.58,263.8,E,88,21.56862745,No,0.464,
147,7/3/2017,7/3/2017,,,Bunny,11,67.083726,-50.319195,7441005.055,529582.6378,2017,Bunny2017,1050,4,45,3.33,4.840952381,5.884761905,65.28571429,,,19,5.705705706,No,0.501,
147,7/7/2018,7/7/2017,31,Vulg,Waterfall,8,67.043924,-50.496777,7436494.61,521902.3191,2018,Waterfall2018,8034,12,15,4.03,4.6447456,11.62,46.03,262.14,E,67,16.62531017,No,0.453,
148,7/7/2018,7/7/2017,31,East,Forest,7,67.031409,-50.587348,7435070.457,517969.6041,2018,Forest2018,2331,16,15,4.07,2.6732992,15.04,40.88,260.93,E,131,32.18673219,No,0.463,
148,7/3/2017,7/3/2017,,,VV2,,67.08537,-50.294131,7441200.458,530669.6124,2017,VV22017,6971,2,45,3.38,4.735454545,5.790045455,66.06363636,,,0,0,No,,
149,7/7/2018,7/7/2017,31,East,Golf,6,67.024659,-50.634904,7434305.04,515903.136,2018,Golf2018,3451.5,18,15,3.92,2.6107136,14.9,41.35,261.24,E,29,7.397959184,No,0.391,
149,7/3/2017,7/3/2017,,,Vulgaris,12,67.086896,-50.294351,7441370.46,530658.124,2017,Vulgaris2017,12617.75,2,45,3.38,4.745238095,5.664857143,67.23333333,,,0,0,No,0.464,
150,7/3/2017,7/3/2017,,,Moz valley,,67.089426,-50.293174,7441653.071,530706.054,2017,Moz valley2017,7469.75,2,45,3.42,4.601428571,5.46652381,69.15238095,,,21,6.140350877,No,,
150,7/7/2018,7/7/2017,31,East,Oil,4,67.018036,-50.719448,7433547.615,512223.8545,2018,Oil2018,11742.1,22,15,3.9,2.548128,14.85,41.51,261.43,E,351,90,No,0.443,
151,7/7/2018,7/7/2017,31,East,Airport,3,67.010171,-50.73709,7432667.481,511458.8874,2018,Airport2018,962.5,24,15,3.92,2.5123648,14.73,41.85,261.99,E,297,75.76530612,No,0.456,
151,7/5/2017,7/5/2017,,,Moz valley,,67.089426,-50.293174,7441653.071,530706.054,2017,Moz valley2017,7469.75,2,46,3.18,8.43,6.82765,53.15,,,0,0,No,,
152,7/7/2018,7/7/2017,31,East,East,1,67.006021,-50.784395,7432196.919,509398.7172,2018,East2018,1455,25,15,3.95,2.5168352,14.66,42.03,261.32,E,593,150.1265823,No,0.494,
152,7/5/2017,7/5/2017,,,VV2,,67.08537,-50.294131,7441200.458,530669.6124,2017,VV22017,6971,2,46,3.13,8.3295,6.72645,53.455,,,0,0,No,,
153,7/7/2018,7/7/2017,31,East,KISS,5,67.008871,-50.689137,7432532.193,513549.6214,2018,KISS2018,8675,20,15,3.97,2.414016,14.48,42.58,261.61,E,750,188.9168766,No,0.367,
153,7/5/2017,7/5/2017,,,Vulgaris,12,67.086896,-50.294351,7441370.46,530658.124,2017,Vulgaris2017,12617.75,2,46,3.15,8.3295,6.72645,53.455,,,0,0,No,0.464,
154,7/5/2017,7/5/2017,,,Bunny,11,67.083726,-50.319195,7441005.055,529582.6378,2017,Bunny2017,1050,4,46,3.18,8.229,6.6264,53.74,,,0,0,No,0.501,
154,7/9/2018,7/9/2017,33,Vulg,Vulgaris,12,67.086896,-50.294351,7441370.46,530658.124,2018,Vulgaris2018,12617.75,2,16,4.93,4.3452288,10.69,48.41,275.16,E,34,6.896551724,No,0.464,
155,7/9/2018,7/9/2017,33,Vulg,Bunny,11,67.083726,-50.319195,7441005.055,529582.6378,2018,Bunny2018,1050,4,16,4.9,4.3854624,10.68,48.4,275.11,E,207,42.24489796,No,0.501,
155,7/5/2017,7/5/2017,,,Camp,9,67.057436,-50.430235,7438025.844,524784.6425,2017,Camp2017,320,8,46,3.18,5.889,9.1544,47.475,,,0,0,No,0.464,
156,7/9/2018,7/9/2017,33,Vulg,Dispersal,10,67.079312,-50.34343,7440501.684,528534.7943,2018,Dispersal2018,510,5,16,4.88,4.3720512,10.64,48.58,274.21,E,370,75.81967213,No,0.485,
156,7/5/2017,7/5/2017,,,Seatomato,,67.055804,-50.456986,7437833.509,523622.593,2017,Seatomato2017,8857,10.8,46,3.15,5.763,9.0563,47.795,,,5,1.587301587,No,0.435,
157,7/9/2018,7/9/2017,33,Vulg,Camp,9,67.057436,-50.430235,7438025.844,524784.6425,2018,Camp2018,320,8,16,4.88,4.3854624,10.54,48.74,272.48,E,48,9.836065574,No,0.464,
157,7/5/2017,7/5/2017,,,Waterfall,8,67.043924,-50.496777,7436494.61,521902.3191,2017,Waterfall2017,8034,12,46,3.13,5.6375,8.899,48.255,,,0,0,No,0.453,
158,7/9/2018,7/9/2017,33,Vulg,Waterfall,8,67.043924,-50.496777,7436494.61,521902.3191,2018,Waterfall2018,8034,12,16,4.85,4.3854624,10.47,48.85,271.41,E,66,13.60824742,No,0.453,
158,7/5/2017,7/5/2017,,,Waterfall up,,67.047948,-50.500042,7436942.047,521756.6111,2017,Waterfall up2017,402,12,46,3.17,5.537,8.7981,48.68,,,0,0,No,,
159,7/5/2017,7/5/2017,,,Forest,7,67.031409,-50.587348,7435070.457,517969.6041,2017,Forest2017,2331,16,46,3.12,4.125,9.25,45.25,,,21,6.730769231,No,0.463,
159,7/9/2018,7/9/2017,33,East,Forest,7,67.031409,-50.587348,7435070.457,517969.6041,2018,Forest2018,2331,16,16,4.83,2.4989536,12.18,46.87,270.79,E,131,27.12215321,No,0.463,
160,7/5/2017,7/5/2017,,,Golf,6,67.024659,-50.634904,7434305.04,515903.136,2017,Golf2017,3451.5,18,46,3.17,3.611111111,8.666666667,46.66666667,,,4,1.261829653,No,0.391,
160,7/9/2018,7/9/2017,33,East,Golf,6,67.024659,-50.634904,7434305.04,515903.136,2018,Golf2018,3451.5,18,16,4.8,2.4721312,12.04,47.24,270.82,E,15,3.125,No,0.391,
161,7/5/2017,7/5/2017,,,Oil,4,67.018036,-50.719448,7433547.615,512223.8545,2017,Oil2017,11742.1,22,46,3.32,3.611111111,8.666666667,46.66666667,,,5,1.506024096,No,0.443,
161,7/9/2018,7/9/2017,33,East,Oil,4,67.018036,-50.719448,7433547.615,512223.8545,2018,Oil2018,11742.1,22,16,4.67,2.4453088,12.03,47.26,270.57,E,240,51.39186296,No,0.443,
162,7/9/2018,7/9/2017,33,East,Airport,3,67.010171,-50.73709,7432667.481,511458.8874,2018,Airport2018,962.5,24,16,4.65,2.391664,11.92,47.43,270.3,E,150,32.25806452,No,0.456,
162,7/5/2017,7/5/2017,,,KISS,5,67.008871,-50.689137,7432532.193,513549.6214,2017,KISS2017,8675,20,46,3.33,3.611111111,8.666666667,46.66666667,,,0,0,No,0.367,
163,7/9/2018,7/9/2017,33,East,East,1,67.006021,-50.784395,7432196.919,509398.7172,2018,East2018,1455,25,16,4.63,2.391664,11.92,47.43,270.3,E,85,18.35853132,No,0.494,
163,7/6/2017,7/6/2017,,,KISS,5,67.008871,-50.689137,7432532.193,513549.6214,2017,KISS2017,8675,20,47,3.18,4.243055556,12.75,28.25,,,160,50.31446541,No,0.367,
164,7/9/2018,7/9/2017,33,East,KISS,5,67.008871,-50.689137,7432532.193,513549.6214,2018,KISS2018,8675,20,16,4.72,2.3648416,11.78,47.78,269.86,E,207,43.8559322,No,0.367,
164,7/6/2017,7/6/2017,,,Oil,4,67.018036,-50.719448,7433547.615,512223.8545,2017,Oil2017,11742.1,22,47,3.17,4.243055556,12.75,28.25,,,117,36.90851735,No,0.443,
165,7/6/2017,7/6/2017,,,Golf,6,67.024659,-50.634904,7434305.04,515903.136,2017,Golf2017,3451.5,18,47,3.23,4.243055556,12.75,28.25,,,76,23.52941176,No,0.391,
165,7/13/2018,7/13/2017,37,Vulg,Vulgaris,12,67.086896,-50.294351,7441370.46,530658.124,2018,Vulgaris2018,12617.75,2,17,2.93,5.118608,13.95,36.51,287.21,E,57,19.45392491,No,0.464,
166,7/13/2018,7/13/2017,37,Vulg,Bunny,11,67.083726,-50.319195,7441005.055,529582.6378,2018,Bunny2018,1050,4,17,2.9,5.2214272,14.01,36.44,287.88,E,63,21.72413793,No,0.501,
166,7/6/2017,7/6/2017,,,Forest,7,67.031409,-50.587348,7435070.457,517969.6041,2017,Forest2017,2331,16,47,3.2,3.944444444,12.66666667,29,,,120,37.5,No,0.463,
167,7/13/2018,7/13/2017,37,Vulg,Dispersal,10,67.079312,-50.34343,7440501.684,528534.7943,2018,Dispersal2018,510,5,17,2.93,5.2214272,14.01,36.44,287.88,E,26,8.873720137,No,0.485,
167,7/6/2017,7/6/2017,,,Waterfall up,,67.047948,-50.500042,7436942.047,521756.6111,2017,Waterfall up2017,402,12,47,3.2,2.8195,11.66845,37.395,,,88,27.5,No,,
168,7/13/2018,7/13/2017,37,Vulg,Camp,9,67.057436,-50.430235,7438025.844,524784.6425,2018,Camp2018,320,8,17,2.85,5.6729376,14.28,36.31,293.83,E,43,15.0877193,No,0.464,
168,7/6/2017,7/6/2017,,,Waterfall,8,67.043924,-50.496777,7436494.61,521902.3191,2017,Waterfall2017,8034,12,47,3.22,2.719,11.5674,38.31,,,182,56.52173913,No,0.453,
169,7/6/2017,7/6/2017,,,Seatomato,,67.055804,-50.456986,7437833.509,523622.593,2017,Seatomato2017,8857,10.8,47,3.3,2.637619048,11.28842857,40.47142857,,,105,31.81818182,No,0.435,
169,7/13/2018,7/13/2017,37,Vulg,Waterfall,8,67.043924,-50.496777,7436494.61,521902.3191,2018,Waterfall2018,8034,12,17,2.73,5.9590432,14.61,35.91,300.24,E,37,13.55311355,No,0.453,
170,7/6/2017,7/6/2017,,,Camp,9,67.057436,-50.430235,7438025.844,524784.6425,2017,Camp2017,320,8,47,3.3,2.565714286,11.09904762,41.78095238,,,160,48.48484848,No,0.464,
170,7/13/2018,7/13/2017,37,East,Forest,7,67.031409,-50.587348,7435070.457,517969.6041,2018,Forest2018,2331,16,17,4.72,4.3094656,16.45,35.6,298.5,E,32,6.779661017,No,0.463,
171,7/6/2017,7/6/2017,,,Bunny,11,67.083726,-50.319195,7441005.055,529582.6378,2017,Bunny2017,1050,4,47,3.3,3.906666667,8.947761905,48.39047619,,,199,60.3030303,No,0.501,
171,7/13/2018,7/13/2017,37,East,Golf,6,67.024659,-50.634904,7434305.04,515903.136,2018,Golf2018,3451.5,18,17,4.65,4.3184064,16.58,35.36,297.79,E,0,0,No,0.391,
172,7/13/2018,7/13/2017,37,East,Oil,4,67.018036,-50.719448,7433547.615,512223.8545,2018,Oil2018,11742.1,22,17,4.5,4.3273472,17.2,34.49,297.07,E,13,2.888888889,No,0.443,
172,7/6/2017,7/6/2017,,,VV2,,67.08537,-50.294131,7441200.458,530669.6124,2017,VV22017,6971,2,47,3.33,3.954285714,8.788904762,49.51904762,,,95,28.52852853,No,,
173,7/13/2018,7/13/2017,37,East,Airport,3,67.010171,-50.73709,7432667.481,511458.8874,2018,Airport2018,962.5,24,17,4.5,4.3273472,17.2,34.49,297.07,E,0,0,No,0.456,
173,7/6/2017,7/6/2017,,,Vulgaris,12,67.086896,-50.294351,7441370.46,530658.124,2017,Vulgaris2017,12617.75,2,47,3.33,3.954285714,8.618333333,50.53333333,,,49,14.71471471,No,0.464,
174,7/13/2018,7/13/2017,37,East,East,1,67.006021,-50.784395,7432196.919,509398.7172,2018,East2018,1455,25,17,4.57,4.3273472,16.95,34.82,297.38,E,0,0,No,0.494,
174,7/6/2017,7/6/2017,,,Moz valley,,67.089426,-50.293174,7441653.071,530706.054,2017,Moz valley2017,7469.75,2,47,3.35,3.954285714,8.618333333,50.53333333,,,23,6.865671642,No,,
175,7/13/2018,7/13/2017,37,East,KISS,5,67.008871,-50.689137,7432532.193,513549.6214,2018,KISS2018,8675,20,17,4.35,4.336288,17.59,33.9,296.4,E,57,13.10344828,No,0.367,
175,7/7/2017,7/7/2017,,,Moz valley,,67.089426,-50.293174,7441653.071,530706.054,2017,Moz valley2017,7469.75,2,48,3.4,4.89,12.96609524,34.55238095,,,29,8.529411765,No,,
176,7/7/2017,7/7/2017,,,VV2,,67.08537,-50.294131,7441200.458,530669.6124,2017,VV22017,6971,2,48,3.37,4.89,12.83238095,34.83333333,,,40,11.8694362,No,,
177,7/7/2017,7/7/2017,,,Vulgaris,12,67.086896,-50.294351,7441370.46,530658.124,2017,Vulgaris2017,12617.75,2,48,3.37,4.919545455,12.73045455,35.11363636,,,114,33.82789318,No,0.464,
178,7/7/2017,7/7/2017,,,Bunny,11,67.083726,-50.319195,7441005.055,529582.6378,2017,Bunny2017,1050,4,48,3.38,4.89,12.69509524,35.06666667,,,12,3.550295858,No,0.501,
179,7/7/2017,7/7/2017,,,Camp,9,67.057436,-50.430235,7438025.844,524784.6425,2017,Camp2017,320,8,48,3.32,4.049047619,14.50071429,34.83809524,,,57,17.1686747,No,0.464,
180,7/7/2017,7/7/2017,,,Seatomato,,67.055804,-50.456986,7437833.509,523622.593,2017,Seatomato2017,8857,10.8,48,3.28,4,14.36925,35.18,,,25,7.62195122,No,0.435,
181,7/7/2017,7/7/2017,,,Waterfall,8,67.043924,-50.496777,7436494.61,521902.3191,2017,Waterfall2017,8034,12,48,3.3,3.785714286,13.83971429,36.56666667,,,56,16.96969697,No,0.453,
182,7/7/2017,7/7/2017,,,Waterfall up,,67.047948,-50.500042,7436942.047,521756.6111,2017,Waterfall up2017,402,12,48,3.38,3.618095238,13.52790476,37.42380952,,,40,11.83431953,No,,
183,7/7/2017,7/7/2017,,,Forest,7,67.031409,-50.587348,7435070.457,517969.6041,2017,Forest2017,2331,16,48,3.38,6,14,34.66666667,,,103,30.47337278,No,0.463,
184,7/7/2017,7/7/2017,,,Golf,6,67.024659,-50.634904,7434305.04,515903.136,2017,Golf2017,3451.5,18,48,3.37,6,14,34.66666667,,,17,5.044510386,No,0.391,
185,7/7/2017,7/7/2017,,,KISS,5,67.008871,-50.689137,7432532.193,513549.6214,2017,KISS2017,8675,20,48,3.35,6,14,34.66666667,,,11,3.28358209,No,0.367,
186,7/9/2017,7/9/2017,,,Moz valley,,67.089426,-50.293174,7441653.071,530706.054,2017,Moz valley2017,7469.75,2,49,3.4,5.537619048,9.716714286,57.47619048,,,24,7.058823529,No,,
187,7/9/2017,7/9/2017,,,VV2,,67.08537,-50.294131,7441200.458,530669.6124,2017,VV22017,6971,2,49,3.37,5.513333333,9.607619048,57.6047619,,,0,0,No,,
188,7/9/2017,7/9/2017,,,Bunny,11,67.083726,-50.319195,7441005.055,529582.6378,2017,Bunny2017,1050,4,49,3.4,5.489047619,9.469095238,57.85714286,,,0,0,No,0.501,
189,7/9/2017,7/9/2017,,,Camp,9,67.057436,-50.430235,7438025.844,524784.6425,2017,Camp2017,320,8,49,2.5,3.869375,7.7816875,63.96875,,,0,0,No,0.464,
190,7/9/2017,7/9/2017,,,Seatomato,,67.055804,-50.456986,7437833.509,523622.593,2017,Seatomato2017,8857,10.8,49,3.22,4.6565,11.753,51.815,,,8,2.48447205,No,0.435,
191,7/9/2017,7/9/2017,,,Waterfall,8,67.043924,-50.496777,7436494.61,521902.3191,2017,Waterfall2017,8034,12,49,3.22,4.6315,11.59965,52.32,,,4,1.242236025,No,0.453,
192,7/9/2017,7/9/2017,,,Waterfall up,,67.047948,-50.500042,7436942.047,521756.6111,2017,Waterfall up2017,402,12,49,3.25,4.6565,11.3684,52.99,,,0,0,No,,
193,7/9/2017,7/9/2017,,,Forest,7,67.031409,-50.587348,7435070.457,517969.6041,2017,Forest2017,2331,16,49,3.4,3.736111111,11.5,50,,,8,2.352941176,No,0.463,
194,7/9/2017,7/9/2017,,,Golf,6,67.024659,-50.634904,7434305.04,515903.136,2017,Golf2017,3451.5,18,49,3.42,3.736111111,11.5,50,,,10,2.923976608,No,0.391,
195,7/9/2017,7/9/2017,,,Oil,4,67.018036,-50.719448,7433547.615,512223.8545,2017,Oil2017,11742.1,22,49,3.4,3.777777778,11.33333333,51,,,21,6.176470588,No,0.443,
196,7/9/2017,7/9/2017,,,KISS,5,67.008871,-50.689137,7432532.193,513549.6214,2017,KISS2017,8675,20,49,3.47,3.777777778,11.33333333,51,,,13,3.746397695,No,0.367,
197,7/10/2017,7/10/2017,,,KISS,5,67.008871,-50.689137,7432532.193,513549.6214,2017,KISS2017,8675,20,50,3.27,3.854166667,15.25,32.5,,,28,8.562691131,No,0.367,
198,7/10/2017,7/10/2017,,,Oil,4,67.018036,-50.719448,7433547.615,512223.8545,2017,Oil2017,11742.1,22,50,3.28,3.854166667,15.25,32.5,,,34,10.36585366,No,0.443,
199,7/10/2017,7/10/2017,,,Golf,6,67.024659,-50.634904,7434305.04,515903.136,2017,Golf2017,3451.5,18,50,3.27,3.854166667,15.25,32.5,,,23,7.033639144,No,0.391,
200,7/10/2017,7/10/2017,,,Forest,7,67.031409,-50.587348,7435070.457,517969.6041,2017,Forest2017,2331,16,50,3.3,4.111111111,15.33333333,32,,,79,23.93939394,No,0.463,
201,7/10/2017,7/10/2017,,,Waterfall up,,67.047948,-50.500042,7436942.047,521756.6111,2017,Waterfall up2017,402,12,50,3.32,4.578571429,14.29633333,36.6047619,,,3,0.903614458,No,,
202,7/10/2017,7/10/2017,,,Waterfall,8,67.043924,-50.496777,7436494.61,521902.3191,2017,Waterfall2017,8034,12,50,3.2,4.606,14.21185,36.7,,,14,4.375,No,0.453,
203,7/10/2017,7/10/2017,,,Seatomato,,67.055804,-50.456986,7437833.509,523622.593,2017,Seatomato2017,8857,10.8,50,3.18,4.656,13.98335,37.2,,,2,0.628930818,No,0.435,
204,7/10/2017,7/10/2017,,,Bunny,11,67.083726,-50.319195,7441005.055,529582.6378,2017,Bunny2017,1050,4,50,3.18,5.261,10.8219,43.675,,,0,0,No,0.501,
205,7/10/2017,7/10/2017,,,VV2,,67.08537,-50.294131,7441200.458,530669.6124,2017,VV22017,6971,2,50,3.15,5.3365,10.64435,44.335,,,0,0,No,,
206,7/10/2017,7/10/2017,,,Vulgaris,12,67.086896,-50.294351,7441370.46,530658.124,2017,Vulgaris2017,12617.75,2,50,3.15,5.3865,10.4255,45.01,,,1,0.317460317,No,0.464,
207,7/10/2017,7/10/2017,,,Moz valley,,67.089426,-50.293174,7441653.071,530706.054,2017,Moz valley2017,7469.75,2,50,3.13,5.3865,10.4255,45.01,,,28,8.945686901,No,,
208,7/10/2017,7/10/2017,,,Camp,9,67.057436,-50.430235,7438025.844,524784.6425,2017,Camp2017,320,8,50,4.03,4.1676,11.09172,45.676,,,21,5.210918114,No,0.464,
209,7/12/2017,7/12/2017,,,KISS,5,67.008871,-50.689137,7432532.193,513549.6214,2017,KISS2017,8675,20,51,3.37,5.791666667,16.75,33,,,2,0.59347181,No,0.367,
210,7/12/2017,7/12/2017,,,Oil,4,67.018036,-50.719448,7433547.615,512223.8545,2017,Oil2017,11742.1,22,51,3.43,5.791666667,16.75,33,,,2,0.583090379,No,0.443,
211,7/12/2017,7/12/2017,,,Golf,6,67.024659,-50.634904,7434305.04,515903.136,2017,Golf2017,3451.5,18,51,3.38,5.791666667,16.75,33,,,0,0,No,0.391,
212,7/12/2017,7/12/2017,,,Forest,7,67.031409,-50.587348,7435070.457,517969.6041,2017,Forest2017,2331,16,51,3.38,5.791666667,16.75,33,,,34,10.0591716,No,0.463,
213,7/12/2017,7/12/2017,,,Waterfall up,,67.047948,-50.500042,7436942.047,521756.6111,2017,Waterfall up2017,402,12,51,3.38,5.262727273,14.92490909,39.10909091,,,5,1.479289941,No,,
214,7/12/2017,7/12/2017,,,Waterfall,8,67.043924,-50.496777,7436494.61,521902.3191,2017,Waterfall2017,8034,12,51,3.38,5.148181818,14.70909091,39.63181818,,,24,7.100591716,No,0.453,
215,7/12/2017,7/12/2017,,,Seatomato,,67.055804,-50.456986,7437833.509,523622.593,2017,Seatomato2017,8857,10.8,51,3.38,4.961904762,14.38509524,40.44285714,,,11,3.25443787,No,0.435,
216,7/12/2017,7/12/2017,,,Bunny,11,67.083726,-50.319195,7441005.055,529582.6378,2017,Bunny2017,1050,4,51,3.23,5.362,13.44225,38.63,,,5,1.547987616,No,0.501,
217,7/12/2017,7/12/2017,,,Vulgaris,12,67.086896,-50.294351,7441370.46,530658.124,2017,Vulgaris2017,12617.75,2,51,3.22,5.2865,13.1691,39.405,,,59,18.32298137,No,0.464,
218,7/12/2017,7/12/2017,,,Moz valley,,67.089426,-50.293174,7441653.071,530706.054,2017,Moz valley2017,7469.75,2,51,3.27,5.298571429,13.10195238,39.65238095,,,39,11.9266055,No,,
219,7/12/2017,7/12/2017,,,Camp,9,67.057436,-50.430235,7438025.844,524784.6425,2017,Camp2017,320,8,51,4.43,4.368571429,13.20153571,43.88928571,,,28,6.320541761,No,0.464,
220,7/14/2017,7/14/2017,,,Moz valley,,67.089426,-50.293174,7441653.071,530706.054,2017,Moz valley2017,7469.75,2,52,3.67,5.055217391,10.89147826,58.93913043,,,36,9.809264305,No,,
221,7/14/2017,7/14/2017,,,VV2,,67.08537,-50.294131,7441200.458,530669.6124,2017,VV22017,6971,2,52,3.65,4.639130435,10.62530435,60.1173913,,,157,43.01369863,No,,
222,7/14/2017,7/14/2017,,,Vulgaris,12,67.086896,-50.294351,7441370.46,530658.124,2017,Vulgaris2017,12617.75,2,52,3.67,4.332608696,10.28230435,61.36956522,,,129,35.14986376,No,0.464,
223,7/14/2017,7/14/2017,,,Bunny,11,67.083726,-50.319195,7441005.055,529582.6378,2017,Bunny2017,1050,4,52,3.67,4.332608696,10.28230435,61.36956522,,,76,20.70844687,No,0.501,
224,7/14/2017,7/14/2017,,,Seatomato,,67.055804,-50.456986,7437833.509,523622.593,2017,Seatomato2017,8857,10.8,52,3.73,4.9075,10.43858333,73.60416667,,,8,2.144772118,No,0.435,
225,7/14/2017,7/14/2017,,,Camp,9,67.057436,-50.430235,7438025.844,524784.6425,2017,Camp2017,320,8,52,3.72,4.970416667,10.738375,71.9125,,,0,0,No,0.464,
226,7/14/2017,7/14/2017,,,Waterfall,8,67.043924,-50.496777,7436494.61,521902.3191,2017,Waterfall2017,8034,12,52,3.77,4.781666667,10.171375,74.775,,,0,0,No,0.453,
227,7/14/2017,7/14/2017,,,Waterfall up,,67.047948,-50.500042,7436942.047,521756.6111,2017,Waterfall up2017,402,12,52,3.8,4.614166667,9.932916667,75.775,,,3,0.789473684,No,,
228,7/14/2017,7/14/2017,,,Forest,7,67.031409,-50.587348,7435070.457,517969.6041,2017,Forest2017,2331,16,52,3.82,6.6875,10.25,75.75,,,2,0.523560209,No,0.463,
229,7/14/2017,7/14/2017,,,Oil,4,67.018036,-50.719448,7433547.615,512223.8545,2017,Oil2017,11742.1,22,52,3.82,5.784722222,9,80.25,,,1,0.261780105,No,0.443,
230,7/14/2017,7/14/2017,,,KISS,5,67.008871,-50.689137,7432532.193,513549.6214,2017,KISS2017,8675,20,52,3.82,5.784722222,9,80.25,,,0,0,No,0.367,
231,7/17/2017,7/17/2017,,,KISS,5,67.008871,-50.689137,7432532.193,513549.6214,2017,KISS2017,8675,20,53,3.58,4.5,9.75,55,,,11,3.072625698,No,0.367,
232,7/17/2017,7/17/2017,,,Oil,4,67.018036,-50.719448,7433547.615,512223.8545,2017,Oil2017,11742.1,22,53,3.43,4.62962963,9.666666667,54,,,7,2.040816327,No,0.443,
233,7/17/2017,7/17/2017,,,Golf,6,67.024659,-50.634904,7434305.04,515903.136,2017,Golf2017,3451.5,18,53,3.65,4.5,9,55.75,,,5,1.369863014,No,0.391,
234,7/17/2017,7/17/2017,,,Forest,7,67.031409,-50.587348,7435070.457,517969.6041,2017,Forest2017,2331,16,53,3.63,4.5,9,55.75,,,3,0.826446281,No,0.463,
235,7/17/2017,7/17/2017,,,Waterfall up,,67.047948,-50.500042,7436942.047,521756.6111,2017,Waterfall up2017,402,12,53,3.58,4.598181818,8.536363636,55.93636364,,,0,0,No,,
236,7/17/2017,7/17/2017,,,Waterfall,8,67.043924,-50.496777,7436494.61,521902.3191,2017,Waterfall2017,8034,12,53,3.62,4.552272727,8.310590909,56.65,,,0,0,No,0.453,
237,7/17/2017,7/17/2017,,,Seatomato,,67.055804,-50.456986,7437833.509,523622.593,2017,Seatomato2017,8857,10.8,53,3.6,4.483636364,8.034681818,57.25,,,0,0,No,0.435,
238,7/17/2017,7/17/2017,,,Bunny,11,67.083726,-50.319195,7441005.055,529582.6378,2017,Bunny2017,1050,4,53,3.47,3.500454545,6.218863636,59.96818182,,,0,0,No,0.501,
239,7/17/2017,7/17/2017,,,VV2,,67.08537,-50.294131,7441200.458,530669.6124,2017,VV22017,6971,2,53,3.53,3.409090909,6.061318182,60.40454545,,,0,0,No,,
240,7/17/2017,7/17/2017,,,Vulgaris,12,67.086896,-50.294351,7441370.46,530658.124,2017,Vulgaris2017,12617.75,2,53,3.47,3.294545455,5.937454545,60.67272727,,,0,0,No,0.464,
241,7/17/2017,7/17/2017,,,Moz valley,,67.089426,-50.293174,7441653.071,530706.054,2017,Moz valley2017,7469.75,2,53,3.5,3.203181818,5.816227273,60.86818182,,,1,0.285714286,No,,
242,7/17/2017,7/17/2017,,,Camp,9,67.057436,-50.430235,7438025.844,524784.6425,2017,Camp2017,320,8,53,3.58,3.729090909,5.795636364,64.51363636,,,0,0,No,0.464,
243,7/19/2017,7/19/2017,,,KISS,5,67.008871,-50.689137,7432532.193,513549.6214,2017,KISS2017,8675,20,54,3,8.574074075,11,67,,,0,0,No,0.367,
244,7/19/2017,7/19/2017,,,Oil,4,67.018036,-50.719448,7433547.615,512223.8545,2017,Oil2017,11742.1,22,54,3.15,8.574074075,11,67,,,0,0,No,0.443,
245,7/19/2017,7/19/2017,,,Golf,6,67.024659,-50.634904,7434305.04,515903.136,2017,Golf2017,3451.5,18,54,3.17,8.574074075,11,67,,,0,0,No,0.391,
246,7/19/2017,7/19/2017,,,Forest,7,67.031409,-50.587348,7435070.457,517969.6041,2017,Forest2017,2331,16,54,3.17,8.618055557,10.25,68,,,16,5.047318612,No,0.463,
247,7/19/2017,7/19/2017,,,Waterfall up,,67.047948,-50.500042,7436942.047,521756.6111,2017,Waterfall up2017,402,12,54,3.15,5.135,11.331,65.025,,,8,2.53968254,No,,
248,7/19/2017,7/19/2017,,,Waterfall,8,67.043924,-50.496777,7436494.61,521902.3191,2017,Waterfall2017,8034,12,54,3.18,5.261,11.0326,65.505,,,8,2.51572327,No,0.453,
249,7/19/2017,7/19/2017,,,Seatomato,,67.055804,-50.456986,7437833.509,523622.593,2017,Seatomato2017,8857,10.8,54,3.22,5.362,10.7326,66.01,,,3,0.931677019,No,0.435,
250,7/19/2017,7/19/2017,,,Bunny,11,67.083726,-50.319195,7441005.055,529582.6378,2017,Bunny2017,1050,4,54,3.27,5.705238095,9.206380952,73.8952381,,,22,6.727828746,No,0.501,
251,7/19/2017,7/19/2017,,,VV2,,67.08537,-50.294131,7441200.458,530669.6124,2017,VV22017,6971,2,54,3.25,5.6885,9.19125,73.7,,,52,16,No,,
252,7/19/2017,7/19/2017,,,Vulgaris,12,67.086896,-50.294351,7441370.46,530658.124,2017,Vulgaris2017,12617.75,2,54,3.25,5.561428571,9.073190476,73.95714286,,,39,12,No,0.464,
253,7/19/2017,7/19/2017,,,Moz valley,,67.089426,-50.293174,7441653.071,530706.054,2017,Moz valley2017,7469.75,2,54,3.28,5.585238095,8.871095238,74.24761905,,,45,13.7195122,No,,
254,7/19/2017,7/19/2017,,,Camp,9,67.057436,-50.430235,7438025.844,524784.6425,2017,Camp2017,320,8,54,3.4,5.37,9.282285714,68.89047619,,,0,0,No,0.464,
