Date,Pond,Pond2,Sample,SampleL,Larvae,Pupae,Total,Colymlarv,ColymAdult,HydroAdult,Chiron,Snail,Caddis,Zoo,Spider,Fairy,Worm,Mite
5/18/2018,East,1,1,1.75,12,0,12,0,0,0,0,0,3,a few,0,0,0,0
5/18/2018,East,1,2,1.75,32,0,32,0,0,0,0,0,0,0,0,0,0,0
5/18/2018,East,1,3,1.75,6,0,6,0,0,0,0,0,0,0,0,0,0,0
5/18/2018,East,1,4,1.75,3,0,3,0,0,0,1,0,0,0,0,0,0,0
5/18/2018,East,1,5,1.75,0,0,0,0,0,0,0,1,0,0,0,0,0,0
5/18/2018,East,1,6,1.75,0,0,0,0,0,0,0,0,1,0,0,0,0,0
5/18/2018,East,1,7,1.75,0,0,0,0,0,0,0,0,0,0,0,0,0,0
5/18/2018,East,1,8,1.75,1,0,1,0,0,0,0,0,0,0,0,0,0,0
5/18/2018,East,1,9,1.75,5,0,5,0,0,0,0,0,0,0,0,0,0,0
5/18/2018,East,1,10,1.75,7,0,7,0,0,0,0,0,0,0,0,0,0,0
5/18/2018,East,1,11,1.75,0,0,0,0,0,0,0,0,0,0,0,0,0,0
5/18/2018,East,1,12,1.75,6,0,6,0,0,0,0,0,0,0,0,0,0,0
5/18/2018,East,1,13,1.75,0,0,0,0,0,0,0,0,0,0,0,0,0,0
5/18/2018,East,1,14,1.75,0,0,0,0,0,0,0,0,0,0,0,0,0,0
5/18/2018,East,1,15,1.75,0,0,0,0,0,0,1,0,0,0,0,0,0,0
5/18/2018,East,1,16,1.75,15,0,15,0,0,0,0,2,0,0,1,0,0,0
5/23/2018,East,1,1,1.75,107,0,107,0,0,1,0,1,0,0,0,0,0,0
5/23/2018,East,1,2,1.75,72,0,72,0,0,0,0,0,0,0,0,0,0,0
5/23/2018,East,1,3,1.75,39,0,39,0,0,0,0,1,0,0,0,0,0,0
5/23/2018,East,1,4,1.75,7,0,7,0,0,0,0,0,0,0,0,0,0,0
5/23/2018,East,1,5,1.75,2,0,2,0,0,0,0,0,0,0,0,0,0,0
5/23/2018,East,1,6,1.75,1,0,1,0,0,0,0,0,0,0,0,0,0,0
5/23/2018,East,1,7,1.75,22,0,22,0,0,0,0,0,0,0,0,0,0,0
5/23/2018,East,1,8,1.75,29,0,29,0,0,0,0,0,0,0,0,0,0,0
5/23/2018,East,1,9,1.75,24,0,24,0,0,0,0,0,0,0,0,0,0,0
5/23/2018,East,1,10,1.75,30,0,30,0,0,0,0,0,0,0,0,0,0,0
5/23/2018,East,1,11,1.75,30,0,30,0,0,1,0,0,0,0,0,0,0,0
5/23/2018,East,1,12,1.75,30,0,30,0,0,1,0,0,0,0,0,0,0,0
5/23/2018,East,1,13,1.75,1,0,1,0,0,0,0,0,0,0,0,0,0,0
5/23/2018,East,1,14,1.75,0,0,0,0,0,0,0,0,0,0,0,0,0,0
5/23/2018,East,1,15,1.75,0,0,0,0,0,0,0,0,0,0,0,0,0,0
5/23/2018,East,1,16,1.75,0,0,0,0,0,0,0,0,0,0,0,0,0,0
5/23/2018,East,1,17,1.75,6,0,6,0,0,0,0,0,0,0,0,0,0,0
5/23/2018,East,1,18,1.75,53,0,53,0,0,0,0,0,0,0,0,0,0,0
5/23/2018,East,1,19,1.75,60,0,60,0,0,0,0,0,0,0,0,0,0,0
5/27/2018,East,1,1,1.75,90,0,90,0,0,0,0,0,3,0,0,0,0,0
5/27/2018,East,1,2,1.75,85,0,85,0,0,0,0,0,0,a few,0,0,0,0
5/27/2018,East,1,3,1.75,130,0,130,0,0,0,0,0,0,0,1,0,0,1
5/27/2018,East,1,4,1.75,80,0,80,0,0,0,0,0,0,0,0,0,0,0
5/27/2018,East,1,5,1.75,27,0,27,0,0,0,0,0,0,0,0,0,0,0
5/27/2018,East,1,6,1.75,0,0,0,0,0,0,0,0,6,0,0,0,0,0
5/27/2018,East,1,7,1.75,3,0,3,0,0,1,0,0,2,0,1,0,0,0
5/27/2018,East,1,8,1.75,18,0,18,0,0,0,0,0,2,0,0,0,0,0
5/27/2018,East,1,9,1.75,94,0,94,0,0,0,0,0,0,0,0,0,0,0
5/27/2018,East,1,10,1.75,24,0,24,0,0,0,0,0,0,0,0,0,0,0
5/27/2018,East,1,11,1.75,6,0,6,0,0,0,0,0,1,0,0,0,0,0
5/27/2018,East,1,12,1.75,52,0,52,0,0,0,0,0,0,0,0,0,0,0
5/27/2018,East,1,13,1.75,45,0,45,0,0,0,0,0,0,0,0,0,0,0
5/27/2018,East,1,14,1.75,38,0,38,0,0,0,0,0,0,0,0,0,0,0
5/27/2018,East,1,15,1.75,0,0,0,0,0,0,0,0,0,0,0,0,0,0
5/27/2018,East,1,16,1.75,0,0,0,0,0,0,0,0,2,0,0,0,0,0
5/27/2018,East,1,17,1.75,0,0,0,0,0,1,a few,0,0,0,0,0,0,0
5/27/2018,East,1,18,1.75,6,0,6,0,0,0,a few,0,0,0,0,0,0,0
5/27/2018,East,1,19,1.75,2,0,2,0,0,0,a few,0,1,0,0,0,0,0
6/1/2018,East,1,1,1.75,29,0,29,0,0,0,several,0,0,0,0,0,0,0
6/1/2018,East,1,2,1.75,44,0,44,0,0,0,0,0,1,0,0,0,0,0
6/1/2018,East,1,3,1.75,97,0,97,0,0,0,0,0,0,0,0,0,0,0
6/1/2018,East,1,4,1.75,27,0,27,0,0,0,0,0,1,0,0,0,0,0
6/1/2018,East,1,5,1.75,3,0,3,0,0,0,0,0,1,0,0,0,0,0
6/1/2018,East,1,6,1.75,1,0,1,0,0,0,0,0,3,0,0,0,0,0
6/1/2018,East,1,7,1.75,16,0,16,0,0,0,0,0,1,many,0,0,0,0
6/1/2018,East,1,8,1.75,7,0,7,0,0,0,0,0,0,many,0,0,0,0
6/1/2018,East,1,9,1.75,18,0,18,0,0,0,0,0,0,many,0,0,0,0
6/1/2018,East,1,10,1.75,11,0,11,0,0,1,0,0,2,0,0,0,0,0
6/1/2018,East,1,11,1.75,31,0,31,0,0,0,0,0,0,0,1,0,0,0
6/1/2018,East,1,12,1.75,8,0,8,0,0,0,0,0,2,0,0,0,0,0
6/1/2018,East,1,13,1.75,11,0,11,0,0,0,0,0,1,0,0,0,0,0
6/1/2018,East,1,14,1.75,3,0,3,0,0,0,0,0,8,0,0,0,0,0
6/1/2018,East,1,15,1.75,14,0,14,0,0,0,several,0,0,several,0,0,0,0
6/1/2018,East,1,16,1.75,2,0,2,0,0,0,0,0,0,0,0,0,0,0
6/1/2018,East,1,17,1.75,0,0,0,0,0,0,0,0,0,0,0,0,0,0
6/1/2018,East,1,18,1.75,78,0,78,0,0,0,0,0,1,0,0,0,0,0
6/1/2018,East,1,19,1.75,16,0,16,0,0,0,0,1,2,0,0,0,0,0
6/9/2018,East,1,1,1.75,28,0,28,0,0,1,0,0,1,0,0,0,0,0
6/9/2018,East,1,2,1.75,29,0,29,0,0,0,0,0,0,0,0,0,0,0
6/9/2018,East,1,3,1.75,16,0,16,0,0,0,0,0,0,0,0,0,0,0
6/9/2018,East,1,4,1.75,13,0,13,0,0,0,0,0,0,0,0,0,0,0
6/9/2018,East,1,5,1.75,0,0,0,0,0,0,0,0,2,0,0,0,0,0
6/9/2018,East,1,6,1.75,3,0,3,0,0,0,0,0,0,0,0,0,0,0
6/9/2018,East,1,7,1.75,3,0,3,0,0,0,0,0,0,0,0,0,0,0
6/9/2018,East,1,8,1.75,3,0,3,0,0,0,0,0,0,0,0,0,0,0
6/9/2018,East,1,9,1.75,1,0,1,0,0,1,0,0,0,0,0,0,0,0
6/9/2018,East,1,10,1.75,11,0,11,0,0,0,0,0,0,0,0,0,0,0
6/9/2018,East,1,11,1.75,16,0,16,0,0,0,0,0,0,0,0,0,0,0
6/9/2018,East,1,12,1.75,8,0,8,0,0,0,0,0,0,0,0,0,0,0
6/9/2018,East,1,13,1.75,7,0,7,0,0,0,0,0,1,0,0,0,0,0
6/9/2018,East,1,14,1.75,5,0,5,0,0,0,0,0,0,0,0,0,0,0
6/9/2018,East,1,15,1.75,3,0,3,0,0,0,0,0,0,0,0,0,0,0
6/9/2018,East,1,16,1.75,0,0,0,0,0,0,some,2,0,0,0,0,0,0
6/9/2018,East,1,17,1.75,2,0,2,0,0,0,some,0,1,0,0,0,0,0
6/9/2018,East,1,18,1.75,37,0,37,0,0,0,0,0,0,0,0,0,0,0
6/9/2018,East,1,19,1.75,0,0,0,0,0,0,some,0,0,0,0,0,0,0
6/9/2018,East,1,20,1.75,3,0,3,0,0,0,0,0,0,0,0,0,0,0
6/9/2018,East,1,21,1.75,19,0,19,0,0,0,0,0,0,0,0,0,0,0
6/14/2018,East,1,1,1.75,3,2,5,0,0,0,0,0,1,many,0,0,0,0
6/14/2018,East,1,2,1.75,5,2,7,1,0,0,0,0,0,0,0,0,0,0
6/14/2018,East,1,3,1.75,8,0,8,0,0,0,0,0,0,0,0,0,0,0
6/14/2018,East,1,4,1.75,4,0,4,1,0,0,0,0,0,0,0,0,0,0
6/14/2018,East,1,5,1.75,2,0,2,0,0,1,0,0,0,0,0,0,0,0
6/14/2018,East,1,6,1.75,0,0,0,0,0,0,0,0,0,0,0,0,0,0
6/14/2018,East,1,7,1.75,0,5,5,0,0,1,0,0,0,0,0,0,0,0
6/14/2018,East,1,8,1.75,0,2,2,0,0,0,several,0,0,0,0,0,0,0
6/14/2018,East,1,9,1.75,3,19,22,1,0,0,0,0,1,0,0,0,0,0
6/14/2018,East,1,10,1.75,7,3,10,2,0,0,several,0,0,0,0,0,0,0
6/14/2018,East,1,11,1.75,7,0,7,0,0,0,0,0,0,0,0,0,0,0
6/14/2018,East,1,12,1.75,8,1,9,1,0,0,0,0,0,0,0,0,0,0
6/14/2018,East,1,13,1.75,3,0,3,0,0,0,several,0,0,0,0,0,0,0
6/14/2018,East,1,14,1.75,9,1,10,0,0,0,0,0,0,0,0,0,0,0
6/14/2018,East,1,15,1.75,7,0,7,0,0,0,0,0,0,0,0,0,0,0
6/14/2018,East,1,16,1.75,0,0,0,0,0,0,several,0,3,0,0,0,0,0
6/14/2018,East,1,17,1.75,3,0,3,0,0,0,0,0,1,0,0,0,0,0
6/14/2018,East,1,18,1.75,3,0,3,0,0,0,0,0,4,0,0,0,0,0
6/14/2018,East,1,19,1.75,4,0,4,0,0,0,0,0,0,0,0,0,0,0
6/14/2018,East,1,20,1.75,5,0,5,0,0,0,0,0,0,0,0,0,0,0
6/14/2018,East,1,21,1.75,7,0,7,2,0,0,0,0,3,0,0,0,0,0
6/14/2018,East,1,22,1.75,9,1,10,1,0,0,0,0,0,0,0,0,0,0
6/17/2018,East,1,1,1.75,4,4,8,1,0,0,0,0,1,several,0,0,0,0
6/17/2018,East,1,2,1.75,1,15,16,0,0,0,0,1,1,several,0,0,0,0
6/17/2018,East,1,3,1.75,5,4,9,0,0,1,0,0,1,0,0,0,0,0
6/17/2018,East,1,4,1.75,1,1,2,0,0,0,0,0,0,0,0,0,0,0
6/17/2018,East,1,5,1.75,0,0,0,1,0,0,0,0,2,0,0,0,0,0
6/17/2018,East,1,6,1.75,1,0,1,0,0,0,0,0,0,0,0,0,0,0
6/17/2018,East,1,7,1.75,0,5,5,0,0,0,0,0,0,0,0,0,0,0
6/17/2018,East,1,8,1.75,1,8,9,2,0,0,0,0,0,0,0,0,0,0
6/17/2018,East,1,9,1.75,3,1,4,0,0,0,0,0,0,0,1,0,0,0
6/17/2018,East,1,10,1.75,2,14,16,0,0,0,0,0,0,0,0,0,0,0
6/17/2018,East,1,11,1.75,2,3,5,2,0,0,0,0,1,0,0,0,0,0
6/17/2018,East,1,12,1.75,5,2,7,1,0,0,0,0,2,0,0,0,0,0
6/17/2018,East,1,13,1.75,8,3,11,0,0,0,0,0,1,0,0,0,0,0
6/17/2018,East,1,14,1.75,4,5,9,0,0,0,0,1,0,0,0,0,0,0
6/17/2018,East,1,15,1.75,2,0,2,0,0,0,0,0,1,0,0,0,0,0
6/17/2018,East,1,16,1.75,1,0,1,1,0,0,0,0,2,0,0,0,0,0
6/17/2018,East,1,17,1.75,6,3,9,0,0,0,0,0,1,0,0,0,0,0
6/17/2018,East,1,18,1.75,7,2,9,0,0,0,0,0,0,0,0,0,0,0
6/17/2018,East,1,19,1.75,3,5,8,0,0,0,0,0,0,0,0,0,0,0
6/17/2018,East,1,20,1.75,1,9,10,0,0,0,0,2,1,0,0,0,0,0
6/22/2018,East,1,1,1.75,0,5,5,0,0,0,0,0,0,0,0,0,0,0
6/22/2018,East,1,2,1.75,1,17,18,0,0,0,0,0,0,0,0,0,0,0
6/22/2018,East,1,3,1.75,1,12,13,0,0,0,0,1,0,0,0,0,0,0
6/22/2018,East,1,4,1.75,2,12,14,1,0,0,0,0,0,many,0,0,0,0
6/22/2018,East,1,5,1.75,1,5,6,0,0,0,0,0,2,0,0,0,0,0
6/22/2018,East,1,6,1.75,0,0,0,0,0,0,4,0,0,0,0,0,0,0
6/22/2018,East,1,7,1.75,0,0,0,0,0,0,0,0,0,many,0,0,0,0
6/22/2018,East,1,8,1.75,0,5,5,0,0,0,0,0,0,0,0,0,0,0
6/22/2018,East,1,9,1.75,0,3,3,0,0,1,0,0,0,0,0,0,0,0
6/22/2018,East,1,10,1.75,0,3,3,1,0,0,0,0,0,0,0,0,0,0
6/22/2018,East,1,11,1.75,0,2,2,0,0,0,0,0,0,0,0,0,0,0
6/22/2018,East,1,12,1.75,1,5,6,0,0,0,0,1,2,0,0,0,0,0
6/22/2018,East,1,13,1.75,0,4,4,0,0,0,0,0,0,0,0,0,0,0
6/22/2018,East,1,14,1.75,1,2,3,0,0,0,0,0,1,0,0,0,0,0
6/22/2018,East,1,15,1.75,0,2,2,0,0,0,0,0,2,0,0,0,0,0
6/22/2018,East,1,16,1.75,0,5,5,0,0,0,0,0,0,0,0,0,0,0
6/22/2018,East,1,17,1.75,0,30,30,1,0,0,0,0,0,0,0,0,0,0
6/22/2018,East,1,18,1.75,0,3,3,1,0,0,0,0,0,0,0,0,0,0
6/22/2018,East,1,19,1.75,0,5,5,1,0,0,0,0,0,0,0,0,0,0
6/26/2018,East,1,1,1.75,0,0,0,1,0,0,0,0,0,many,0,0,0,0
6/26/2018,East,1,2,1.75,0,0,0,0,0,0,0,0,0,0,0,0,0,0
6/26/2018,East,1,3,1.75,0,0,0,0,0,1,0,0,0,0,0,0,0,0
6/26/2018,East,1,4,1.75,0,2,2,0,0,0,0,4,0,0,0,0,0,0
6/26/2018,East,1,5,1.75,0,2,2,0,0,0,0,1,1,0,0,0,0,0
6/26/2018,East,1,6,1.75,0,1,1,0,0,0,0,0,0,0,0,0,0,0
6/26/2018,East,1,7,1.75,0,2,2,0,0,0,1,0,1,0,1,0,0,0
6/26/2018,East,1,8,1.75,0,1,1,0,0,0,0,0,0,0,0,0,0,0
6/26/2018,East,1,9,1.75,0,3,3,0,0,0,0,0,0,0,0,0,0,0
6/26/2018,East,1,10,1.75,0,0,0,0,0,0,0,2,0,0,0,0,0,0
6/26/2018,East,1,11,1.75,0,1,1,0,0,0,0,0,0,0,0,0,0,0
6/26/2018,East,1,12,1.75,0,3,3,0,0,0,0,0,0,0,0,0,0,0
6/26/2018,East,1,13,1.75,0,2,2,0,0,0,1,0,0,0,0,0,0,0
6/26/2018,East,1,14,1.75,0,0,0,0,0,1,0,1,1,0,0,0,0,0
6/26/2018,East,1,15,1.75,0,3,3,0,0,0,0,0,0,0,0,0,0,0
6/29/2018,East,1,1,1.75,0,0,0,0,0,0,0,0,0,0,0,0,0,0
6/29/2018,East,1,2,1.75,0,1,1,0,0,0,1,0,0,0,0,0,0,0
6/29/2018,East,1,3,1.75,0,2,2,0,0,0,1,1,0,0,0,0,0,0
6/29/2018,East,1,4,1.75,0,0,0,0,0,0,1,0,0,0,0,0,0,0
6/29/2018,East,1,5,1.75,0,1,1,2,0,1,1,0,0,many,0,0,0,0
6/29/2018,East,1,6,1.75,0,1,1,2,0,1,0,0,0,many,0,0,0,0
6/29/2018,East,1,7,1.75,0,0,0,0,0,0,1,0,0,0,0,0,0,0
6/29/2018,East,1,8,1.75,0,0,0,0,0,0,1,0,0,0,0,0,0,0
6/29/2018,East,1,9,1.75,0,1,1,0,0,0,0,0,0,0,0,0,0,0
6/29/2018,East,1,10,1.75,0,0,0,2,0,0,0,0,0,0,0,0,0,0
6/29/2018,East,1,11,1.75,0,2,2,0,0,0,1,0,0,many,0,0,0,0
6/29/2018,East,1,12,1.75,0,0,0,0,0,0,0,0,0,0,0,0,0,0
6/29/2018,East,1,13,1.75,0,1,1,0,0,1,0,0,0,0,0,0,0,0
6/29/2018,East,1,14,1.75,0,2,2,0,0,0,0,0,2,0,0,0,0,0
6/29/2018,East,1,15,1.75,0,0,0,0,0,0,0,0,0,0,0,0,0,0
6/29/2018,East,1,16,1.75,0,0,0,0,0,0,0,0,0,0,0,0,0,0
5/19/2018,Golf,1c,1,1.75,0,0,0,0,0,0,0,0,0,0,1,0,0,0
5/19/2018,Golf,1c,2,1.75,0,0,0,0,0,0,0,0,0,0,0,0,0,0
5/19/2018,Golf,1c,3,1.75,0,0,0,0,0,0,0,0,0,0,0,0,0,0
5/19/2018,Golf,1c,4,1.75,0,0,0,0,0,0,0,0,0,0,0,0,0,0
5/19/2018,Golf,1c,5,1.75,4,0,4,0,0,0,0,0,0,0,0,0,0,0
5/19/2018,Golf,1c,6,1.75,2,0,2,0,0,0,0,0,0,0,0,0,0,0
5/19/2018,Golf,1c,7,1.75,23,0,23,0,0,0,0,0,0,0,0,0,0,0
5/19/2018,Golf,1c,8,1.75,20,0,20,0,0,0,0,0,0,0,0,0,0,0
5/19/2018,Golf,1c,9,1.75,9,0,9,0,0,0,0,0,2,0,0,0,0,0
5/19/2018,Golf,1c,10,1.75,0,0,0,0,0,0,0,0,0,0,1,0,0,0
5/19/2018,Golf,1c,11,1.75,2,0,2,0,0,0,0,0,0,0,0,0,0,0
5/19/2018,Golf,1c,12,1.75,0,0,0,0,0,0,0,0,1,0,0,0,0,0
5/19/2018,Golf,1c,13,1.75,17,0,17,0,0,0,0,0,0,0,0,0,0,0
5/19/2018,Golf,1c,14,1.75,57,0,57,0,0,0,0,0,0,0,0,0,0,0
5/19/2018,Golf,1c,15,1.75,6,0,6,0,0,0,0,0,1,0,0,0,0,0
5/19/2018,Golf,1c,16,1.75,0,0,0,0,0,0,0,0,0,0,0,0,0,0
5/19/2018,Golf,1c,17,1.75,0,0,0,0,0,0,0,0,0,0,0,0,0,0
5/19/2018,Golf,1c,18,1.75,0,0,0,0,0,0,0,0,0,0,0,0,0,0
5/19/2018,Golf,1c,19,1.75,0,0,0,0,0,0,0,0,0,0,1,0,0,0
5/19/2018,Golf,1c,20,1.75,0,0,0,0,0,0,0,0,0,0,0,0,0,0
5/24/2018,Golf,1c,1,1.75,136,0,136,0,0,0,0,0,0,0,0,0,0,0
5/24/2018,Golf,1c,2,1.75,151,0,151,0,0,0,0,0,0,0,0,0,0,0
5/24/2018,Golf,1c,3,1.75,21,0,21,0,0,0,0,0,0,0,0,0,0,0
5/24/2018,Golf,1c,4,1.75,14,0,14,0,0,0,0,0,0,0,0,0,0,0
5/24/2018,Golf,1c,5,1.75,10,0,10,0,0,0,0,0,1,0,0,0,0,0
5/24/2018,Golf,1c,6,1.75,7,0,7,0,0,0,0,0,1,0,0,0,0,0
5/24/2018,Golf,1c,7,1.75,0,0,0,0,0,0,0,0,0,0,0,0,0,0
5/24/2018,Golf,1c,8,1.75,15,0,15,0,0,0,0,0,1,0,0,0,0,0
5/24/2018,Golf,1c,9,1.75,11,0,11,0,0,0,0,0,0,0,0,0,0,0
5/24/2018,Golf,1c,10,1.75,7,0,7,0,0,0,0,0,0,0,0,0,0,0
5/24/2018,Golf,1c,11,1.75,5,0,5,0,0,0,0,0,0,0,0,0,0,0
5/24/2018,Golf,1c,12,1.75,47,0,47,0,0,0,0,0,0,0,0,0,0,0
5/24/2018,Golf,1c,13,1.75,9,0,9,0,0,0,0,0,3,0,0,0,0,0
5/24/2018,Golf,1c,14,1.75,10,0,10,0,0,0,0,0,0,0,0,0,0,0
5/24/2018,Golf,1c,15,1.75,39,0,39,0,0,0,0,0,0,0,0,0,0,0
5/24/2018,Golf,1c,16,1.75,10,0,10,0,0,0,0,0,0,0,0,0,0,0
5/24/2018,Golf,1c,17,1.75,7,0,7,0,0,0,0,0,3,0,0,0,0,0
5/24/2018,Golf,1c,18,1.75,3,0,3,0,0,0,0,0,1,0,0,0,0,0
5/24/2018,Golf,1c,19,1.75,12,0,12,0,0,0,0,0,0,0,0,0,0,0
5/28/2018,Golf,1c,1,1.75,16,0,16,0,0,0,0,0,3,0,0,0,0,0
5/28/2018,Golf,1c,2,1.75,3,0,3,0,0,0,0,0,3,0,0,0,0,0
5/28/2018,Golf,1c,3,1.75,18,0,18,0,0,0,0,0,1,0,0,0,0,0
5/28/2018,Golf,1c,4,1.75,9,0,9,0,0,0,0,0,1,0,0,0,0,0
5/28/2018,Golf,1c,5,1.75,19,0,19,0,0,0,0,0,0,0,0,0,0,0
5/28/2018,Golf,1c,6,1.75,0,0,0,0,0,0,0,0,0,0,1,0,0,0
5/28/2018,Golf,1c,7,1.75,11,0,11,0,0,0,0,0,1,0,0,0,0,0
5/28/2018,Golf,1c,8,1.75,3,0,3,0,0,0,0,0,2,0,0,0,0,0
5/28/2018,Golf,1c,9,1.75,3,0,3,0,0,0,0,0,0,0,0,0,0,0
5/28/2018,Golf,1c,10,1.75,2,0,2,0,0,0,0,0,0,0,0,0,0,0
5/28/2018,Golf,1c,11,1.75,5,0,5,0,0,0,0,0,1,0,0,0,0,0
5/28/2018,Golf,1c,12,1.75,22,0,22,0,0,0,0,0,0,0,0,0,0,0
5/28/2018,Golf,1c,13,1.75,2,0,2,0,0,0,0,0,3,0,0,0,0,0
5/28/2018,Golf,1c,14,1.75,27,0,27,0,0,0,0,0,2,0,0,0,0,0
5/28/2018,Golf,1c,15,1.75,64,0,64,0,0,0,0,0,0,0,0,0,0,0
5/28/2018,Golf,1c,16,1.75,141,0,141,0,0,0,0,0,0,0,0,0,0,0
5/28/2018,Golf,1c,17,1.75,60,0,60,0,0,0,0,0,0,0,0,0,0,0
5/28/2018,Golf,1c,18,1.75,30,0,30,0,0,0,0,1,1,0,0,0,0,0
5/28/2018,Golf,1c,19,1.75,18,0,18,0,0,0,0,1,3,0,0,0,0,0
6/2/2018,Golf,1c,1,1.75,5,0,5,0,0,0,0,0,0,many,0,0,0,0
6/2/2018,Golf,1c,2,1.75,4,0,4,0,0,0,0,0,1,0,0,0,0,0
6/2/2018,Golf,1c,3,1.75,22,0,22,0,0,0,0,0,0,0,1,0,0,0
6/2/2018,Golf,1c,4,1.75,8,0,8,0,0,0,0,0,1,0,0,0,0,0
6/2/2018,Golf,1c,5,1.75,6,0,6,0,0,0,0,0,0,0,0,0,0,0
6/2/2018,Golf,1c,6,1.75,6,0,6,0,0,0,0,0,0,0,0,0,0,0
6/2/2018,Golf,1c,7,1.75,19,0,19,0,0,0,0,0,0,0,0,0,0,0
6/2/2018,Golf,1c,8,1.75,18,0,18,0,0,0,0,0,0,0,0,0,0,0
6/2/2018,Golf,1c,9,1.75,11,0,11,0,0,0,0,0,0,0,0,0,0,0
6/2/2018,Golf,1c,10,1.75,6,0,6,0,0,0,0,0,0,0,0,0,0,0
6/2/2018,Golf,1c,11,1.75,24,0,24,0,0,0,0,0,1,0,0,0,0,0
6/2/2018,Golf,1c,12,1.75,12,0,12,0,0,0,0,0,0,0,0,0,0,0
6/2/2018,Golf,1c,13,1.75,20,0,20,0,0,0,0,0,0,0,0,0,0,0
6/2/2018,Golf,1c,14,1.75,6,0,6,0,0,0,0,0,0,0,0,0,0,0
6/2/2018,Golf,1c,15,1.75,3,0,3,0,0,0,0,0,2,0,0,0,0,0
6/2/2018,Golf,1c,16,1.75,4,0,4,0,0,0,0,0,0,0,0,0,0,0
6/2/2018,Golf,1c,17,1.75,7,0,7,0,0,0,0,0,1,0,0,0,0,0
6/6/2018,Golf,1c,1,1.75,21,0,21,0,0,0,0,0,1,0,0,0,0,0
6/6/2018,Golf,1c,2,1.75,9,0,9,0,0,0,0,0,0,0,0,0,0,0
6/6/2018,Golf,1c,3,1.75,2,0,2,0,0,0,0,0,0,0,0,0,0,0
6/6/2018,Golf,1c,4,1.75,5,0,5,0,0,0,0,0,0,0,0,0,0,0
6/6/2018,Golf,1c,5,1.75,9,0,9,0,0,0,0,0,1,0,0,0,0,0
6/6/2018,Golf,1c,6,1.75,16,0,16,0,0,0,0,0,0,0,0,0,0,0
6/6/2018,Golf,1c,7,1.75,0,0,0,0,0,0,0,0,0,0,0,0,0,0
6/6/2018,Golf,1c,8,1.75,20,0,20,0,0,0,0,0,0,0,0,0,0,0
6/6/2018,Golf,1c,9,1.75,34,1,35,0,0,0,0,0,1,0,0,0,0,0
6/6/2018,Golf,1c,10,1.75,12,0,12,0,0,0,0,0,0,0,0,0,0,0
6/6/2018,Golf,1c,11,1.75,8,0,8,0,0,0,0,0,1,0,0,0,0,0
6/6/2018,Golf,1c,12,1.75,16,0,16,0,0,0,0,0,0,0,0,0,0,0
6/6/2018,Golf,1c,13,1.75,1,0,1,0,0,0,0,0,1,0,0,0,0,0
6/6/2018,Golf,1c,14,1.75,7,0,7,0,0,0,0,0,0,0,0,0,0,0
6/6/2018,Golf,1c,15,1.75,1,0,1,0,0,0,0,0,0,0,0,0,0,0
6/6/2018,Golf,1c,16,1.75,3,0,3,0,0,0,0,0,0,0,0,0,0,0
6/6/2018,Golf,1c,17,1.75,2,0,2,0,0,0,0,0,0,0,0,0,0,0
6/11/2018,Golf,1c,1,1.75,2,25,27,1,0,0,0,0,1,0,0,0,0,0
6/11/2018,Golf,1c,2,1.75,1,18,19,0,0,0,0,0,0,several,0,0,0,0
6/11/2018,Golf,1c,3,1.75,1,37,38,0,0,0,0,0,1,0,0,0,0,0
6/11/2018,Golf,1c,4,1.75,0,33,33,1,0,0,0,0,1,0,0,0,0,0
6/11/2018,Golf,1c,5,1.75,0,80,80,0,0,0,0,0,0,0,0,0,0,0
6/11/2018,Golf,1c,6,1.75,6,114,120,0,0,0,0,1,0,0,0,0,0,0
6/11/2018,Golf,1c,7,1.75,1,13,14,0,0,0,0,0,0,0,0,0,0,0
6/11/2018,Golf,1c,8,1.75,8,162,170,1,0,0,0,0,0,0,0,0,0,0
6/11/2018,Golf,1c,9,1.75,2,45,47,0,0,0,0,0,0,0,0,0,0,0
6/11/2018,Golf,1c,10,1.75,1,37,38,0,0,0,0,0,0,0,0,0,0,0
6/11/2018,Golf,1c,11,1.75,0,3,3,0,0,0,0,0,0,0,0,0,0,0
6/11/2018,Golf,1c,12,1.75,0,24,24,0,0,0,0,0,0,0,0,0,0,0
6/11/2018,Golf,1c,13,1.75,0,4,4,0,0,0,0,0,0,0,0,0,0,0
6/15/2018,Golf,1c,1,1.75,0,2,2,0,0,0,0,0,1,many,0,0,0,0
6/15/2018,Golf,1c,2,1.75,0,8,8,0,0,0,0,1,0,many,0,0,0,0
6/15/2018,Golf,1c,3,1.75,0,2,2,1,0,0,0,0,0,0,0,0,0,0
6/15/2018,Golf,1c,4,1.75,0,2,2,0,0,0,0,0,0,0,0,0,0,0
6/15/2018,Golf,1c,5,1.75,0,3,3,0,0,0,0,0,0,0,0,0,0,0
6/15/2018,Golf,1c,6,1.75,1,9,10,0,0,0,0,0,0,0,0,0,0,0
6/15/2018,Golf,1c,7,1.75,0,4,4,0,0,0,0,0,0,many,0,0,0,0
6/15/2018,Golf,1c,8,1.75,0,18,18,0,0,0,0,0,0,0,0,0,0,0
6/15/2018,Golf,1c,9,1.75,0,4,4,0,0,0,0,0,3,0,0,0,0,0
6/15/2018,Golf,1c,10,1.75,0,4,4,0,0,0,0,0,3,0,0,0,0,0
6/15/2018,Golf,1c,11,1.75,0,0,0,0,0,0,0,0,0,0,0,0,0,0
6/15/2018,Golf,1c,12,1.75,0,11,11,0,0,0,0,0,2,many,0,0,0,0
6/15/2018,Golf,1c,13,1.75,0,2,2,0,0,0,0,0,0,0,0,0,0,0
6/18/2018,Golf,1c,1,1.75,0,1,1,1,0,0,0,0,0,0,0,0,0,0
6/18/2018,Golf,1c,2,1.75,0,0,0,0,0,0,0,2,0,0,0,0,0,0
6/18/2018,Golf,1c,3,1.75,0,1,1,0,0,0,0,0,0,0,0,0,0,0
6/18/2018,Golf,1c,4,1.75,0,0,0,0,0,0,0,1,0,0,0,0,0,0
6/18/2018,Golf,1c,5,1.75,0,0,0,0,0,0,0,0,0,some,0,0,0,0
6/18/2018,Golf,1c,6,1.75,0,0,0,0,0,0,0,0,0,0,0,0,0,0
6/18/2018,Golf,1c,7,1.75,0,1,1,0,0,0,0,0,0,0,0,0,0,0
6/18/2018,Golf,1c,8,1.75,0,1,1,0,0,0,0,0,0,0,0,1,0,0
6/18/2018,Golf,1c,9,1.75,0,1,1,0,0,0,0,0,0,0,0,0,0,0
6/18/2018,Golf,1c,10,1.75,0,0,0,0,0,0,0,0,0,0,0,0,0,0
6/18/2018,Golf,1c,11,1.75,0,1,1,0,0,0,0,0,0,0,0,0,0,0
6/18/2018,Golf,1c,12,1.75,0,1,1,0,0,0,0,0,0,0,0,0,0,0
5/20/2018,Ice,4,1,1.75,196,0,196,0,0,0,0,0,0,0,0,0,0,0
5/20/2018,Ice,4,2,1.75,1,0,1,0,0,0,0,0,0,0,0,0,0,0
5/20/2018,Ice,4,3,1.75,11,0,11,0,0,0,0,0,0,0,0,0,0,0
5/20/2018,Ice,4,4,1.75,0,0,0,0,0,0,0,0,0,0,0,0,0,0
5/20/2018,Ice,4,5,1.75,2,0,2,0,0,0,0,0,0,0,0,0,0,0
5/20/2018,Ice,4,6,1.75,6,0,6,0,0,1,0,0,0,0,0,0,0,0
5/20/2018,Ice,4,7,1.75,0,0,0,0,0,0,0,0,0,0,0,0,0,0
5/20/2018,Ice,4,8,1.75,8,0,8,0,0,0,0,0,0,0,0,0,0,0
5/20/2018,Ice,4,9,1.75,9,0,9,0,0,0,0,0,0,0,0,0,0,0
5/20/2018,Ice,4,10,1.75,14,0,14,0,0,0,0,0,0,0,1,0,0,0
5/20/2018,Ice,4,11,1.75,19,0,19,0,0,0,0,0,0,0,0,0,0,0
5/20/2018,Ice,4,12,1.75,0,0,0,0,0,0,0,0,0,0,0,0,0,0
5/20/2018,Ice,4,13,1.75,0,0,0,0,0,0,0,0,0,0,0,0,0,0
5/20/2018,Ice,4,14,1.75,1,0,1,0,0,0,0,0,0,0,0,0,0,0
5/20/2018,Ice,4,15,1.75,81,0,81,0,0,0,0,0,0,0,0,0,0,0
5/20/2018,Ice,4,16,1.75,0,0,0,0,0,0,0,0,0,0,0,0,0,0
5/20/2018,Ice,4,17,1.75,0,0,0,0,0,0,0,0,0,0,0,0,0,0
5/25/2018,Ice,4,1,1.75,28,0,28,0,0,0,0,0,13,0,0,0,0,0
5/25/2018,Ice,4,2,1.75,7,0,7,0,0,0,0,0,4,0,0,0,0,0
5/25/2018,Ice,4,3,1.75,9,0,9,0,0,0,0,0,14,0,0,0,0,0
5/25/2018,Ice,4,4,1.75,0,0,0,0,0,0,0,0,5,0,0,0,0,0
5/25/2018,Ice,4,5,1.75,51,0,51,0,0,0,0,0,4,0,0,0,0,0
5/25/2018,Ice,4,6,1.75,0,0,0,0,0,0,0,0,9,0,0,0,0,0
5/25/2018,Ice,4,7,1.75,46,0,46,0,0,0,0,0,0,0,0,0,0,0
5/25/2018,Ice,4,8,1.75,49,0,49,0,0,0,0,0,0,0,0,0,0,0
5/25/2018,Ice,4,9,1.75,0,0,0,0,0,0,0,0,0,0,0,0,0,0
5/25/2018,Ice,4,10,1.75,1,0,1,0,0,0,0,0,0,0,0,0,0,0
5/25/2018,Ice,4,11,1.75,0,0,0,0,0,0,0,0,4,0,0,0,0,0
5/25/2018,Ice,4,12,1.75,4,0,4,0,0,0,0,0,10,0,0,0,0,0
5/25/2018,Ice,4,13,1.75,16,0,16,0,0,0,0,0,3,0,0,0,0,0
5/25/2018,Ice,4,14,1.75,13,0,13,0,0,0,0,0,4,0,0,0,0,0
5/25/2018,Ice,4,15,1.75,36,0,36,0,0,0,0,0,13,0,0,0,0,0
5/25/2018,Ice,4,16,1.75,69,0,69,0,0,0,0,0,4,0,0,0,0,0
5/25/2018,Ice,4,17,1.75,3,0,3,0,0,0,0,0,0,0,0,0,0,0
5/25/2018,Ice,4,18,1.75,0,0,0,0,0,0,0,0,1,0,0,0,0,0
5/25/2018,Ice,4,19,1.75,9,0,9,0,0,0,0,0,5,0,0,0,0,0
5/29/2018,Ice,4,1,1.75,1,0,1,0,0,0,0,0,8,0,0,0,0,0
5/29/2018,Ice,4,2,1.75,71,0,71,0,0,0,0,0,2,0,0,0,0,0
5/29/2018,Ice,4,3,1.75,62,0,62,0,0,0,0,0,10,0,0,0,0,0
5/29/2018,Ice,4,4,1.75,36,0,36,0,0,0,0,0,8,0,0,0,0,0
5/29/2018,Ice,4,5,1.75,20,0,20,0,0,0,1,0,5,0,0,0,0,0
5/29/2018,Ice,4,6,1.75,4,0,4,0,0,0,0,0,12,some,0,0,0,0
5/29/2018,Ice,4,7,1.75,38,0,38,0,0,0,0,0,9,0,0,0,0,0
5/29/2018,Ice,4,8,1.75,108,0,108,0,0,0,0,0,11,0,0,0,0,0
5/29/2018,Ice,4,9,1.75,22,0,22,0,0,0,0,0,2,0,0,0,0,0
5/29/2018,Ice,4,10,1.75,13,0,13,0,0,0,0,0,3,0,0,0,0,0
5/29/2018,Ice,4,11,1.75,0,0,0,0,0,0,1,0,1,0,0,0,0,0
5/29/2018,Ice,4,12,1.75,0,0,0,0,0,0,0,0,4,0,0,0,0,0
5/29/2018,Ice,4,13,1.75,1,0,1,0,0,0,0,0,12,0,1,0,0,0
5/29/2018,Ice,4,14,1.75,0,0,0,0,0,0,0,0,8,0,0,0,0,0
5/29/2018,Ice,4,15,1.75,0,0,0,0,0,0,0,0,8,0,0,0,0,0
5/29/2018,Ice,4,16,1.75,1,0,1,0,0,0,0,0,7,0,0,0,0,0
5/29/2018,Ice,4,17,1.75,0,0,0,0,0,0,0,0,6,0,0,0,0,0
5/29/2018,Ice,4,18,1.75,0,0,0,0,0,0,0,0,4,0,0,0,0,0
5/29/2018,Ice,4,19,1.75,4,0,4,0,0,0,0,0,8,0,0,0,0,0
5/29/2018,Ice,4,20,1.75,1,0,1,0,0,0,0,0,9,0,0,0,0,0
6/4/2018,Ice,4,1,1.75,2,0,2,0,0,0,2,0,1,0,0,0,0,0
6/4/2018,Ice,4,2,1.75,11,0,11,0,0,0,0,0,3,0,0,0,0,0
6/4/2018,Ice,4,3,1.75,2,0,2,0,0,0,0,0,1,some,0,0,0,0
6/4/2018,Ice,4,4,1.75,2,0,2,0,0,0,1,0,0,0,0,0,0,0
6/4/2018,Ice,4,5,1.75,0,0,0,0,0,0,0,0,3,0,0,0,0,0
6/4/2018,Ice,4,6,1.75,0,0,0,0,0,0,0,0,1,0,0,0,0,0
6/4/2018,Ice,4,7,1.75,11,0,11,0,0,0,0,0,9,0,0,0,0,0
6/4/2018,Ice,4,8,1.75,4,0,4,0,0,0,0,0,2,0,0,0,0,0
6/4/2018,Ice,4,9,1.75,2,0,2,0,0,0,0,0,0,some,0,0,0,0
6/4/2018,Ice,4,10,1.75,5,0,5,0,0,0,0,0,0,0,0,0,0,0
6/4/2018,Ice,4,11,1.75,0,0,0,0,0,0,0,0,0,0,0,0,0,0
6/4/2018,Ice,4,12,1.75,22,0,22,0,0,0,0,0,0,0,0,0,0,0
6/4/2018,Ice,4,13,1.75,33,0,33,0,0,0,0,0,5,0,0,0,0,0
6/4/2018,Ice,4,14,1.75,8,0,8,0,0,0,0,0,7,0,0,0,0,0
6/4/2018,Ice,4,15,1.75,17,0,17,0,0,0,1,1,1,some,0,0,0,0
6/4/2018,Ice,4,16,1.75,16,0,16,0,0,0,12,0,3,0,0,0,0,0
6/4/2018,Ice,4,17,1.75,9,0,9,0,0,0,1,0,1,0,0,0,0,0
6/4/2018,Ice,4,18,1.75,15,0,15,0,0,0,0,0,0,0,0,0,0,0
6/4/2018,Ice,4,19,1.75,0,0,0,0,0,0,0,0,5,0,0,0,0,0
6/8/2018,Ice,4,1,1.75,7,0,7,0,0,0,several,0,3,0,0,0,0,0
6/8/2018,Ice,4,2,1.75,10,0,10,0,0,0,0,0,0,many,0,0,0,0
6/8/2018,Ice,4,3,1.75,3,0,3,0,0,0,0,0,0,many,0,0,0,0
6/8/2018,Ice,4,4,1.75,8,0,8,0,0,0,several,0,0,many,0,0,0,0
6/8/2018,Ice,4,5,1.75,2,0,2,0,0,0,0,0,3,many,0,0,0,0
6/8/2018,Ice,4,6,1.75,11,0,11,0,0,0,0,0,4,many,0,0,0,0
6/8/2018,Ice,4,7,1.75,24,0,24,1,0,0,0,0,2,many,0,0,0,0
6/8/2018,Ice,4,8,1.75,15,0,15,0,0,0,several,0,0,many,0,11,0,0
6/8/2018,Ice,4,9,1.75,0,0,0,0,0,0,several,0,2,many,0,0,0,0
6/8/2018,Ice,4,10,1.75,8,0,8,0,0,0,0,0,3,many,0,0,0,0
6/8/2018,Ice,4,11,1.75,5,0,5,0,0,2,0,0,0,many,0,0,0,0
6/8/2018,Ice,4,12,1.75,6,0,6,0,0,0,0,0,0,many,0,0,0,0
6/8/2018,Ice,4,13,1.75,2,0,2,0,0,0,several,0,1,many,0,0,0,0
6/8/2018,Ice,4,14,1.75,12,0,12,0,0,0,0,0,0,many,0,0,0,0
6/8/2018,Ice,4,15,1.75,6,0,6,0,0,0,several,0,1,many,0,0,0,0
6/8/2018,Ice,4,16,1.75,1,0,1,0,0,0,0,0,0,many,0,0,0,0
6/8/2018,Ice,4,17,1.75,10,0,10,0,0,0,0,0,1,many,0,0,0,0
6/12/2018,Ice,4,1,1.75,2,2,4,0,0,0,0,0,0,many,0,0,0,0
6/12/2018,Ice,4,2,1.75,0,0,0,0,0,0,0,0,0,many,0,0,0,0
6/12/2018,Ice,4,3,1.75,6,0,6,0,0,0,0,0,0,many,0,0,0,0
6/12/2018,Ice,4,4,1.75,1,0,1,0,0,0,several,1,1,many,0,0,0,0
6/12/2018,Ice,4,5,1.75,10,1,11,0,0,0,0,0,0,many,0,0,0,0
6/12/2018,Ice,4,6,1.75,20,11,31,3,0,0,0,0,0,many,0,0,0,0
6/12/2018,Ice,4,7,1.75,9,9,18,0,0,0,0,0,1,many,0,0,0,0
6/12/2018,Ice,4,8,1.75,23,58,81,0,0,0,0,0,3,many,0,0,0,0
6/12/2018,Ice,4,9,1.75,8,5,13,1,0,0,0,0,4,many,0,8,0,0
6/12/2018,Ice,4,10,1.75,1,2,3,0,0,0,0,0,0,many,0,0,0,0
6/12/2018,Ice,4,11,1.75,2,3,5,1,0,0,0,0,0,many,0,0,0,0
6/12/2018,Ice,4,12,1.75,2,1,3,0,0,0,several,0,0,many,0,0,0,0
6/12/2018,Ice,4,13,1.75,5,2,7,2,0,0,0,0,0,many,0,0,0,0
6/12/2018,Ice,4,14,1.75,0,0,0,0,0,0,0,0,0,many,0,0,0,0
6/12/2018,Ice,4,15,1.75,5,3,8,1,0,0,several,0,1,many,0,0,0,0
6/12/2018,Ice,4,16,1.75,0,5,5,0,0,0,0,0,0,many,0,0,0,0
6/12/2018,Ice,4,17,1.75,1,1,2,1,0,0,0,0,0,many,0,0,0,0
6/12/2018,Ice,4,18,1.75,0,1,1,0,0,0,0,0,0,many,0,0,0,0
6/16/2018,Ice,4,1,1.75,0,8,8,0,0,0,0,0,0,many,0,0,0,0
6/16/2018,Ice,4,2,1.75,0,34,34,0,0,0,0,0,0,many,0,0,0,0
6/16/2018,Ice,4,3,1.75,0,10,10,0,0,0,0,0,2,many,0,0,0,0
6/16/2018,Ice,4,4,1.75,0,12,12,2,0,0,0,0,1,0,0,0,0,0
6/16/2018,Ice,4,5,1.75,1,19,20,0,0,0,many,0,0,many,0,0,0,0
6/16/2018,Ice,4,6,1.75,5,49,54,0,0,0,many,0,1,0,0,0,0,0
6/16/2018,Ice,4,7,1.75,1,107,108,1,1,0,0,0,1,many,0,0,0,0
6/16/2018,Ice,4,8,1.75,2,33,35,0,0,0,0,0,4,0,0,0,0,0
6/16/2018,Ice,4,9,1.75,0,2,2,0,0,0,0,0,0,0,0,0,0,0
6/16/2018,Ice,4,10,1.75,1,8,9,0,0,0,0,0,1,many,0,0,0,0
6/16/2018,Ice,4,11,1.75,0,8,8,0,0,0,1,0,0,many,0,0,0,0
6/16/2018,Ice,4,12,1.75,0,10,10,0,0,0,0,0,0,many,0,0,0,0
6/16/2018,Ice,4,13,1.75,0,15,15,0,0,0,0,0,0,many,0,0,0,0
6/16/2018,Ice,4,14,1.75,0,1,1,1,0,0,0,0,0,many,0,0,0,0
6/16/2018,Ice,4,15,1.75,0,1,1,0,0,0,0,0,0,many,0,0,0,0
6/16/2018,Ice,4,16,1.75,0,1,1,0,0,0,0,0,0,many,0,0,0,0
6/21/2018,Ice,4,1,1.75,0,0,0,0,1,1,0,0,0,many,0,0,0,0
6/21/2018,Ice,4,2,1.75,0,0,0,0,0,0,many,0,0,many,0,0,0,0
6/21/2018,Ice,4,3,1.75,0,1,1,0,0,0,many,0,1,many,0,0,0,0
6/21/2018,Ice,4,4,1.75,0,1,1,1,0,0,0,0,0,0,0,0,0,0
6/21/2018,Ice,4,5,1.75,0,0,0,0,0,1,0,0,2,0,0,0,0,0
6/21/2018,Ice,4,6,1.75,0,2,2,1,0,0,0,0,3,0,0,0,0,0
6/21/2018,Ice,4,7,1.75,0,1,1,2,0,0,many,0,0,0,0,0,0,0
6/21/2018,Ice,4,8,1.75,0,0,0,0,0,0,0,0,0,0,0,0,0,0
6/21/2018,Ice,4,9,1.75,0,0,0,0,0,0,many,0,1,0,0,0,0,0
6/21/2018,Ice,4,10,1.75,0,0,0,0,0,0,0,0,0,many,0,0,0,0
6/21/2018,Ice,4,11,1.75,0,0,0,0,0,1,0,0,0,many,0,0,0,0
6/21/2018,Ice,4,12,1.75,0,1,1,0,0,0,0,0,0,0,0,0,0,0
6/21/2018,Ice,4,13,1.75,0,0,0,0,0,0,0,0,1,many,0,0,0,0
6/21/2018,Ice,4,14,1.75,0,6,6,1,0,0,0,0,0,many,0,0,0,0
6/21/2018,Ice,4,15,1.75,0,0,0,0,0,0,0,0,0,many,0,0,0,0
6/21/2018,Ice,4,16,1.75,0,0,0,2,0,0,0,0,0,many,0,0,0,0
6/21/2018,Ice,4,17,1.75,0,2,2,0,0,0,0,0,0,many,0,0,0,0
6/24/2018,Ice,4,1,1.75,0,0,0,0,0,0,0,0,0,many,0,0,0,0
6/24/2018,Ice,4,2,1.75,0,0,0,0,0,0,many,0,2,many,0,0,0,0
6/24/2018,Ice,4,3,1.75,0,0,0,0,0,0,many,0,0,many,0,0,0,0
6/24/2018,Ice,4,4,1.75,0,1,1,0,0,0,0,0,0,many,0,0,0,0
6/24/2018,Ice,4,5,1.75,0,0,0,0,0,0,0,0,0,many,0,0,0,0
6/24/2018,Ice,4,6,1.75,0,0,0,0,0,0,0,0,0,many,0,0,0,0
6/24/2018,Ice,4,7,1.75,0,0,0,0,0,0,0,0,0,many,0,0,0,0
6/24/2018,Ice,4,8,1.75,0,0,0,0,0,0,0,0,0,many,0,0,0,0
6/24/2018,Ice,4,9,1.75,0,1,1,0,0,0,0,0,0,many,0,0,0,0
6/24/2018,Ice,4,10,1.75,0,0,0,0,0,0,0,0,0,many,0,0,0,0
6/28/2018,Ice,4,1,1.75,0,0,0,0,0,0,0,0,0,many,0,0,0,0
6/28/2018,Ice,4,2,1.75,0,0,0,0,0,0,1,0,0,many,0,0,0,0
6/28/2018,Ice,4,3,1.75,0,0,0,0,0,0,0,0,0,many,0,0,0,0
6/28/2018,Ice,4,4,1.75,0,0,0,0,0,0,0,0,0,0,0,0,0,0
6/28/2018,Ice,4,5,1.75,0,0,0,0,0,0,0,0,0,0,0,0,0,0
6/28/2018,Ice,4,6,1.75,0,0,0,0,0,0,0,0,0,0,0,0,0,0
6/28/2018,Ice,4,7,1.75,0,0,0,0,0,0,0,0,0,0,0,0,0,0
6/28/2018,Ice,4,8,1.75,0,0,0,0,0,0,0,0,0,0,0,0,0,0
6/28/2018,Ice,4,9,1.75,0,0,0,0,0,0,0,0,0,many,0,0,0,0
6/28/2018,Ice,4,10,1.75,0,0,0,0,0,0,0,0,0,0,0,0,0,0
6/28/2018,Ice,4,11,1.75,0,0,0,0,0,0,0,0,0,0,0,0,0,0
6/28/2018,Ice,4,12,1.75,0,0,0,0,0,0,0,0,0,many,0,0,0,0
5/15/2018,NoOil,1a,1,1.75,2,0,2,0,0,0,0,0,0,0,0,0,0,0
5/15/2018,NoOil,1a,2,1.75,0,0,0,0,0,0,0,0,0,0,0,0,0,0
5/15/2018,NoOil,1a,3,1.75,0,0,0,0,0,0,0,0,0,0,0,0,0,0
5/15/2018,NoOil,1a,4,1.75,0,0,0,0,0,0,0,0,0,0,1,0,0,0
5/15/2018,NoOil,1a,5,1.75,0,0,0,0,0,0,0,0,0,0,0,0,0,0
5/15/2018,NoOil,1a,6,1.75,36,0,36,0,0,0,0,0,0,0,0,0,0,0
5/15/2018,NoOil,1a,7,1.75,0,0,0,0,0,0,0,0,0,0,0,0,0,0
5/15/2018,NoOil,1a,8,1.75,0,0,0,0,0,0,0,0,0,0,0,0,0,0
5/15/2018,NoOil,1a,9,1.75,19,0,19,0,0,0,0,0,0,0,0,0,0,0
5/15/2018,NoOil,1a,10,1.75,165,0,165,0,0,0,0,0,0,0,6,0,0,0
5/19/2018,NoOil,1a,1,1.75,1,0,1,0,0,0,0,0,0,0,0,0,0,0
5/19/2018,NoOil,1a,2,1.75,278,0,278,0,0,0,0,0,0,0,0,0,0,0
5/19/2018,NoOil,1a,3,1.75,320,0,320,0,0,0,0,0,0,0,0,0,0,0
5/19/2018,NoOil,1a,4,1.75,615,0,615,0,0,0,0,0,0,0,0,0,0,0
5/19/2018,NoOil,1a,5,1.75,8,0,8,0,0,0,0,0,0,0,1,0,0,0
5/19/2018,NoOil,1a,6,1.75,11,0,11,0,0,0,0,0,17,0,0,0,0,0
5/19/2018,NoOil,1a,7,1.75,5,0,5,0,0,0,0,0,0,0,0,0,0,0
5/19/2018,NoOil,1a,8,1.75,75,0,75,0,0,0,0,0,6,0,0,0,0,0
5/19/2018,NoOil,1a,9,1.75,1,0,1,0,0,0,0,0,0,0,0,0,0,0
5/19/2018,NoOil,1a,10,1.75,2,0,2,0,0,0,0,0,13,0,0,0,0,0
5/24/2018,NoOil,1a,1,1.75,58,0,58,0,0,0,0,0,0,0,0,0,0,0
5/24/2018,NoOil,1a,2,1.75,95,0,95,0,0,0,0,0,0,0,0,0,0,0
5/24/2018,NoOil,1a,3,1.75,82,0,82,0,0,0,0,0,1,0,0,0,0,0
5/24/2018,NoOil,1a,4,1.75,7,0,7,0,0,0,0,0,3,0,0,0,0,0
5/24/2018,NoOil,1a,5,1.75,10,0,10,0,0,0,0,0,1,0,0,0,0,0
5/24/2018,NoOil,1a,6,1.75,13,0,13,0,0,0,0,0,4,0,0,0,0,0
5/24/2018,NoOil,1a,7,1.75,15,0,15,0,0,0,0,0,11,0,0,0,0,0
5/24/2018,NoOil,1a,8,1.75,53,0,53,0,0,0,0,0,0,0,0,0,0,0
5/24/2018,NoOil,1a,9,1.75,58,0,58,0,0,0,0,0,0,0,0,0,0,0
5/24/2018,NoOil,1a,10,1.75,50,0,50,0,0,0,0,0,7,0,0,0,0,0
5/27/2018,NoOil,1a,1,1.75,45,0,45,0,0,0,0,0,5,0,0,0,0,0
5/27/2018,NoOil,1a,2,1.75,92,0,92,0,0,0,0,0,4,0,0,0,0,0
5/27/2018,NoOil,1a,3,1.75,25,0,25,0,0,0,0,0,4,0,0,0,0,0
5/27/2018,NoOil,1a,4,1.75,24,0,24,0,0,0,0,0,17,0,0,0,0,0
5/27/2018,NoOil,1a,5,1.75,142,0,142,0,0,0,0,0,10,0,0,0,0,0
5/27/2018,NoOil,1a,6,1.75,19,0,19,0,0,0,0,0,6,0,0,0,0,0
5/27/2018,NoOil,1a,7,1.75,7,0,7,0,0,0,0,0,12,0,0,0,0,0
5/27/2018,NoOil,1a,8,1.75,24,0,24,0,0,0,0,0,3,0,0,0,0,0
5/27/2018,NoOil,1a,9,1.75,116,0,116,0,0,0,0,0,0,a few,0,0,0,0
5/27/2018,NoOil,1a,10,1.75,151,0,151,0,0,0,0,0,3,0,0,0,0,0
6/1/2018,NoOil,1a,1,1.75,24,0,24,0,0,0,0,0,0,0,0,0,0,0
6/1/2018,NoOil,1a,2,1.75,15,0,15,1,0,0,0,0,1,0,0,0,0,0
6/1/2018,NoOil,1a,3,1.75,2,0,2,0,0,0,0,0,0,0,0,0,0,0
6/1/2018,NoOil,1a,4,1.75,8,0,8,0,0,0,0,0,0,0,0,0,0,0
6/1/2018,NoOil,1a,5,1.75,1,0,1,0,0,0,0,0,0,0,0,0,0,0
6/1/2018,NoOil,1a,6,1.75,6,0,6,0,0,0,0,0,0,0,0,0,0,0
6/1/2018,NoOil,1a,7,1.75,29,0,29,0,0,0,0,0,1,0,0,0,0,0
6/1/2018,NoOil,1a,8,1.75,8,0,8,0,0,0,0,0,0,0,0,0,0,0
6/1/2018,NoOil,1a,9,1.75,24,0,24,0,0,0,0,0,6,0,0,0,0,0
6/1/2018,NoOil,1a,10,1.75,22,0,22,0,0,0,0,0,3,0,0,0,0,0
6/4/2018,NoOil,1a,1,1.75,26,111,137,2,0,0,0,0,10,0,0,0,0,0
6/4/2018,NoOil,1a,2,1.75,41,89,130,1,0,0,0,0,17,0,0,0,0,0
6/4/2018,NoOil,1a,3,1.75,7,4,11,0,0,0,0,0,22,0,0,0,0,0
6/4/2018,NoOil,1a,4,1.75,51,34,85,0,0,0,0,0,2,0,0,0,0,0
6/4/2018,NoOil,1a,5,1.75,5,3,8,0,0,0,0,0,3,0,0,0,0,0
6/4/2018,NoOil,1a,6,1.75,4,3,7,2,0,0,0,0,3,0,0,0,0,0
6/4/2018,NoOil,1a,7,1.75,33,148,181,1,0,0,0,0,14,0,0,0,0,0
6/4/2018,NoOil,1a,8,1.75,32,70,102,0,0,0,0,0,3,0,0,0,0,0
6/4/2018,NoOil,1a,9,1.75,25,40,65,0,0,0,0,0,2,0,0,0,0,0
6/4/2018,NoOil,1a,10,1.75,40,89,129,0,0,0,0,0,8,0,0,0,0,0
6/9/2018,NoOil,1a,1,1.75,5,50,55,0,0,0,0,0,1,many,0,0,0,0
6/9/2018,NoOil,1a,2,1.75,4,87,91,0,0,0,0,0,4,many,0,0,0,0
6/9/2018,NoOil,1a,3,1.75,3,16,19,0,0,0,0,0,5,many,0,0,0,0
6/9/2018,NoOil,1a,4,1.75,3,69,72,1,0,0,0,0,4,many,0,0,0,0
6/9/2018,NoOil,1a,5,1.75,0,3,3,1,0,0,0,0,0,many,0,0,0,0
6/9/2018,NoOil,1a,6,1.75,0,3,3,0,0,0,0,0,1,many,0,0,0,0
6/9/2018,NoOil,1a,7,1.75,4,80,84,0,0,0,0,0,2,many,0,0,0,0
6/9/2018,NoOil,1a,8,1.75,4,86,90,0,0,0,0,0,2,many,0,0,0,0
6/9/2018,NoOil,1a,9,1.75,0,49,49,0,0,0,0,0,0,many,0,0,0,0
6/9/2018,NoOil,1a,10,1.75,0,31,31,0,0,0,0,0,1,many,0,0,0,0
6/17/2018,NoOil,1a,1,1.75,0,0,0,0,0,0,0,0,1,many,0,0,0,0
6/17/2018,NoOil,1a,2,1.75,0,0,0,0,0,0,0,0,0,many,0,0,0,0
6/17/2018,NoOil,1a,3,1.75,0,0,0,1,0,0,0,0,0,many,0,0,0,0
6/17/2018,NoOil,1a,4,1.75,0,0,0,0,0,0,0,0,0,many,0,0,0,0
6/17/2018,NoOil,1a,5,1.75,0,0,0,0,0,0,0,0,4,many,0,0,0,0
6/17/2018,NoOil,1a,6,1.75,0,2,2,0,0,0,0,0,2,many,0,0,0,0
6/17/2018,NoOil,1a,7,1.75,0,0,0,0,0,0,0,0,2,many,0,0,0,0
6/17/2018,NoOil,1a,8,1.75,0,0,0,0,0,0,0,0,1,many,0,0,0,0
6/17/2018,NoOil,1a,9,1.75,0,0,0,0,0,0,0,0,0,many,0,0,0,0
6/17/2018,NoOil,1a,10,1.75,0,0,0,0,0,0,0,0,3,many,0,0,0,0
5/13/2018,Oil,1b,1,1.75,48,0,48,0,0,0,0,0,0,0,0,0,0,0
5/13/2018,Oil,1b,2,1.75,61,0,61,0,0,0,0,0,0,0,0,0,0,0
5/13/2018,Oil,1b,3,1.75,11,0,11,0,0,0,0,0,0,0,1,0,0,0
5/13/2018,Oil,1b,4,1.75,13,0,13,0,0,0,0,0,0,many,0,0,0,0
5/13/2018,Oil,1b,5,1.75,24,0,24,0,0,0,0,0,0,0,0,0,0,0
5/13/2018,Oil,1b,6,1.75,28,0,28,0,0,0,0,0,0,0,0,0,0,0
5/13/2018,Oil,1b,7,1.75,21,0,21,0,0,0,0,0,3,0,0,0,0,0
5/13/2018,Oil,1b,8,1.75,40,0,40,0,0,0,0,0,5,0,0,0,0,0
5/13/2018,Oil,1b,9,1.75,38,0,38,0,0,0,0,0,1,0,0,0,0,0
5/13/2018,Oil,1b,10,1.75,0,0,0,0,0,0,0,0,0,0,0,0,0,0
5/13/2018,Oil,1b,11,1.75,0,0,0,0,0,0,0,0,0,0,0,0,0,0
5/13/2018,Oil,1b,12,1.75,0,0,0,0,0,0,0,0,0,0,0,0,0,0
5/13/2018,Oil,1b,13,1.75,0,0,0,0,0,0,0,0,0,0,0,0,0,0
5/13/2018,Oil,1b,14,1.75,7,0,7,0,0,0,0,0,0,0,0,0,0,0
5/13/2018,Oil,1b,15,1.75,26,0,26,0,0,0,0,0,0,0,0,0,0,0
5/13/2018,Oil,1b,16,1.75,0,0,0,0,0,0,0,0,0,0,0,0,0,0
5/13/2018,Oil,1b,17,1.75,244,0,244,0,0,0,0,0,0,0,0,0,0,0
5/13/2018,Oil,1b,18,1.75,28,0,28,0,0,0,0,0,0,0,0,0,0,0
5/16/2018,Oil,1b,1,1.75,8,0,8,0,0,0,0,3,0,many,0,0,0,0
5/16/2018,Oil,1b,2,1.75,24,0,24,0,0,0,0,0,2,many,0,0,0,0
5/16/2018,Oil,1b,3,1.75,42,0,42,0,0,0,0,2,2,many,0,0,0,0
5/16/2018,Oil,1b,4,1.75,19,0,19,0,0,0,0,0,4,many,0,0,0,0
5/16/2018,Oil,1b,5,1.75,197,0,197,0,0,0,0,0,0,many,0,0,0,0
5/16/2018,Oil,1b,6,1.75,110,0,110,0,0,1,0,0,2,many,0,0,0,0
5/16/2018,Oil,1b,7,1.75,54,0,54,0,0,0,0,4,0,many,0,0,0,0
5/16/2018,Oil,1b,8,1.75,176,0,176,0,0,0,0,0,0,many,0,0,0,0
5/16/2018,Oil,1b,9,1.75,41,0,41,0,0,0,0,1,2,many,0,0,0,0
5/16/2018,Oil,1b,10,1.75,58,0,58,0,0,0,0,1,1,many,0,0,0,0
5/16/2018,Oil,1b,11,1.75,337,0,337,0,0,0,0,5,6,many,0,0,0,0
5/16/2018,Oil,1b,12,1.75,91,0,91,0,0,0,0,1,2,many,2,0,0,0
5/16/2018,Oil,1b,13,1.75,0,0,0,0,0,0,0,0,0,many,0,0,0,0
5/16/2018,Oil,1b,14,1.75,280,0,280,0,0,0,many,12,21,many,0,0,0,0
5/16/2018,Oil,1b,15,1.75,46,0,46,0,0,0,many,6,44,many,0,0,0,0
5/16/2018,Oil,1b,16,1.75,53,0,53,0,0,0,many,2,1,many,0,0,0,0
5/16/2018,Oil,1b,17,1.75,31,0,31,0,0,0,0,3,1,many,0,0,0,0
5/16/2018,Oil,1b,18,1.75,12,0,12,0,0,0,0,2,2,many,0,0,0,0
5/19/2018,Oil,1b,1,1.75,69,0,69,0,0,0,0,0,1,0,0,0,0,0
5/19/2018,Oil,1b,2,1.75,271,0,271,0,0,0,0,0,1,0,0,0,0,0
5/19/2018,Oil,1b,3,1.75,61,0,61,0,0,0,0,4,4,0,0,0,0,0
5/19/2018,Oil,1b,4,1.75,27,0,27,0,0,0,0,1,1,0,0,0,0,0
5/19/2018,Oil,1b,5,1.75,38,0,38,0,0,0,0,1,3,0,0,0,0,0
5/19/2018,Oil,1b,6,1.75,242,0,242,0,0,0,0,2,16,0,0,0,0,0
5/19/2018,Oil,1b,7,1.75,123,0,123,0,0,0,0,0,12,0,0,0,0,0
5/19/2018,Oil,1b,8,1.75,153,0,153,0,0,0,0,4,10,0,0,0,0,0
5/19/2018,Oil,1b,9,1.75,9,0,9,0,0,0,0,3,12,0,0,0,0,0
5/19/2018,Oil,1b,10,1.75,30,0,30,0,0,1,a few,4,4,0,0,0,0,0
5/19/2018,Oil,1b,11,1.75,25,0,25,0,0,0,a few,1,2,0,0,0,0,0
5/19/2018,Oil,1b,12,1.75,15,0,15,0,0,0,a few,2,0,0,0,0,0,0
5/19/2018,Oil,1b,13,1.75,27,0,27,0,0,0,a few,1,3,0,0,0,0,0
5/19/2018,Oil,1b,14,1.75,11,0,11,0,0,0,0,1,2,0,0,0,0,0
5/19/2018,Oil,1b,15,1.75,19,0,19,0,0,0,0,0,3,0,0,0,0,0
5/19/2018,Oil,1b,16,1.75,53,0,53,0,0,0,0,3,4,0,0,0,0,0
5/19/2018,Oil,1b,17,1.75,21,0,21,0,0,0,0,0,3,0,0,0,0,0
5/23/2018,Oil,1b,1,1.75,3,0,3,0,0,0,0,0,0,some,0,0,0,0
5/23/2018,Oil,1b,2,1.75,11,0,11,0,0,0,0,0,1,some,0,0,0,0
5/23/2018,Oil,1b,3,1.75,10,0,10,0,0,0,0,1,0,some,0,0,0,0
5/23/2018,Oil,1b,4,1.75,13,0,13,0,0,0,0,1,3,0,0,0,0,0
5/23/2018,Oil,1b,5,1.75,6,0,6,0,0,0,0,0,0,0,0,0,0,0
5/23/2018,Oil,1b,6,1.75,20,0,20,0,0,0,0,0,1,0,0,0,0,0
5/23/2018,Oil,1b,7,1.75,11,0,11,0,0,0,0,0,0,0,0,0,0,0
5/23/2018,Oil,1b,8,1.75,12,0,12,0,0,0,0,0,0,0,0,0,0,0
5/23/2018,Oil,1b,9,1.75,10,0,10,0,0,0,0,2,2,0,0,0,0,0
5/23/2018,Oil,1b,10,1.75,55,0,55,0,0,0,some,4,7,0,0,0,0,0
5/23/2018,Oil,1b,11,1.75,33,0,33,0,0,0,0,4,11,0,0,0,0,0
5/23/2018,Oil,1b,12,1.75,95,0,95,0,0,0,0,2,6,0,0,0,0,0
5/23/2018,Oil,1b,13,1.75,22,0,22,0,0,0,some,2,2,0,0,0,0,0
5/23/2018,Oil,1b,14,1.75,14,0,14,0,0,0,some,1,2,some,0,0,0,0
5/23/2018,Oil,1b,15,1.75,9,0,9,0,0,0,0,0,1,some,0,0,0,0
5/23/2018,Oil,1b,16,1.75,9,0,9,0,0,0,0,0,1,0,0,0,0,0
5/27/2018,Oil,1b,1,1.75,13,0,13,0,0,1,0,0,0,some,0,0,0,0
5/27/2018,Oil,1b,2,1.75,21,0,21,0,0,0,a few,1,4,0,0,0,0,0
5/27/2018,Oil,1b,3,1.75,11,0,11,0,0,0,a few,4,0,0,0,0,0,0
5/27/2018,Oil,1b,4,1.75,9,0,9,0,0,0,0,3,0,0,0,0,0,0
5/27/2018,Oil,1b,5,1.75,13,1,14,0,0,0,0,1,4,0,0,0,0,0
5/27/2018,Oil,1b,6,1.75,16,0,16,0,0,0,a few,0,2,0,0,0,0,0
5/27/2018,Oil,1b,7,1.75,27,0,27,0,0,0,0,2,1,0,0,0,0,0
5/27/2018,Oil,1b,8,1.75,32,0,32,0,0,0,0,1,1,0,0,0,0,0
5/27/2018,Oil,1b,9,1.75,6,0,6,0,0,0,0,0,3,0,0,0,0,0
5/27/2018,Oil,1b,10,1.75,18,0,18,0,0,0,a few,3,7,0,0,0,0,0
5/27/2018,Oil,1b,11,1.75,40,0,40,0,0,0,0,2,11,0,0,0,0,0
5/27/2018,Oil,1b,12,1.75,27,0,27,0,0,0,a few,4,5,0,0,0,0,0
5/27/2018,Oil,1b,13,1.75,12,0,12,0,0,0,a few,4,16,0,0,0,0,0
5/27/2018,Oil,1b,14,1.75,16,1,17,0,0,0,a few,2,3,0,0,0,0,0
5/27/2018,Oil,1b,15,1.75,7,0,7,0,0,0,0,1,0,0,0,0,0,0
5/27/2018,Oil,1b,16,1.75,7,0,7,0,0,0,0,8,4,0,0,0,0,0
6/1/2018,Oil,1b,1,1.75,17,10,27,0,0,0,0,1,0,0,0,0,0,0
6/1/2018,Oil,1b,2,1.75,11,3,14,0,0,0,0,0,0,many,0,0,0,0
6/1/2018,Oil,1b,3,1.75,5,4,9,0,0,0,0,3,1,0,0,0,0,0
6/1/2018,Oil,1b,4,1.75,5,6,11,0,0,0,several,0,0,0,0,0,0,0
6/1/2018,Oil,1b,5,1.75,11,8,19,0,0,0,0,1,3,0,0,0,0,0
6/1/2018,Oil,1b,6,1.75,21,18,39,0,0,0,0,2,2,0,0,0,0,0
6/1/2018,Oil,1b,7,1.75,7,2,9,0,0,0,0,1,3,0,0,0,0,0
6/1/2018,Oil,1b,8,1.75,13,11,24,0,0,0,0,0,3,0,0,0,0,0
6/1/2018,Oil,1b,9,1.75,11,2,13,0,0,0,0,1,3,0,0,0,0,0
6/1/2018,Oil,1b,10,1.75,14,2,16,0,0,0,0,1,2,0,0,0,0,0
6/1/2018,Oil,1b,11,1.75,20,0,20,0,0,0,0,1,3,0,0,0,0,0
6/1/2018,Oil,1b,12,1.75,7,3,10,0,0,0,0,3,4,0,0,0,0,0
6/1/2018,Oil,1b,13,1.75,21,17,38,0,0,0,0,4,2,0,0,0,0,0
6/1/2018,Oil,1b,14,1.75,10,5,15,0,0,0,0,0,2,0,0,0,0,0
6/1/2018,Oil,1b,15,1.75,8,3,11,0,0,0,0,4,0,many,0,0,0,0
6/5/2018,Oil,1b,1,1.75,5,9,14,0,0,0,0,0,1,many,0,0,0,0
6/5/2018,Oil,1b,2,1.75,4,9,13,0,0,0,0,0,2,many,0,0,0,0
6/5/2018,Oil,1b,3,1.75,2,5,7,0,0,0,0,2,1,many,0,0,0,0
6/5/2018,Oil,1b,4,1.75,4,4,8,0,0,0,0,0,0,many,0,0,0,0
6/5/2018,Oil,1b,5,1.75,4,22,26,0,0,0,0,0,0,many,0,0,0,0
6/5/2018,Oil,1b,6,1.75,0,10,10,0,0,0,0,1,1,many,0,0,0,0
6/5/2018,Oil,1b,7,1.75,6,15,21,0,0,0,0,1,5,many,0,0,0,0
6/5/2018,Oil,1b,8,1.75,4,21,25,0,0,0,0,1,1,many,0,0,0,0
6/5/2018,Oil,1b,9,1.75,1,12,13,0,0,0,0,2,2,many,0,0,0,0
6/5/2018,Oil,1b,10,1.75,0,3,3,0,0,0,0,1,2,many,0,0,0,0
6/5/2018,Oil,1b,11,1.75,4,4,8,0,0,0,0,2,5,many,0,0,0,0
6/5/2018,Oil,1b,12,1.75,4,1,5,0,0,0,several,1,6,many,0,0,0,0
6/5/2018,Oil,1b,13,1.75,2,1,3,0,0,0,0,0,21,many,0,0,0,0
6/5/2018,Oil,1b,14,1.75,4,1,5,0,0,0,0,1,1,many,0,0,0,0
6/5/2018,Oil,1b,15,1.75,4,0,4,0,0,0,0,2,1,many,0,0,0,0
6/9/2018,Oil,1b,1,1.75,1,16,17,0,0,1,0,0,0,0,0,0,0,0
6/9/2018,Oil,1b,2,1.75,1,17,18,1,0,0,0,3,0,0,0,0,0,0
6/9/2018,Oil,1b,3,1.75,3,13,16,1,0,0,1,0,2,0,0,0,0,0
6/9/2018,Oil,1b,4,1.75,1,10,11,1,0,0,0,0,2,0,0,0,0,0
6/9/2018,Oil,1b,5,1.75,0,4,4,0,0,1,0,0,0,0,0,0,0,0
6/9/2018,Oil,1b,6,1.75,1,15,16,0,0,0,0,0,0,0,0,0,0,0
6/9/2018,Oil,1b,7,1.75,0,13,13,0,0,0,0,3,3,0,0,0,0,0
6/9/2018,Oil,1b,8,1.75,3,14,17,0,0,0,0,0,0,0,0,0,0,0
6/9/2018,Oil,1b,9,1.75,1,11,12,0,0,0,0,0,2,several,0,0,0,0
6/9/2018,Oil,1b,10,1.75,2,8,10,0,0,0,0,4,3,0,0,0,0,0
6/9/2018,Oil,1b,11,1.75,1,17,18,0,0,0,0,1,3,0,0,0,0,0
6/9/2018,Oil,1b,12,1.75,4,2,6,0,0,0,0,2,5,0,0,0,0,0
6/9/2018,Oil,1b,13,1.75,3,13,16,0,0,0,0,5,18,0,0,0,0,0
6/9/2018,Oil,1b,14,1.75,1,12,13,0,0,0,0,3,6,0,0,0,0,0
6/9/2018,Oil,1b,15,1.75,0,10,10,0,0,0,0,4,0,0,0,0,0,0
6/9/2018,Oil,1b,16,1.75,2,8,10,0,0,0,0,2,0,0,0,0,0,0
6/14/2018,Oil,1b,1,1.75,0,1,1,1,0,0,0,0,0,0,0,0,0,0
6/14/2018,Oil,1b,2,1.75,0,0,0,0,0,0,0,0,1,0,0,0,0,0
6/14/2018,Oil,1b,3,1.75,0,4,4,0,0,0,0,4,0,0,0,0,0,0
6/14/2018,Oil,1b,4,1.75,0,2,2,0,0,0,0,1,3,0,0,0,0,0
6/14/2018,Oil,1b,5,1.75,0,1,1,1,0,0,0,2,0,0,0,0,0,0
6/14/2018,Oil,1b,6,1.75,0,3,3,0,0,0,0,0,1,0,0,0,0,0
6/14/2018,Oil,1b,7,1.75,0,3,3,0,0,0,0,1,1,0,0,0,0,0
6/14/2018,Oil,1b,8,1.75,0,1,1,0,0,0,0,1,2,0,0,0,0,0
6/14/2018,Oil,1b,9,1.75,0,5,5,0,0,0,0,1,1,0,0,0,0,0
6/14/2018,Oil,1b,10,1.75,0,1,1,0,0,0,0,1,0,0,0,0,0,0
6/14/2018,Oil,1b,11,1.75,0,2,2,0,0,0,several,0,4,0,0,0,0,0
6/14/2018,Oil,1b,12,1.75,0,2,2,0,0,0,several,0,2,0,0,0,0,0
6/14/2018,Oil,1b,13,1.75,0,0,0,0,0,0,0,1,1,several,0,0,0,0
6/14/2018,Oil,1b,14,1.75,0,0,0,0,0,0,several,2,1,0,0,0,0,0
6/14/2018,Oil,1b,15,1.75,0,0,0,0,0,0,0,3,1,several,0,0,0,0
6/14/2018,Oil,1b,16,1.75,0,3,3,0,0,0,0,2,1,0,0,0,0,0
6/17/2018,Oil,1b,1,1.75,0,0,0,0,0,0,0,0,0,many,0,0,0,0
6/17/2018,Oil,1b,2,1.75,0,0,0,0,0,0,0,0,0,many,0,0,0,0
6/17/2018,Oil,1b,3,1.75,0,1,1,0,0,0,0,0,0,many,0,0,0,0
6/17/2018,Oil,1b,4,1.75,0,0,0,0,0,0,0,0,0,many,0,0,0,0
6/17/2018,Oil,1b,5,1.75,0,0,0,0,0,0,0,1,3,many,0,0,0,0
6/17/2018,Oil,1b,6,1.75,0,0,0,0,0,0,0,1,2,many,0,0,0,0
6/17/2018,Oil,1b,7,1.75,0,0,0,0,0,0,0,0,0,many,0,0,0,0
6/17/2018,Oil,1b,8,1.75,0,0,0,0,0,0,0,0,0,many,0,0,0,0
6/17/2018,Oil,1b,9,1.75,0,0,0,0,0,0,0,1,4,many,0,0,0,0
6/17/2018,Oil,1b,10,1.75,0,0,0,0,0,0,0,3,1,many,0,0,0,0
6/17/2018,Oil,1b,11,1.75,0,0,0,0,0,0,0,4,1,many,0,0,0,0
6/17/2018,Oil,1b,12,1.75,0,0,0,0,0,0,0,0,1,many,0,0,0,0
6/17/2018,Oil,1b,13,1.75,0,0,0,0,0,0,0,0,1,many,0,0,0,0
6/17/2018,Oil,1b,14,1.75,0,0,0,0,0,0,0,2,1,many,0,0,0,0
6/17/2018,Oil,1b,15,1.75,0,0,0,0,0,0,0,0,0,many,0,0,0,0
6/17/2018,Oil,1b,16,1.75,0,0,0,2,0,0,0,2,1,many,0,0,0,0
6/17/2018,Oil,1b,17,1.75,0,0,0,0,0,0,0,0,0,many,0,0,0,0
6/17/2018,Oil,1b,18,1.75,0,0,0,0,0,0,0,2,0,many,0,0,0,0
5/17/2018,Vulgaris,3,1,1.75,0,0,0,0,0,0,0,0,0,0,1,0,0,0
5/17/2018,Vulgaris,3,2,1.75,15,0,15,0,0,0,0,0,0,0,0,0,0,0
5/17/2018,Vulgaris,3,3,1.75,85,0,85,0,0,0,0,0,0,0,0,0,0,0
5/17/2018,Vulgaris,3,4,1.75,55,0,55,0,0,0,0,0,2,0,0,0,0,0
5/17/2018,Vulgaris,3,5,1.75,5,0,5,0,0,0,0,0,0,0,1,0,0,0
5/17/2018,Vulgaris,3,6,1.75,4,0,4,0,0,0,0,0,0,0,0,0,0,0
5/17/2018,Vulgaris,3,7,1.75,8,0,8,0,0,0,0,0,0,0,0,0,0,0
5/17/2018,Vulgaris,3,8,1.75,6,0,6,0,0,0,0,0,0,0,0,0,0,0
5/17/2018,Vulgaris,3,9,1.75,90,0,90,0,0,0,0,0,0,0,0,0,0,0
5/17/2018,Vulgaris,3,10,1.75,1,0,1,0,0,0,0,0,0,0,0,0,0,0
5/17/2018,Vulgaris,3,11,1.75,25,0,25,0,0,0,0,0,0,0,0,0,0,0
5/17/2018,Vulgaris,3,12,1.75,0,0,0,0,0,0,0,0,0,0,0,0,0,0
5/17/2018,Vulgaris,3,13,1.75,0,0,0,0,0,0,0,0,0,0,0,0,0,0
5/17/2018,Vulgaris,3,14,1.75,0,0,0,0,0,0,0,0,0,0,0,0,0,0
5/17/2018,Vulgaris,3,15,1.75,2,0,2,0,0,0,0,0,0,0,0,0,0,0
5/17/2018,Vulgaris,3,16,1.75,9,0,9,0,0,0,0,0,0,0,0,0,0,0
5/17/2018,Vulgaris,3,17,1.75,2,0,2,0,0,0,0,0,0,0,0,0,0,0
5/17/2018,Vulgaris,3,18,1.75,10,0,10,0,0,0,0,0,0,0,0,0,0,0
5/17/2018,Vulgaris,3,19,1.75,17,0,17,0,0,0,0,0,0,0,0,0,0,0
5/17/2018,Vulgaris,3,20,1.75,2,0,2,0,0,0,0,0,0,0,0,0,0,0
5/17/2018,Vulgaris,3,21,1.75,148,0,148,0,0,0,0,0,0,0,0,0,0,0
5/17/2018,Vulgaris,3,22,1.75,2,0,2,0,0,0,0,0,0,0,0,0,0,0
5/17/2018,Vulgaris,3,23,1.75,27,0,27,0,0,0,0,0,0,0,0,0,0,0
5/17/2018,Vulgaris,3,24,1.75,1,0,1,0,0,0,0,0,0,0,0,0,0,0
5/17/2018,Vulgaris,3,25,1.75,1,0,1,0,0,0,0,0,0,0,0,0,0,0
5/17/2018,Vulgaris,3,26,1.75,6,0,6,0,0,0,0,0,0,0,0,0,0,0
5/17/2018,Vulgaris,3,27,1.75,17,0,17,0,0,0,0,0,0,0,0,0,0,0
5/17/2018,Vulgaris,3,28,1.75,7,0,7,0,0,0,0,0,0,0,0,0,0,0
5/17/2018,Vulgaris,3,29,1.75,0,0,0,0,0,0,0,0,0,0,0,0,0,0
5/17/2018,Vulgaris,3,30,1.75,0,0,0,0,0,0,0,0,0,0,0,0,0,0
5/17/2018,Vulgaris,3,31,1.75,58,0,58,0,0,0,0,0,0,0,0,0,0,0
5/17/2018,Vulgaris,3,32,1.75,1,0,1,0,0,0,0,0,0,0,0,0,0,0
5/17/2018,Vulgaris,3,33,1.75,0,0,0,0,0,0,0,0,0,0,0,0,0,0
5/17/2018,Vulgaris,3,34,1.75,0,0,0,0,0,0,0,0,0,0,0,0,0,0
5/21/2018,Vulgaris,3,1,1.75,499,0,499,0,0,0,1,0,0,0,0,0,0,0
5/21/2018,Vulgaris,3,2,1.75,314,0,314,0,0,0,0,0,0,0,0,0,0,0
5/21/2018,Vulgaris,3,3,1.75,0,0,0,0,0,0,0,0,0,0,0,0,0,0
5/21/2018,Vulgaris,3,4,1.75,928,0,928,0,0,0,0,0,2,0,0,0,0,0
5/21/2018,Vulgaris,3,5,1.75,68,0,68,0,0,0,0,0,0,0,0,0,0,0
5/21/2018,Vulgaris,3,6,1.75,180,0,180,0,0,0,0,0,0,0,0,0,0,0
5/21/2018,Vulgaris,3,7,1.75,251,0,251,0,0,0,0,0,0,0,0,0,0,0
5/21/2018,Vulgaris,3,8,1.75,158,0,158,0,0,0,0,0,0,0,0,0,0,0
5/21/2018,Vulgaris,3,9,1.75,107,0,107,0,0,0,0,0,0,0,0,0,0,0
5/21/2018,Vulgaris,3,10,1.75,86,0,86,0,0,0,0,0,0,0,0,0,0,0
5/21/2018,Vulgaris,3,11,1.75,239,0,239,0,0,0,0,0,0,0,0,0,0,0
5/21/2018,Vulgaris,3,12,1.75,405,0,405,0,0,0,0,0,0,0,0,0,0,0
5/21/2018,Vulgaris,3,13,1.75,210,0,210,0,0,0,0,0,0,0,0,0,0,0
5/21/2018,Vulgaris,3,14,1.75,101,0,101,0,0,0,0,0,2,0,0,0,0,0
5/21/2018,Vulgaris,3,15,1.75,46,0,46,0,0,0,0,0,0,0,0,0,0,0
5/21/2018,Vulgaris,3,16,1.75,19,0,19,0,0,0,0,0,0,0,0,0,0,0
5/21/2018,Vulgaris,3,17,1.75,903,0,903,0,0,0,0,0,0,0,0,0,0,0
5/21/2018,Vulgaris,3,18,1.75,125,0,125,0,0,0,0,0,0,0,0,0,0,0
5/21/2018,Vulgaris,3,19,1.75,972,0,972,0,0,0,0,0,0,0,0,0,0,0
5/21/2018,Vulgaris,3,20,1.75,479,0,479,0,0,0,0,0,0,0,0,0,0,0
5/21/2018,Vulgaris,3,21,1.75,34,0,34,0,0,0,0,0,0,0,0,0,0,0
5/21/2018,Vulgaris,3,22,1.75,53,0,53,0,0,1,0,0,0,0,0,0,0,0
5/21/2018,Vulgaris,3,23,1.75,3,0,3,0,0,0,0,0,0,0,0,0,0,0
5/21/2018,Vulgaris,3,24,1.75,1,0,1,0,0,0,0,0,0,0,0,0,0,0
5/21/2018,Vulgaris,3,25,1.75,493,0,493,0,0,0,0,0,0,0,0,0,0,0
5/21/2018,Vulgaris,3,26,1.75,59,0,59,0,0,0,0,0,0,0,0,0,0,0
5/21/2018,Vulgaris,3,27,1.75,9,0,9,0,0,0,0,0,0,0,0,0,0,0
5/21/2018,Vulgaris,3,28,1.75,360,0,360,0,0,0,0,0,0,0,0,0,0,0
5/21/2018,Vulgaris,3,29,1.75,39,0,39,0,0,0,0,0,0,0,0,0,0,0
5/25/2018,Vulgaris,3,1,1.75,6,0,6,0,0,0,0,0,0,0,0,0,0,0
5/25/2018,Vulgaris,3,2,1.75,101,0,101,0,0,0,0,0,0,0,0,0,0,0
5/25/2018,Vulgaris,3,3,1.75,67,0,67,0,0,0,0,0,14,0,0,0,0,0
5/25/2018,Vulgaris,3,4,1.75,105,0,105,0,0,0,0,0,3,0,0,0,0,0
5/25/2018,Vulgaris,3,5,1.75,42,0,42,0,0,0,0,1,0,0,0,0,0,0
5/25/2018,Vulgaris,3,6,1.75,47,0,47,0,0,0,0,0,6,0,0,0,0,0
5/25/2018,Vulgaris,3,7,1.75,10,0,10,0,0,0,0,0,53,0,1,0,0,0
5/25/2018,Vulgaris,3,8,1.75,26,0,26,0,0,0,0,0,9,0,0,0,0,0
5/25/2018,Vulgaris,3,9,1.75,249,0,249,0,0,0,0,0,6,0,0,0,0,0
5/25/2018,Vulgaris,3,10,1.75,581,0,581,0,0,0,0,0,3,0,0,0,0,0
5/25/2018,Vulgaris,3,11,1.75,79,0,79,0,0,0,0,0,6,0,0,0,0,0
5/25/2018,Vulgaris,3,12,1.75,188,0,188,0,0,0,0,0,0,0,0,0,0,0
5/25/2018,Vulgaris,3,13,1.75,127,0,127,0,0,0,0,0,0,0,0,0,0,0
5/25/2018,Vulgaris,3,14,1.75,40,0,40,0,0,0,0,0,0,0,0,0,0,0
5/25/2018,Vulgaris,3,15,1.75,90,0,90,0,0,0,0,0,0,a few,0,0,0,0
5/25/2018,Vulgaris,3,16,1.75,66,0,66,0,0,0,0,0,3,a few,0,0,0,0
5/25/2018,Vulgaris,3,17,1.75,287,0,287,0,0,0,0,0,4,a few,0,0,0,0
5/25/2018,Vulgaris,3,18,1.75,38,0,38,0,0,0,0,0,8,a few,0,0,0,0
5/25/2018,Vulgaris,3,19,1.75,189,0,189,0,0,0,0,0,10,a few,0,0,0,0
5/25/2018,Vulgaris,3,20,1.75,400,0,400,0,0,0,0,0,0,a few,0,0,0,0
5/25/2018,Vulgaris,3,21,1.75,24,0,24,0,0,0,0,0,0,a few,0,0,0,0
5/25/2018,Vulgaris,3,22,1.75,106,0,106,0,0,0,0,0,6,a few,0,0,0,0
5/25/2018,Vulgaris,3,23,1.75,107,0,107,0,0,0,1,0,4,a few,0,0,0,0
5/25/2018,Vulgaris,3,24,1.75,88,0,88,0,0,0,0,0,3,a few,0,0,0,0
5/25/2018,Vulgaris,3,25,1.75,446,0,446,0,0,0,0,0,0,a few,0,0,0,0
5/25/2018,Vulgaris,3,26,1.75,504,0,504,0,0,0,0,0,6,a few,0,0,0,0
5/25/2018,Vulgaris,3,27,1.75,62,0,62,0,0,0,0,0,12,a few,0,0,0,0
5/25/2018,Vulgaris,3,28,1.75,163,0,163,0,0,0,0,0,0,a few,0,0,0,0
5/25/2018,Vulgaris,3,29,1.75,343,0,343,0,0,0,0,0,0,a few,0,0,0,0
5/25/2018,Vulgaris,3,30,1.75,301,0,301,0,0,0,0,0,0,a few,0,0,0,0
5/25/2018,Vulgaris,3,31,1.75,280,0,280,0,0,0,0,0,0,a few,0,0,0,0
5/25/2018,Vulgaris,3,32,1.75,16,0,16,0,0,0,0,0,0,a few,0,0,0,0
5/25/2018,Vulgaris,3,33,1.75,125,0,125,0,0,0,0,0,0,a few,0,0,0,0
5/25/2018,Vulgaris,3,34,1.75,202,0,202,0,0,0,0,0,0,a few,0,0,0,0
5/29/2018,Vulgaris,3,1,1.75,33,0,33,0,0,0,0,0,0,some,0,0,0,0
5/29/2018,Vulgaris,3,2,1.75,42,0,42,0,0,0,0,0,0,some,0,0,0,0
5/29/2018,Vulgaris,3,3,1.75,139,0,139,0,0,0,0,0,14,some,0,0,0,0
5/29/2018,Vulgaris,3,4,1.75,80,0,80,0,0,0,0,0,8,some,0,0,0,0
5/29/2018,Vulgaris,3,5,1.75,14,0,14,0,0,0,0,0,0,some,0,0,0,0
5/29/2018,Vulgaris,3,6,1.75,81,0,81,0,0,0,0,0,18,some,0,0,0,0
5/29/2018,Vulgaris,3,7,1.75,53,0,53,0,0,0,0,0,11,some,0,0,0,0
5/29/2018,Vulgaris,3,8,1.75,69,0,69,0,0,0,0,0,8,some,0,0,0,0
5/29/2018,Vulgaris,3,9,1.75,82,0,82,0,0,0,0,0,18,some,0,0,0,0
5/29/2018,Vulgaris,3,10,1.75,32,0,32,0,0,0,0,0,5,some,0,0,0,0
5/29/2018,Vulgaris,3,11,1.75,110,0,110,0,0,0,0,0,5,some,0,0,0,0
5/29/2018,Vulgaris,3,12,1.75,84,0,84,0,0,0,0,0,0,some,0,0,0,0
5/29/2018,Vulgaris,3,13,1.75,56,0,56,0,0,0,0,0,1,some,0,0,0,0
5/29/2018,Vulgaris,3,14,1.75,40,0,40,0,0,0,0,0,5,some,0,0,0,0
5/29/2018,Vulgaris,3,15,1.75,47,0,47,0,0,0,0,0,7,some,0,0,0,0
5/29/2018,Vulgaris,3,16,1.75,30,0,30,0,0,0,0,0,6,some,0,0,0,0
5/29/2018,Vulgaris,3,17,1.75,24,0,24,0,0,0,0,0,4,some,0,0,0,0
5/29/2018,Vulgaris,3,18,1.75,54,0,54,0,0,0,0,0,2,some,0,0,0,0
5/29/2018,Vulgaris,3,19,1.75,71,0,71,0,0,0,0,0,3,some,0,0,0,0
5/29/2018,Vulgaris,3,20,1.75,22,0,22,0,0,0,0,0,1,some,0,0,0,0
5/29/2018,Vulgaris,3,21,1.75,35,0,35,0,0,0,0,0,0,some,0,0,0,0
5/29/2018,Vulgaris,3,22,1.75,92,0,92,0,0,0,0,0,2,some,0,0,0,0
5/29/2018,Vulgaris,3,23,1.75,59,0,59,0,0,0,0,0,2,some,0,0,0,0
5/29/2018,Vulgaris,3,24,1.75,20,0,20,0,0,0,0,0,1,some,0,0,0,0
5/29/2018,Vulgaris,3,25,1.75,45,0,45,0,0,0,0,0,1,some,0,0,0,0
5/29/2018,Vulgaris,3,26,1.75,109,0,109,0,0,0,0,0,8,some,0,0,0,0
5/29/2018,Vulgaris,3,27,1.75,137,0,137,0,0,0,0,0,9,some,0,0,0,0
5/29/2018,Vulgaris,3,28,1.75,53,0,53,0,0,0,0,0,2,some,0,0,0,0
5/29/2018,Vulgaris,3,29,1.75,14,0,14,0,0,0,0,0,0,some,0,0,0,0
5/29/2018,Vulgaris,3,30,1.75,20,0,20,0,0,0,0,0,0,some,1,0,0,0
5/29/2018,Vulgaris,3,31,1.75,48,0,48,0,0,0,0,0,0,some,0,0,0,0
5/29/2018,Vulgaris,3,32,1.75,7,0,7,0,0,0,0,0,0,some,0,0,0,0
5/29/2018,Vulgaris,3,33,1.75,40,0,40,0,0,0,0,0,0,some,0,0,0,0
5/29/2018,Vulgaris,3,34,1.75,14,0,14,0,0,0,0,0,0,0,0,0,0,0
6/4/2018,Vulgaris,3,1,1.75,27,0,27,0,0,0,0,0,11,0,0,0,0,0
6/4/2018,Vulgaris,3,2,1.75,14,0,14,0,0,0,0,0,1,0,0,0,0,0
6/4/2018,Vulgaris,3,3,1.75,19,0,19,0,0,0,0,0,0,0,0,0,0,0
6/4/2018,Vulgaris,3,4,1.75,44,0,44,0,0,0,0,0,0,0,0,0,0,0
6/4/2018,Vulgaris,3,5,1.75,26,0,26,0,0,0,0,0,0,0,0,0,0,0
6/4/2018,Vulgaris,3,6,1.75,16,0,16,0,0,0,0,0,0,0,0,0,0,0
6/4/2018,Vulgaris,3,7,1.75,18,0,18,0,0,0,0,0,2,0,0,0,0,0
6/4/2018,Vulgaris,3,8,1.75,16,0,16,0,0,0,0,0,6,0,0,0,0,0
6/4/2018,Vulgaris,3,9,1.75,36,0,36,0,0,0,0,0,25,0,0,0,0,0
6/4/2018,Vulgaris,3,10,1.75,33,0,33,0,0,0,0,0,15,0,0,0,0,0
6/4/2018,Vulgaris,3,11,1.75,53,0,53,0,0,0,0,0,8,0,0,0,0,0
6/4/2018,Vulgaris,3,12,1.75,23,0,23,0,0,0,0,0,20,0,0,0,0,0
6/4/2018,Vulgaris,3,13,1.75,28,0,28,0,0,0,0,0,14,0,0,0,0,0
6/4/2018,Vulgaris,3,14,1.75,45,0,45,0,0,0,0,0,5,0,0,0,0,0
6/4/2018,Vulgaris,3,15,1.75,47,0,47,0,0,0,0,0,8,0,0,0,0,0
6/4/2018,Vulgaris,3,16,1.75,93,0,93,0,0,0,0,0,17,0,0,0,0,0
6/4/2018,Vulgaris,3,17,1.75,10,0,10,0,0,0,0,0,1,0,0,0,0,0
6/4/2018,Vulgaris,3,18,1.75,84,0,84,0,0,0,0,0,0,0,0,0,0,0
6/4/2018,Vulgaris,3,19,1.75,55,0,55,0,0,0,0,0,1,0,0,0,0,0
6/4/2018,Vulgaris,3,20,1.75,20,0,20,0,0,0,0,0,2,0,0,0,0,0
6/4/2018,Vulgaris,3,21,1.75,12,0,12,0,0,0,0,0,8,0,0,0,0,0
6/4/2018,Vulgaris,3,22,1.75,17,0,17,0,0,0,0,0,5,0,0,0,0,0
6/4/2018,Vulgaris,3,23,1.75,17,0,17,0,0,0,0,0,10,0,0,0,0,0
6/4/2018,Vulgaris,3,24,1.75,20,0,20,0,0,0,0,0,1,0,0,0,0,0
6/4/2018,Vulgaris,3,25,1.75,22,0,22,0,0,0,0,0,1,0,0,0,0,0
6/4/2018,Vulgaris,3,26,1.75,33,0,33,0,0,0,0,0,2,0,0,0,0,0
6/4/2018,Vulgaris,3,27,1.75,22,0,22,0,0,0,0,0,6,0,0,0,0,0
6/4/2018,Vulgaris,3,28,1.75,30,0,30,0,0,0,0,0,0,0,0,0,0,0
6/8/2018,Vulgaris,3,1,1.75,33,0,33,0,0,0,0,0,6,0,0,0,0,0
6/8/2018,Vulgaris,3,2,1.75,35,13,48,2,0,0,0,0,12,0,0,0,0,0
6/8/2018,Vulgaris,3,3,1.75,35,8,43,7,0,0,0,0,8,0,0,0,0,0
6/8/2018,Vulgaris,3,4,1.75,27,3,30,0,0,0,0,0,6,0,0,0,0,0
6/8/2018,Vulgaris,3,5,1.75,53,10,63,1,0,0,0,0,6,0,0,0,0,0
6/8/2018,Vulgaris,3,6,1.75,7,8,15,14,0,0,0,0,10,0,0,0,0,0
6/8/2018,Vulgaris,3,7,1.75,11,1,12,2,0,0,some,0,9,0,0,0,0,0
6/8/2018,Vulgaris,3,8,1.75,23,11,34,9,0,0,0,0,10,0,0,0,0,0
6/8/2018,Vulgaris,3,9,1.75,25,23,48,4,0,0,0,0,11,0,0,0,0,0
6/8/2018,Vulgaris,3,10,1.75,18,4,22,3,0,0,0,0,2,0,0,0,0,0
6/8/2018,Vulgaris,3,11,1.75,16,1,17,1,0,0,0,0,3,0,0,0,0,0
6/8/2018,Vulgaris,3,12,1.75,87,7,94,2,0,0,0,0,4,0,0,0,0,0
6/8/2018,Vulgaris,3,13,1.75,14,1,15,3,0,0,0,0,5,0,0,0,0,0
6/8/2018,Vulgaris,3,14,1.75,8,1,9,0,0,0,0,0,2,0,0,0,0,0
6/8/2018,Vulgaris,3,15,1.75,11,0,11,0,0,0,0,0,4,0,0,0,0,0
6/8/2018,Vulgaris,3,16,1.75,20,1,21,3,0,0,0,0,4,0,0,0,0,0
6/8/2018,Vulgaris,3,17,1.75,37,2,39,1,0,0,0,0,1,0,0,0,0,0
6/8/2018,Vulgaris,3,18,1.75,22,1,23,4,0,0,0,0,2,0,0,0,0,0
6/8/2018,Vulgaris,3,19,1.75,7,1,8,2,0,0,0,0,0,0,0,0,0,0
6/8/2018,Vulgaris,3,20,1.75,14,4,18,0,0,0,0,0,0,0,0,0,0,0
6/8/2018,Vulgaris,3,21,1.75,20,2,22,6,0,0,0,0,0,0,0,0,0,0
6/8/2018,Vulgaris,3,22,1.75,11,1,12,0,0,0,0,0,0,0,0,0,0,0
6/8/2018,Vulgaris,3,23,1.75,23,3,26,0,0,0,0,0,0,0,0,0,0,0
6/8/2018,Vulgaris,3,24,1.75,9,1,10,0,0,0,0,0,0,0,0,0,0,0
6/8/2018,Vulgaris,3,25,1.75,24,4,28,1,0,0,0,0,0,0,0,0,0,0
6/8/2018,Vulgaris,3,26,1.75,18,1,19,0,0,0,0,0,0,0,0,0,0,0
6/8/2018,Vulgaris,3,27,1.75,40,4,44,2,0,0,0,0,0,0,0,0,0,0
6/13/2018,Vulgaris,3,1,1.75,1,54,55,0,1,0,0,0,2,0,0,0,0,0
6/13/2018,Vulgaris,3,2,1.75,2,32,34,0,0,0,0,0,1,0,0,0,0,0
6/13/2018,Vulgaris,3,3,1.75,3,60,63,3,0,0,0,0,0,0,0,0,0,0
6/13/2018,Vulgaris,3,4,1.75,0,50,50,0,0,0,0,0,1,0,0,0,0,0
6/13/2018,Vulgaris,3,5,1.75,0,32,32,0,0,0,0,0,0,0,0,0,0,0
6/13/2018,Vulgaris,3,6,1.75,0,45,45,2,0,0,0,0,5,several,0,0,0,0
6/13/2018,Vulgaris,3,7,1.75,1,10,11,2,0,0,0,0,3,0,0,0,0,0
6/13/2018,Vulgaris,3,8,1.75,1,29,30,0,0,0,0,0,4,0,0,0,0,0
6/13/2018,Vulgaris,3,9,1.75,0,15,15,1,0,0,0,0,1,several,0,0,0,0
6/13/2018,Vulgaris,3,10,1.75,0,35,35,3,0,0,0,0,5,0,0,0,0,0
6/13/2018,Vulgaris,3,11,1.75,0,11,11,0,0,0,0,0,0,several,0,0,0,0
6/13/2018,Vulgaris,3,12,1.75,0,37,37,0,0,0,0,0,1,several,0,0,0,0
6/13/2018,Vulgaris,3,13,1.75,3,51,54,1,0,0,0,0,3,0,0,0,0,0
6/13/2018,Vulgaris,3,14,1.75,4,105,109,0,0,0,0,0,1,several,0,0,0,0
6/13/2018,Vulgaris,3,15,1.75,1,27,28,1,0,0,0,0,1,0,0,0,0,0
6/13/2018,Vulgaris,3,16,1.75,0,15,15,0,0,0,0,0,1,0,0,0,0,0
6/13/2018,Vulgaris,3,17,1.75,0,25,25,0,0,0,0,0,4,0,0,0,0,0
6/13/2018,Vulgaris,3,18,1.75,2,21,23,2,0,0,0,0,0,0,0,0,0,0
6/13/2018,Vulgaris,3,19,1.75,1,15,16,0,0,0,0,0,4,0,0,0,0,0
6/13/2018,Vulgaris,3,20,1.75,0,36,36,0,0,0,0,0,3,0,0,0,0,0
6/13/2018,Vulgaris,3,21,1.75,1,28,29,0,0,0,0,0,1,0,0,0,0,0
6/13/2018,Vulgaris,3,22,1.75,1,14,15,0,0,0,0,0,5,0,0,0,0,0
6/13/2018,Vulgaris,3,23,1.75,2,18,20,1,0,0,0,0,5,0,0,0,0,0
6/13/2018,Vulgaris,3,24,1.75,0,33,33,0,0,0,0,0,2,0,0,0,0,0
6/16/2018,Vulgaris,3,1,1.75,0,10,10,0,0,0,0,0,1,0,0,0,0,0
6/16/2018,Vulgaris,3,2,1.75,0,11,11,1,0,0,0,0,0,0,0,0,0,0
6/16/2018,Vulgaris,3,3,1.75,0,3,3,0,0,0,0,0,2,0,0,0,0,0
6/16/2018,Vulgaris,3,4,1.75,0,12,12,0,0,0,0,0,0,0,0,0,0,0
6/16/2018,Vulgaris,3,5,1.75,0,3,3,0,0,0,0,0,0,many,0,0,0,0
6/16/2018,Vulgaris,3,6,1.75,0,19,19,0,0,0,0,0,2,0,0,0,0,0
6/16/2018,Vulgaris,3,7,1.75,0,5,5,0,0,0,0,0,0,many,0,0,0,0
6/16/2018,Vulgaris,3,8,1.75,0,2,2,0,0,0,0,0,0,many,0,0,0,0
6/16/2018,Vulgaris,3,9,1.75,0,1,1,0,0,0,0,0,2,0,0,0,0,0
6/16/2018,Vulgaris,3,10,1.75,0,4,4,0,0,0,several,0,0,many,0,0,0,0
6/16/2018,Vulgaris,3,11,1.75,0,5,5,4,0,0,0,0,0,many,0,0,0,0
6/16/2018,Vulgaris,3,12,1.75,0,2,2,1,0,0,0,0,0,many,0,0,0,0
6/16/2018,Vulgaris,3,13,1.75,0,1,1,0,0,0,0,0,0,0,0,0,0,0
6/16/2018,Vulgaris,3,14,1.75,0,2,2,0,0,0,0,0,0,many,0,0,0,0
6/16/2018,Vulgaris,3,15,1.75,0,9,9,0,0,0,0,0,3,many,0,0,0,0
6/16/2018,Vulgaris,3,16,1.75,0,4,4,0,0,0,0,0,2,many,0,0,0,0
6/16/2018,Vulgaris,3,17,1.75,0,4,4,0,0,0,0,0,2,many,0,0,0,0
6/16/2018,Vulgaris,3,18,1.75,0,5,5,0,0,0,0,0,0,0,0,0,0,0
6/16/2018,Vulgaris,3,19,1.75,0,3,3,0,0,0,0,0,0,0,0,0,0,0
6/16/2018,Vulgaris,3,20,1.75,0,6,6,0,0,0,0,0,1,0,0,0,0,0
6/16/2018,Vulgaris,3,21,1.75,0,11,11,0,0,0,0,0,1,many,0,0,0,0
6/16/2018,Vulgaris,3,22,1.75,0,4,4,1,0,0,0,0,1,many,0,0,0,0
6/16/2018,Vulgaris,3,23,1.75,0,4,4,0,0,0,0,0,2,0,0,0,0,0
6/16/2018,Vulgaris,3,24,1.75,0,12,12,0,0,0,0,0,0,many,0,0,0,0
6/16/2018,Vulgaris,3,25,1.75,0,8,8,0,0,0,0,0,0,many,0,0,0,0
6/21/2018,Vulgaris,3,1,1.75,0,0,0,0,0,0,0,0,0,many,0,0,0,0
6/21/2018,Vulgaris,3,2,1.75,0,0,0,0,0,0,0,0,0,many,0,0,0,0
6/21/2018,Vulgaris,3,3,1.75,0,0,0,0,0,0,0,0,0,many,0,0,0,0
6/21/2018,Vulgaris,3,4,1.75,0,0,0,0,0,0,0,0,0,many,0,0,0,0
6/21/2018,Vulgaris,3,5,1.75,0,0,0,0,0,0,0,0,0,many,0,0,0,0
6/21/2018,Vulgaris,3,6,1.75,0,0,0,0,0,0,0,0,0,many,0,0,0,0
6/21/2018,Vulgaris,3,7,1.75,0,0,0,0,0,0,0,0,0,many,0,0,0,0
6/21/2018,Vulgaris,3,8,1.75,0,0,0,0,0,0,0,0,0,many,0,0,0,0
6/21/2018,Vulgaris,3,9,1.75,0,0,0,0,0,0,0,0,0,many,0,0,0,0
6/21/2018,Vulgaris,3,10,1.75,0,0,0,0,0,0,0,0,0,many,0,0,0,0
6/21/2018,Vulgaris,3,11,1.75,0,0,0,0,0,0,0,0,0,many,0,0,0,0
6/21/2018,Vulgaris,3,12,1.75,0,0,0,0,0,0,0,0,0,many,0,0,0,0
6/21/2018,Vulgaris,3,13,1.75,0,0,0,0,0,0,0,0,0,many,0,0,0,0
6/21/2018,Vulgaris,3,14,1.75,0,0,0,0,0,0,0,0,0,many,0,0,0,0
6/21/2018,Vulgaris,3,15,1.75,0,0,0,0,0,0,0,0,0,many,0,0,0,0
6/21/2018,Vulgaris,3,16,1.75,0,1,1,0,0,0,0,0,0,many,0,0,0,0
6/21/2018,Vulgaris,3,17,1.75,0,0,0,0,0,0,0,0,0,many,0,0,0,0
6/21/2018,Vulgaris,3,18,1.75,0,1,1,0,0,0,0,0,0,many,0,0,0,0
6/21/2018,Vulgaris,3,19,1.75,0,0,0,0,0,0,0,0,0,many,0,0,0,0
6/21/2018,Vulgaris,3,20,1.75,0,1,1,0,0,0,0,0,0,many,0,0,0,0
6/21/2018,Vulgaris,3,21,1.75,0,0,0,0,0,0,0,0,0,many,0,0,0,0
5/20/2018,Vulgaris small,3a,1,1.75,43,0,43,0,0,0,0,0,0,many,0,0,0,0
5/20/2018,Vulgaris small,3a,2,1.75,26,0,26,0,0,0,0,0,0,many,0,0,0,0
5/20/2018,Vulgaris small,3a,3,1.75,96,0,96,0,0,0,0,0,0,many,1,0,0,0
5/20/2018,Vulgaris small,3a,4,1.75,19,0,19,0,0,0,0,0,0,many,0,0,0,0
5/20/2018,Vulgaris small,3a,5,1.75,71,0,71,0,0,0,0,0,0,many,0,0,0,0
5/20/2018,Vulgaris small,3a,6,1.75,2,0,2,0,0,0,0,0,0,many,0,0,0,0
5/20/2018,Vulgaris small,3a,7,1.75,4,0,4,0,0,0,0,0,0,many,0,0,0,0
5/20/2018,Vulgaris small,3a,8,1.75,1,0,1,0,0,0,1,0,1,many,0,0,0,0
5/20/2018,Vulgaris small,3a,9,1.75,0,0,0,0,0,0,0,0,3,many,4,0,0,0
5/20/2018,Vulgaris small,3a,10,1.75,1,0,1,0,0,0,0,0,1,many,2,0,0,0
5/20/2018,Vulgaris small,3a,11,1.75,0,0,0,0,0,0,0,0,0,many,1,0,0,0
5/20/2018,Vulgaris small,3a,12,1.75,0,0,0,0,0,0,0,0,0,many,0,0,0,0
5/20/2018,Vulgaris small,3a,13,1.75,0,0,0,0,0,0,0,0,0,many,0,0,0,0
5/20/2018,Vulgaris small,3a,14,1.75,48,0,48,0,0,0,0,0,0,many,0,0,0,0
5/20/2018,Vulgaris small,3a,15,1.75,0,0,0,0,0,0,0,0,0,many,0,0,0,0
5/20/2018,Vulgaris small,3a,16,1.75,4,0,4,0,0,0,0,0,0,many,0,0,0,0
5/20/2018,Vulgaris small,3a,17,1.75,5,0,5,0,0,0,0,0,0,many,0,0,0,0
5/20/2018,Vulgaris small,3a,18,1.75,1,0,1,0,0,0,0,0,0,many,0,0,0,0
5/20/2018,Vulgaris small,3a,19,1.75,0,0,0,0,0,0,0,0,0,many,0,0,0,0
5/20/2018,Vulgaris small,3a,20,1.75,4,0,4,0,0,0,0,0,0,many,0,0,0,0
5/20/2018,Vulgaris small,3a,21,1.75,18,0,18,0,0,0,0,0,0,many,0,0,0,0
5/20/2018,Vulgaris small,3a,22,1.75,0,0,0,0,0,0,0,0,0,many,0,0,0,0
5/20/2018,Vulgaris small,3a,23,1.75,0,0,0,0,0,0,0,0,0,many,0,0,0,0
5/20/2018,Vulgaris small,3a,24,1.75,12,0,12,0,0,0,0,0,0,many,0,0,0,0
5/20/2018,Vulgaris small,3a,25,1.75,3,0,3,0,0,0,0,0,0,many,0,0,0,0
5/20/2018,Vulgaris small,3a,26,1.75,2,0,2,0,0,0,0,0,0,many,0,0,0,0
5/20/2018,Vulgaris small,3a,27,1.75,66,0,66,0,0,0,0,0,0,many,0,0,0,0
5/20/2018,Vulgaris small,3a,28,1.75,39,0,39,0,0,0,0,0,0,many,0,0,0,0
5/20/2018,Vulgaris small,3a,29,1.75,11,0,11,0,0,0,0,0,0,many,0,0,0,0
5/20/2018,Vulgaris small,3a,30,1.75,12,0,12,0,0,0,0,0,0,many,0,0,0,0
5/25/2018,Vulgaris small,3a,1,1.75,94,0,94,0,0,0,0,0,4,0,0,0,0,0
5/25/2018,Vulgaris small,3a,2,1.75,83,0,83,0,0,0,0,0,1,0,0,0,0,0
5/25/2018,Vulgaris small,3a,3,1.75,19,0,19,0,0,0,0,0,0,many,1,0,0,0
5/25/2018,Vulgaris small,3a,4,1.75,101,0,101,0,0,0,0,1,4,many,0,0,0,0
5/25/2018,Vulgaris small,3a,5,1.75,262,0,262,0,0,0,0,0,12,many,0,0,0,0
5/25/2018,Vulgaris small,3a,6,1.75,29,0,29,0,0,0,0,0,0,0,1,0,0,0
5/25/2018,Vulgaris small,3a,7,1.75,9,0,9,0,0,0,0,2,3,0,0,0,0,0
5/25/2018,Vulgaris small,3a,8,1.75,8,0,8,0,0,0,0,2,0,0,0,0,0,0
5/25/2018,Vulgaris small,3a,9,1.75,175,0,175,0,0,0,0,0,4,0,0,0,0,0
5/25/2018,Vulgaris small,3a,10,1.75,0,0,0,0,0,0,0,0,1,0,0,0,0,0
5/25/2018,Vulgaris small,3a,11,1.75,14,0,14,0,0,0,0,0,2,many,0,0,0,0
5/25/2018,Vulgaris small,3a,12,1.75,1,0,1,0,0,0,0,0,2,many,0,0,0,0
5/25/2018,Vulgaris small,3a,13,1.75,0,0,0,0,0,0,0,0,2,many,0,0,0,0
5/25/2018,Vulgaris small,3a,14,1.75,1,0,1,0,0,0,0,0,0,many,0,0,0,0
5/25/2018,Vulgaris small,3a,15,1.75,95,0,95,0,0,0,0,0,0,0,0,0,0,0
5/25/2018,Vulgaris small,3a,16,1.75,29,0,29,0,0,0,0,0,0,0,0,0,0,0
5/25/2018,Vulgaris small,3a,17,1.75,8,0,8,0,0,1,0,0,0,many,0,0,0,0
5/25/2018,Vulgaris small,3a,18,1.75,0,0,0,0,0,0,0,0,0,0,0,0,0,0
5/25/2018,Vulgaris small,3a,19,1.75,174,0,174,0,0,0,0,0,0,0,0,0,0,0
5/25/2018,Vulgaris small,3a,20,1.75,0,0,0,0,0,0,0,0,0,0,1,0,0,0
5/25/2018,Vulgaris small,3a,21,1.75,112,0,112,0,0,0,0,0,0,0,0,0,0,0
5/25/2018,Vulgaris small,3a,22,1.75,283,0,283,0,0,0,0,0,0,many,1,0,0,0
5/25/2018,Vulgaris small,3a,23,1.75,16,0,16,0,0,0,0,0,0,many,0,0,0,0
5/25/2018,Vulgaris small,3a,24,1.75,60,0,60,0,0,0,0,0,0,0,0,0,0,0
5/25/2018,Vulgaris small,3a,25,1.75,0,0,0,0,0,0,0,0,0,many,0,0,0,0
5/25/2018,Vulgaris small,3a,26,1.75,10,0,10,0,0,0,0,0,2,many,0,0,0,0
5/25/2018,Vulgaris small,3a,27,1.75,1,0,1,0,0,0,0,0,1,many,0,0,0,0
5/25/2018,Vulgaris small,3a,28,1.75,61,0,61,0,0,0,0,0,1,many,0,0,0,0
5/25/2018,Vulgaris small,3a,29,1.75,62,0,62,0,0,0,0,0,4,many,0,0,0,0
5/25/2018,Vulgaris small,3a,30,1.75,12,0,12,0,0,0,0,0,7,many,0,0,0,0
5/25/2018,Vulgaris small,3a,31,1.75,543,0,543,0,0,0,0,0,3,many,0,0,0,0
5/29/2018,Vulgaris small,3a,1,1.75,179,0,179,0,0,1,0,0,4,many,1,0,0,0
5/29/2018,Vulgaris small,3a,2,1.75,142,0,142,0,0,0,some,0,0,many,0,0,0,0
5/29/2018,Vulgaris small,3a,3,1.75,198,0,198,0,0,0,0,1,5,many,0,0,0,0
5/29/2018,Vulgaris small,3a,4,1.75,39,0,39,0,0,0,0,1,3,many,0,0,0,0
5/29/2018,Vulgaris small,3a,5,1.75,4,0,4,0,0,0,0,1,14,many,0,0,0,0
5/29/2018,Vulgaris small,3a,6,1.75,0,0,0,0,0,0,0,1,1,many,0,0,0,0
5/29/2018,Vulgaris small,3a,7,1.75,1,0,1,0,0,0,0,0,2,many,0,0,0,0
5/29/2018,Vulgaris small,3a,8,1.75,0,0,0,0,0,0,0,0,1,many,0,0,0,0
5/29/2018,Vulgaris small,3a,9,1.75,4,0,4,0,0,0,0,0,0,many,0,0,0,0
5/29/2018,Vulgaris small,3a,10,1.75,462,0,462,0,0,0,0,0,0,many,0,0,0,0
5/29/2018,Vulgaris small,3a,11,1.75,89,0,89,0,0,0,0,0,0,many,0,0,0,0
5/29/2018,Vulgaris small,3a,12,1.75,22,0,22,0,0,0,0,0,0,many,0,0,0,0
5/29/2018,Vulgaris small,3a,13,1.75,0,0,0,0,0,0,some,0,0,many,0,0,0,0
5/29/2018,Vulgaris small,3a,14,1.75,74,0,74,0,0,0,0,0,0,many,0,0,0,0
5/29/2018,Vulgaris small,3a,15,1.75,10,0,10,0,0,0,0,0,0,many,0,0,0,0
5/29/2018,Vulgaris small,3a,16,1.75,13,0,13,0,0,0,0,0,0,many,0,0,0,0
5/29/2018,Vulgaris small,3a,17,1.75,1,0,1,0,0,0,0,0,0,many,0,0,0,0
5/29/2018,Vulgaris small,3a,18,1.75,1,0,1,0,0,0,some,0,0,many,0,0,0,0
5/29/2018,Vulgaris small,3a,19,1.75,199,0,199,0,0,1,0,1,1,many,0,0,0,0
5/29/2018,Vulgaris small,3a,20,1.75,6,0,6,0,0,0,0,0,2,many,0,0,0,0
5/29/2018,Vulgaris small,3a,21,1.75,42,0,42,0,0,0,0,0,1,many,0,0,0,0
5/29/2018,Vulgaris small,3a,22,1.75,188,0,188,0,0,0,0,0,0,many,0,0,0,0
5/29/2018,Vulgaris small,3a,23,1.75,185,0,185,0,0,0,0,0,0,many,0,0,0,0
5/29/2018,Vulgaris small,3a,24,1.75,72,0,72,0,0,0,0,0,4,many,0,0,0,0
5/29/2018,Vulgaris small,3a,25,1.75,143,0,143,0,0,0,0,0,2,many,0,0,0,0
5/29/2018,Vulgaris small,3a,26,1.75,192,0,192,0,0,0,0,0,1,many,0,0,0,0
5/29/2018,Vulgaris small,3a,27,1.75,136,0,136,0,0,0,0,0,0,many,1,0,0,0
5/29/2018,Vulgaris small,3a,28,1.75,69,0,69,0,0,0,0,0,0,many,0,0,0,0
6/4/2018,Vulgaris small,3a,1,1.75,136,0,136,0,0,0,0,0,1,many,0,0,0,0
6/4/2018,Vulgaris small,3a,2,1.75,130,0,130,0,0,0,several,0,2,many,0,0,0,0
6/4/2018,Vulgaris small,3a,3,1.75,61,0,61,0,0,0,1,0,1,many,0,0,0,0
6/4/2018,Vulgaris small,3a,4,1.75,7,0,7,0,0,0,0,0,1,many,0,0,0,0
6/4/2018,Vulgaris small,3a,5,1.75,18,0,18,0,0,0,0,1,0,many,0,0,0,0
6/4/2018,Vulgaris small,3a,6,1.75,46,0,46,0,0,0,0,0,1,many,0,0,0,0
6/4/2018,Vulgaris small,3a,7,1.75,11,0,11,0,0,0,0,1,16,many,0,0,0,0
6/4/2018,Vulgaris small,3a,8,1.75,208,0,208,0,0,0,0,0,5,many,0,0,0,0
6/4/2018,Vulgaris small,3a,9,1.75,0,0,0,0,0,0,0,0,0,many,0,0,0,0
6/4/2018,Vulgaris small,3a,10,1.75,3,0,3,0,0,0,0,0,2,many,0,0,0,0
6/4/2018,Vulgaris small,3a,11,1.75,0,0,0,0,0,0,0,2,19,many,0,0,0,0
6/4/2018,Vulgaris small,3a,12,1.75,0,0,0,0,0,0,0,0,8,many,0,0,0,0
6/4/2018,Vulgaris small,3a,13,1.75,0,0,0,0,0,0,0,0,4,many,0,0,0,0
6/4/2018,Vulgaris small,3a,14,1.75,59,0,59,0,0,0,1,0,0,many,0,0,0,0
6/4/2018,Vulgaris small,3a,15,1.75,34,0,34,0,0,0,0,0,0,many,0,0,0,0
6/4/2018,Vulgaris small,3a,16,1.75,79,0,79,0,0,0,0,0,2,many,0,0,0,0
6/4/2018,Vulgaris small,3a,17,1.75,101,0,101,0,0,0,0,0,3,many,0,0,0,0
6/4/2018,Vulgaris small,3a,18,1.75,8,0,8,0,0,0,0,0,0,many,0,0,0,0
6/4/2018,Vulgaris small,3a,19,1.75,0,0,0,0,0,0,0,0,1,many,0,0,0,0
6/4/2018,Vulgaris small,3a,20,1.75,1,0,1,0,0,0,0,0,0,many,0,0,0,0
6/4/2018,Vulgaris small,3a,21,1.75,12,0,12,0,0,0,0,0,3,many,0,0,0,0
6/4/2018,Vulgaris small,3a,22,1.75,1,0,1,0,0,0,0,0,1,many,0,0,0,0
6/4/2018,Vulgaris small,3a,23,1.75,0,0,0,0,0,0,0,0,0,many,0,0,0,0
6/4/2018,Vulgaris small,3a,24,1.75,90,0,90,0,0,0,several,0,1,many,0,0,0,0
6/4/2018,Vulgaris small,3a,25,1.75,88,0,88,0,0,0,several,0,2,many,0,0,0,0
6/4/2018,Vulgaris small,3a,26,1.75,20,0,20,0,0,0,several,0,1,many,0,0,0,0
6/4/2018,Vulgaris small,3a,27,1.75,38,0,38,0,0,0,several,0,1,many,0,0,0,0
6/4/2018,Vulgaris small,3a,28,1.75,64,0,64,0,0,0,several,0,5,many,0,0,0,0
6/8/2018,Vulgaris small,3a,1,1.75,21,0,21,0,0,0,0,0,1,many,0,0,0,0
6/8/2018,Vulgaris small,3a,2,1.75,5,0,5,0,0,0,several,1,0,many,0,0,0,0
6/8/2018,Vulgaris small,3a,3,1.75,21,0,21,0,0,1,0,3,0,many,0,0,0,0
6/8/2018,Vulgaris small,3a,4,1.75,1,0,1,0,0,0,several,0,2,many,0,0,0,0
6/8/2018,Vulgaris small,3a,5,1.75,10,0,10,0,0,0,several,0,0,many,0,0,0,0
6/8/2018,Vulgaris small,3a,6,1.75,1,0,1,0,0,0,0,0,2,many,0,0,0,0
6/8/2018,Vulgaris small,3a,7,1.75,1,0,1,0,0,0,0,0,0,many,0,0,0,0
6/8/2018,Vulgaris small,3a,8,1.75,14,0,14,0,0,0,0,0,0,many,0,0,0,0
6/8/2018,Vulgaris small,3a,9,1.75,5,0,5,0,0,0,0,0,0,many,0,0,0,0
6/8/2018,Vulgaris small,3a,10,1.75,37,0,37,0,0,0,0,0,1,many,0,0,0,0
6/8/2018,Vulgaris small,3a,11,1.75,0,0,0,0,0,0,0,0,1,many,0,0,0,0
6/8/2018,Vulgaris small,3a,12,1.75,7,0,7,0,0,0,0,0,0,many,0,0,0,0
6/8/2018,Vulgaris small,3a,13,1.75,11,0,11,0,0,0,0,0,0,many,0,0,0,0
6/8/2018,Vulgaris small,3a,14,1.75,10,0,10,0,0,0,0,0,0,many,0,0,0,0
6/8/2018,Vulgaris small,3a,15,1.75,18,0,18,0,0,0,0,0,2,many,0,0,0,0
6/8/2018,Vulgaris small,3a,16,1.75,0,0,0,0,0,0,0,0,0,many,0,0,0,0
6/8/2018,Vulgaris small,3a,17,1.75,34,0,34,0,0,0,0,0,2,many,0,0,0,0
6/8/2018,Vulgaris small,3a,18,1.75,12,0,12,0,0,0,0,0,2,many,0,0,0,0
6/8/2018,Vulgaris small,3a,19,1.75,111,0,111,0,0,0,0,0,3,many,0,0,0,0
6/8/2018,Vulgaris small,3a,20,1.75,13,0,13,0,0,0,0,0,5,many,0,0,0,0
6/8/2018,Vulgaris small,3a,21,1.75,19,0,19,0,0,0,0,0,1,many,0,0,0,0
6/8/2018,Vulgaris small,3a,22,1.75,31,0,31,0,0,0,0,0,1,many,0,0,0,0
6/8/2018,Vulgaris small,3a,23,1.75,2,0,2,0,0,0,0,0,2,many,0,0,0,0
6/8/2018,Vulgaris small,3a,24,1.75,2,0,2,0,0,0,0,0,0,many,0,0,0,0
6/8/2018,Vulgaris small,3a,25,1.75,16,0,16,0,0,0,0,0,1,many,0,0,0,0
6/13/2018,Vulgaris small,3a,1,1.75,9,12,21,2,0,0,some,1,3,0,0,0,0,0
6/13/2018,Vulgaris small,3a,2,1.75,16,6,22,1,0,0,0,0,4,0,0,0,0,0
6/13/2018,Vulgaris small,3a,3,1.75,6,10,16,0,0,0,some,0,1,0,0,0,0,0
6/13/2018,Vulgaris small,3a,4,1.75,2,3,5,1,0,0,0,0,1,0,0,0,0,0
6/13/2018,Vulgaris small,3a,5,1.75,2,0,2,1,0,0,some,0,0,0,0,0,0,0
6/13/2018,Vulgaris small,3a,6,1.75,2,0,2,0,0,0,some,1,0,0,0,0,0,0
6/13/2018,Vulgaris small,3a,7,1.75,0,0,0,1,0,1,some,0,0,0,0,0,0,0
6/13/2018,Vulgaris small,3a,8,1.75,10,8,18,2,0,0,0,2,0,0,0,0,0,0
6/13/2018,Vulgaris small,3a,9,1.75,0,0,0,1,0,0,some,1,1,0,0,0,0,0
6/13/2018,Vulgaris small,3a,10,1.75,1,4,5,0,0,0,some,0,0,0,0,0,0,0
6/13/2018,Vulgaris small,3a,11,1.75,7,8,15,0,0,0,0,0,1,0,0,0,0,0
6/13/2018,Vulgaris small,3a,12,1.75,4,5,9,0,0,0,some,0,0,some,0,0,0,0
6/13/2018,Vulgaris small,3a,13,1.75,3,1,4,0,0,0,0,0,0,0,0,0,0,0
6/13/2018,Vulgaris small,3a,14,1.75,17,6,23,0,0,0,0,0,2,0,0,0,0,0
6/13/2018,Vulgaris small,3a,15,1.75,3,4,7,0,0,0,some,0,0,0,0,0,0,0
6/13/2018,Vulgaris small,3a,16,1.75,20,5,25,1,0,0,0,0,0,0,0,0,0,0
6/13/2018,Vulgaris small,3a,17,1.75,9,1,10,3,0,0,0,0,0,0,0,0,0,0
6/13/2018,Vulgaris small,3a,18,1.75,0,0,0,0,0,0,0,0,0,0,0,0,0,0
6/13/2018,Vulgaris small,3a,19,1.75,2,0,2,1,0,0,some,0,0,0,0,0,0,0
6/13/2018,Vulgaris small,3a,20,1.75,2,1,3,1,0,0,some,0,2,0,0,0,0,0
6/13/2018,Vulgaris small,3a,21,1.75,1,0,1,0,0,0,0,0,1,0,0,0,0,0
6/13/2018,Vulgaris small,3a,22,1.75,5,0,5,1,0,0,0,0,2,0,0,0,0,0
6/13/2018,Vulgaris small,3a,23,1.75,5,2,7,1,0,0,0,0,2,0,0,0,0,0
6/13/2018,Vulgaris small,3a,24,1.75,7,1,8,1,0,0,0,0,1,0,0,0,0,0
6/13/2018,Vulgaris small,3a,25,1.75,6,9,15,0,0,0,0,0,2,0,0,0,0,0
6/13/2018,Vulgaris small,3a,26,1.75,11,16,27,2,0,0,0,0,3,0,0,0,0,0
6/13/2018,Vulgaris small,3a,27,1.75,15,16,31,1,0,0,0,0,0,0,0,0,0,0
6/13/2018,Vulgaris small,3a,28,1.75,10,6,16,1,0,0,0,0,1,0,0,0,0,0
6/17/2018,Vulgaris small,3a,1,1.75,1,35,36,0,0,0,0,0,2,0,0,0,0,0
6/17/2018,Vulgaris small,3a,2,1.75,0,7,7,2,0,0,0,0,2,0,0,0,0,0
6/17/2018,Vulgaris small,3a,3,1.75,2,7,9,0,0,0,many,0,2,0,0,0,0,0
6/17/2018,Vulgaris small,3a,4,1.75,0,8,8,0,0,0,many,1,2,0,0,0,0,0
6/17/2018,Vulgaris small,3a,5,1.75,0,2,2,2,0,0,many,1,1,0,0,0,0,0
6/17/2018,Vulgaris small,3a,6,1.75,0,9,9,1,0,0,many,0,0,0,0,0,0,0
6/17/2018,Vulgaris small,3a,7,1.75,0,1,1,0,0,0,many,2,2,0,0,0,0,0
6/17/2018,Vulgaris small,3a,8,1.75,0,4,4,0,0,0,0,0,0,0,0,0,0,0
6/17/2018,Vulgaris small,3a,9,1.75,0,5,5,0,0,0,0,0,0,0,0,0,0,0
6/17/2018,Vulgaris small,3a,10,1.75,0,8,8,0,0,0,many,0,0,0,0,0,0,0
6/17/2018,Vulgaris small,3a,11,1.75,0,9,9,0,0,0,0,0,0,0,0,0,0,0
6/17/2018,Vulgaris small,3a,12,1.75,0,21,21,0,0,0,0,0,0,0,0,0,0,0
6/17/2018,Vulgaris small,3a,13,1.75,0,0,0,1,0,0,0,0,1,0,0,0,0,0
6/17/2018,Vulgaris small,3a,14,1.75,0,0,0,2,0,0,many,0,1,0,0,0,0,0
6/17/2018,Vulgaris small,3a,15,1.75,0,8,8,0,0,0,0,0,0,0,0,0,0,0
6/17/2018,Vulgaris small,3a,16,1.75,0,5,5,0,0,0,many,0,1,0,0,0,0,0
6/17/2018,Vulgaris small,3a,17,1.75,0,2,2,0,0,0,0,0,2,0,0,0,0,0
6/17/2018,Vulgaris small,3a,18,1.75,0,17,17,0,0,0,0,0,0,0,0,0,0,0
6/17/2018,Vulgaris small,3a,19,1.75,0,4,4,3,0,0,0,0,1,0,0,0,0,0
6/17/2018,Vulgaris small,3a,20,1.75,0,7,7,2,0,0,0,0,2,0,0,0,0,0
6/17/2018,Vulgaris small,3a,21,1.75,13,11,24,4,0,0,0,0,1,0,0,0,0,0
6/17/2018,Vulgaris small,3a,22,1.75,0,0,0,0,0,0,0,0,0,0,0,0,0,0
6/21/2018,Vulgaris small,3a,1,1.75,0,2,2,0,0,0,0,0,0,many,0,0,0,0
6/21/2018,Vulgaris small,3a,2,1.75,0,3,3,0,0,0,1,0,0,many,0,0,0,0
6/21/2018,Vulgaris small,3a,3,1.75,0,0,0,3,0,0,0,0,0,many,0,0,0,0
6/21/2018,Vulgaris small,3a,4,1.75,0,0,0,0,0,0,many,1,0,many,0,0,0,0
6/21/2018,Vulgaris small,3a,5,1.75,0,0,0,0,0,0,0,2,1,many,0,0,0,0
6/21/2018,Vulgaris small,3a,6,1.75,0,0,0,0,0,0,many,1,0,many,0,0,0,0
6/21/2018,Vulgaris small,3a,7,1.75,0,0,0,0,0,0,1,1,0,many,0,0,0,0
6/21/2018,Vulgaris small,3a,8,1.75,0,0,0,0,0,0,0,0,0,many,0,0,0,0
6/21/2018,Vulgaris small,3a,9,1.75,0,0,0,0,0,0,0,2,1,many,0,0,0,0
6/21/2018,Vulgaris small,3a,10,1.75,0,1,1,0,0,0,many,0,2,many,0,0,0,0
6/21/2018,Vulgaris small,3a,11,1.75,0,4,4,0,0,0,1,0,0,many,0,0,0,0
6/21/2018,Vulgaris small,3a,12,1.75,0,2,2,0,0,0,0,0,1,many,0,0,0,0
6/21/2018,Vulgaris small,3a,13,1.75,0,2,2,0,0,0,1,0,1,many,0,0,0,0
6/21/2018,Vulgaris small,3a,14,1.75,0,7,7,0,0,0,0,0,0,many,0,0,0,0
6/21/2018,Vulgaris small,3a,15,1.75,0,0,0,0,0,0,0,0,0,many,0,0,0,0
6/21/2018,Vulgaris small,3a,16,1.75,0,0,0,0,0,0,1,0,0,many,0,0,0,0
6/21/2018,Vulgaris small,3a,17,1.75,0,0,0,0,0,0,0,0,0,many,0,0,0,0
6/21/2018,Vulgaris small,3a,18,1.75,0,3,3,0,0,0,0,0,1,many,0,0,0,0
6/21/2018,Vulgaris small,3a,19,1.75,0,0,0,0,0,0,0,0,0,many,0,0,0,0
6/21/2018,Vulgaris small,3a,20,1.75,0,1,1,1,0,0,0,0,2,many,0,0,0,0
6/21/2018,Vulgaris small,3a,21,1.75,0,5,5,0,1,0,0,0,0,many,0,0,0,0
6/21/2018,Vulgaris small,3a,22,1.75,0,1,1,3,0,0,0,0,0,many,0,0,0,0
6/21/2018,Vulgaris small,3a,23,1.75,0,1,1,1,0,0,0,0,0,many,0,0,0,0
6/21/2018,Vulgaris small,3a,24,1.75,0,0,0,1,0,0,0,0,0,many,0,0,0,0
6/21/2018,Vulgaris small,3a,25,1.75,0,1,1,2,0,0,0,0,0,many,0,0,0,0
6/21/2018,Vulgaris small,3a,26,1.75,0,1,1,0,0,0,0,0,0,many,0,0,0,0
6/24/2018,Vulgaris small,3a,1,1.75,0,2,2,0,0,0,0,1,0,many,0,0,0,0
6/24/2018,Vulgaris small,3a,2,1.75,0,3,3,1,0,0,many,1,0,many,0,0,0,0
6/24/2018,Vulgaris small,3a,3,1.75,0,0,0,0,0,0,0,0,0,many,0,0,0,0
6/24/2018,Vulgaris small,3a,4,1.75,0,0,0,0,0,0,many,0,0,many,0,0,0,0
6/24/2018,Vulgaris small,3a,5,1.75,0,0,0,1,0,0,0,0,0,many,0,0,0,0
6/24/2018,Vulgaris small,3a,6,1.75,0,0,0,0,0,0,many,0,0,many,0,0,0,0
6/24/2018,Vulgaris small,3a,7,1.75,0,0,0,0,0,0,0,2,0,many,0,0,0,0
6/24/2018,Vulgaris small,3a,8,1.75,0,1,1,0,0,0,0,0,0,many,0,0,0,0
6/24/2018,Vulgaris small,3a,9,1.75,0,1,1,0,0,0,many,0,0,many,0,0,0,0
6/24/2018,Vulgaris small,3a,10,1.75,0,0,0,2,0,0,many,1,0,many,0,0,0,0
6/24/2018,Vulgaris small,3a,11,1.75,0,0,0,1,0,0,0,0,0,many,0,0,0,0
6/24/2018,Vulgaris small,3a,12,1.75,0,0,0,0,0,0,many,0,0,many,0,0,0,0
6/24/2018,Vulgaris small,3a,13,1.75,0,0,0,0,0,0,0,1,0,many,0,0,0,0
6/24/2018,Vulgaris small,3a,14,1.75,0,0,0,0,0,0,0,0,0,many,0,0,0,0
6/24/2018,Vulgaris small,3a,15,1.75,0,3,3,1,0,0,0,1,0,many,0,0,0,0
6/24/2018,Vulgaris small,3a,16,1.75,0,1,1,0,0,0,many,0,0,many,0,0,1,0
6/24/2018,Vulgaris small,3a,17,1.75,0,0,0,0,0,0,many,0,0,many,0,0,0,0
6/24/2018,Vulgaris small,3a,18,1.75,0,0,0,1,0,0,0,1,0,many,0,0,0,0
6/24/2018,Vulgaris small,3a,19,1.75,0,0,0,0,0,0,0,0,0,many,0,0,0,0
6/24/2018,Vulgaris small,3a,20,1.75,0,0,0,1,0,0,0,0,0,many,0,0,1,0
6/24/2018,Vulgaris small,3a,21,1.75,0,0,0,0,0,0,0,0,0,many,0,0,0,0
6/24/2018,Vulgaris small,3a,22,1.75,0,0,0,0,0,0,0,0,0,many,0,0,0,0
6/24/2018,Vulgaris small,3a,23,1.75,0,0,0,0,0,0,0,0,0,many,0,0,0,0
6/24/2018,Vulgaris small,3a,24,1.75,0,0,0,1,0,0,many,0,0,many,0,0,0,0
6/24/2018,Vulgaris small,3a,25,1.75,0,2,2,0,0,0,many,1,0,many,0,0,0,0
6/28/2018,Vulgaris small,3a,1,1.75,0,0,0,0,0,0,many,0,2,many,0,0,0,0
6/28/2018,Vulgaris small,3a,2,1.75,0,0,0,0,0,0,0,0,0,0,0,0,0,0
6/28/2018,Vulgaris small,3a,3,1.75,0,0,0,0,0,0,0,0,0,0,0,0,0,0
6/28/2018,Vulgaris small,3a,4,1.75,0,0,0,0,0,0,0,0,0,many,0,0,0,0
6/28/2018,Vulgaris small,3a,5,1.75,0,0,0,0,0,0,many,0,0,many,0,0,0,0
6/28/2018,Vulgaris small,3a,6,1.75,0,0,0,0,0,0,0,0,0,0,0,0,0,0
6/28/2018,Vulgaris small,3a,7,1.75,0,0,0,0,0,0,many,0,0,many,0,0,0,0
6/28/2018,Vulgaris small,3a,8,1.75,0,0,0,0,0,0,many,0,0,many,0,0,0,0
6/28/2018,Vulgaris small,3a,9,1.75,0,0,0,0,0,0,many,4,0,many,0,0,0,0
6/28/2018,Vulgaris small,3a,10,1.75,0,0,0,0,0,0,many,0,0,many,0,0,0,0
6/28/2018,Vulgaris small,3a,11,1.75,0,0,0,0,0,0,many,0,0,many,0,0,0,0
6/28/2018,Vulgaris small,3a,12,1.75,0,0,0,0,0,0,0,0,0,many,0,0,0,0
6/28/2018,Vulgaris small,3a,13,1.75,0,0,0,0,0,0,0,0,0,many,0,0,0,0
6/28/2018,Vulgaris small,3a,14,1.75,0,0,0,0,0,0,many,0,0,many,0,0,0,0
6/28/2018,Vulgaris small,3a,15,1.75,0,0,0,0,0,0,many,0,0,many,0,0,0,0
6/28/2018,Vulgaris small,3a,16,1.75,0,0,0,0,0,1,many,0,0,0,0,0,0,0
6/28/2018,Vulgaris small,3a,17,1.75,0,0,0,0,0,0,0,0,0,many,0,0,0,0
6/28/2018,Vulgaris small,3a,18,1.75,0,0,0,0,0,0,0,0,0,many,0,0,0,0
6/28/2018,Vulgaris small,3a,19,1.75,0,0,0,0,0,0,0,0,0,0,0,0,0,0
5/16/2018,Waterfall,2,1,1.75,1,0,1,0,0,0,0,0,0,0,0,0,0,0
5/16/2018,Waterfall,2,2,1.75,7,0,7,0,0,0,0,0,0,0,0,0,0,0
5/16/2018,Waterfall,2,3,1.75,19,0,19,0,0,0,0,0,0,0,0,0,0,0
5/16/2018,Waterfall,2,4,1.75,0,0,0,0,0,0,0,0,0,0,0,0,0,0
5/16/2018,Waterfall,2,5,1.75,0,0,0,0,0,0,0,0,0,0,0,0,0,0
5/16/2018,Waterfall,2,6,1.75,0,0,0,0,0,0,0,0,0,0,0,0,0,0
5/16/2018,Waterfall,2,7,1.75,0,0,0,0,0,0,0,0,0,0,0,0,0,0
5/16/2018,Waterfall,2,8,1.75,0,0,0,0,0,0,0,0,0,0,0,0,0,0
5/16/2018,Waterfall,2,9,1.75,0,0,0,0,0,0,0,0,0,0,0,0,0,0
5/16/2018,Waterfall,2,10,1.75,0,0,0,0,0,0,0,0,0,0,0,0,0,0
5/16/2018,Waterfall,2,11,1.75,5,0,5,0,0,0,0,0,0,0,0,0,0,0
5/16/2018,Waterfall,2,12,1.75,5,0,5,0,0,0,0,0,0,0,0,0,0,0
5/16/2018,Waterfall,2,13,1.75,0,0,0,0,0,0,0,0,0,0,1,0,0,0
5/16/2018,Waterfall,2,14,1.75,7,0,7,0,0,0,0,0,0,0,0,0,0,0
5/16/2018,Waterfall,2,15,1.75,0,0,0,0,0,0,0,0,0,0,0,0,0,0
5/16/2018,Waterfall,2,16,1.75,0,0,0,0,0,0,0,0,0,0,0,0,0,0
5/16/2018,Waterfall,2,17,1.75,0,0,0,0,0,0,0,0,0,0,1,0,0,0
5/16/2018,Waterfall,2,18,1.75,0,0,0,0,0,0,0,0,0,0,0,0,0,0
5/16/2018,Waterfall,2,19,1.75,0,0,0,0,0,0,0,0,0,0,0,0,0,0
5/16/2018,Waterfall,2,20,1.75,1,0,1,0,0,0,0,0,0,0,0,0,0,0
5/16/2018,Waterfall,2,21,1.75,0,0,0,0,0,0,0,0,0,0,0,0,0,0
5/16/2018,Waterfall,2,22,1.75,0,0,0,0,0,0,0,0,0,0,0,0,0,0
5/16/2018,Waterfall,2,23,1.75,0,0,0,0,0,0,0,0,0,0,0,0,0,0
5/16/2018,Waterfall,2,24,1.75,0,0,0,0,0,0,0,0,0,0,0,0,0,0
5/16/2018,Waterfall,2,25,1.75,0,0,0,0,0,0,0,0,0,0,0,0,0,0
5/16/2018,Waterfall,2,26,1.75,0,0,0,0,0,0,0,0,0,0,0,0,0,0
5/16/2018,Waterfall,2,27,1.75,0,0,0,0,0,0,0,0,0,0,0,0,0,0
5/16/2018,Waterfall,2,28,1.75,0,0,0,0,0,0,0,0,0,0,0,0,0,0
5/16/2018,Waterfall,2,29,1.75,0,0,0,0,0,0,0,0,0,0,0,0,0,0
5/16/2018,Waterfall,2,30,1.75,8,0,8,0,0,0,0,0,0,0,0,0,0,0
5/19/2018,Waterfall,2,1,1.75,2,0,2,0,0,0,0,0,0,0,0,0,0,0
5/19/2018,Waterfall,2,2,1.75,0,0,0,0,0,0,0,0,0,0,1,0,0,0
5/19/2018,Waterfall,2,3,1.75,33,0,33,0,0,0,0,0,0,0,1,0,0,0
5/19/2018,Waterfall,2,4,1.75,189,0,189,0,0,2,0,0,0,0,0,0,0,0
5/19/2018,Waterfall,2,5,1.75,0,0,0,0,0,0,0,0,0,0,0,0,0,0
5/19/2018,Waterfall,2,6,1.75,0,0,0,0,0,0,0,0,0,0,0,0,0,0
5/19/2018,Waterfall,2,7,1.75,0,0,0,0,0,0,0,0,0,0,0,0,0,0
5/19/2018,Waterfall,2,8,1.75,0,0,0,0,0,0,0,0,0,0,0,0,0,0
5/19/2018,Waterfall,2,9,1.75,2,0,2,0,0,0,0,0,0,0,1,0,0,0
5/19/2018,Waterfall,2,10,1.75,37,0,37,0,0,0,0,0,0,0,0,0,0,0
5/19/2018,Waterfall,2,11,1.75,0,0,0,0,0,0,0,0,0,0,0,0,0,0
5/19/2018,Waterfall,2,12,1.75,1,0,1,0,0,0,0,0,0,0,0,0,0,0
5/19/2018,Waterfall,2,13,1.75,7,0,7,0,0,0,0,0,0,0,0,0,0,0
5/19/2018,Waterfall,2,14,1.75,45,0,45,0,0,0,0,0,0,0,0,0,0,0
5/19/2018,Waterfall,2,15,1.75,73,0,73,0,0,0,0,0,0,0,0,0,0,0
5/19/2018,Waterfall,2,16,1.75,46,0,46,0,0,0,0,0,2,0,1,0,0,0
5/19/2018,Waterfall,2,17,1.75,9,0,9,0,0,0,0,0,0,0,0,0,0,0
5/19/2018,Waterfall,2,18,1.75,22,0,22,0,0,0,0,0,0,0,0,0,0,0
5/19/2018,Waterfall,2,19,1.75,13,0,13,0,0,0,0,0,0,0,0,0,0,0
5/19/2018,Waterfall,2,20,1.75,68,0,68,0,0,0,0,0,0,0,0,0,0,0
5/19/2018,Waterfall,2,21,1.75,12,0,12,0,0,0,0,0,0,0,0,0,0,0
5/19/2018,Waterfall,2,22,1.75,4,0,4,0,0,0,0,0,0,0,1,0,0,0
5/19/2018,Waterfall,2,23,1.75,1,0,1,0,0,0,0,0,0,0,0,0,0,0
5/19/2018,Waterfall,2,24,1.75,1,0,1,0,0,0,0,0,0,0,0,0,0,0
5/19/2018,Waterfall,2,25,1.75,1,0,1,0,0,0,0,0,0,0,0,0,0,0
5/19/2018,Waterfall,2,26,1.75,68,0,68,0,0,0,0,0,0,0,0,0,0,0
5/19/2018,Waterfall,2,27,1.75,4,0,4,0,0,0,0,0,0,0,0,0,0,0
5/24/2018,Waterfall,2,1,1.75,100,0,100,0,0,0,0,0,5,0,0,0,0,0
5/24/2018,Waterfall,2,2,1.75,55,0,55,0,0,0,0,0,5,0,0,0,0,0
5/24/2018,Waterfall,2,3,1.75,47,0,47,0,0,0,0,5,4,0,0,0,0,0
5/24/2018,Waterfall,2,4,1.75,2,0,2,0,0,0,0,0,0,0,0,0,0,0
5/24/2018,Waterfall,2,5,1.75,0,0,0,0,0,0,0,0,0,0,0,0,0,0
5/24/2018,Waterfall,2,6,1.75,2,0,2,0,0,0,0,0,23,0,0,0,0,0
5/24/2018,Waterfall,2,7,1.75,22,0,22,0,0,0,0,0,12,0,1,0,0,0
5/24/2018,Waterfall,2,8,1.75,24,0,24,0,0,0,0,0,0,0,0,0,0,0
5/24/2018,Waterfall,2,9,1.75,57,0,57,0,0,0,0,0,0,0,0,0,0,0
5/24/2018,Waterfall,2,10,1.75,9,0,9,0,0,0,0,1,4,0,0,0,0,0
5/24/2018,Waterfall,2,11,1.75,7,0,7,0,0,0,0,0,0,0,0,0,0,0
5/24/2018,Waterfall,2,12,1.75,12,0,12,0,0,0,0,1,19,0,0,0,0,0
5/24/2018,Waterfall,2,13,1.75,10,0,10,0,0,0,0,0,0,0,0,0,0,0
5/24/2018,Waterfall,2,14,1.75,45,0,45,0,0,0,0,7,0,0,0,0,0,0
5/24/2018,Waterfall,2,15,1.75,85,0,85,0,0,0,0,2,11,0,1,0,0,0
5/28/2018,Waterfall,2,1,1.75,68,0,68,0,0,0,0,6,7,0,0,0,0,0
5/28/2018,Waterfall,2,2,1.75,64,0,64,0,0,0,1,3,4,0,1,0,0,0
5/28/2018,Waterfall,2,3,1.75,67,0,67,0,0,0,0,4,2,0,0,0,0,0
5/28/2018,Waterfall,2,4,1.75,64,0,64,0,0,0,0,2,3,0,0,0,0,0
5/28/2018,Waterfall,2,5,1.75,114,0,114,0,0,0,0,2,2,0,0,0,0,0
5/28/2018,Waterfall,2,6,1.75,78,0,78,0,0,0,0,2,2,0,0,0,0,0
5/28/2018,Waterfall,2,7,1.75,48,0,48,0,0,0,0,4,7,0,0,0,0,0
5/28/2018,Waterfall,2,8,1.75,40,0,40,0,0,0,0,1,7,0,0,0,0,0
5/28/2018,Waterfall,2,9,1.75,76,0,76,0,0,0,0,6,8,0,0,0,0,0
5/28/2018,Waterfall,2,10,1.75,39,0,39,0,0,0,0,2,4,0,0,0,0,0
5/28/2018,Waterfall,2,11,1.75,59,0,59,0,0,0,0,3,9,0,0,0,0,0
5/28/2018,Waterfall,2,12,1.75,157,0,157,0,0,0,1,9,14,0,0,0,0,0
5/28/2018,Waterfall,2,13,1.75,53,0,53,0,0,0,0,6,5,0,0,0,0,0
6/2/2018,Waterfall,2,1,1.75,18,0,18,0,0,0,0,0,1,many,0,0,0,0
6/2/2018,Waterfall,2,2,1.75,58,0,58,0,0,0,0,1,0,many,0,0,0,0
6/2/2018,Waterfall,2,3,1.75,10,0,10,0,0,0,0,0,0,many,0,0,0,0
6/2/2018,Waterfall,2,4,1.75,10,0,10,0,0,0,0,0,2,many,0,0,0,0
6/2/2018,Waterfall,2,5,1.75,80,0,80,0,0,0,0,0,0,many,0,0,0,0
6/2/2018,Waterfall,2,6,1.75,44,0,44,0,0,0,0,2,1,many,0,0,0,0
6/2/2018,Waterfall,2,7,1.75,57,0,57,0,0,0,0,6,1,many,0,0,0,0
6/2/2018,Waterfall,2,8,1.75,61,0,61,0,0,0,0,2,0,many,0,0,0,0
6/2/2018,Waterfall,2,9,1.75,17,0,17,0,0,0,0,3,1,many,0,0,0,0
6/2/2018,Waterfall,2,10,1.75,53,0,53,0,0,1,0,1,2,many,0,0,0,0
6/2/2018,Waterfall,2,11,1.75,32,0,32,0,0,0,0,1,1,many,0,0,0,0
6/5/2018,Waterfall,2,1,1.75,26,0,26,3,0,0,0,4,5,many,0,0,0,0
6/5/2018,Waterfall,2,2,1.75,11,0,11,2,0,0,0,1,4,many,0,0,0,0
6/5/2018,Waterfall,2,3,1.75,4,0,4,1,0,0,0,2,2,many,0,0,0,0
6/5/2018,Waterfall,2,4,1.75,18,0,18,0,0,0,0,1,1,many,0,0,0,0
6/5/2018,Waterfall,2,5,1.75,28,0,28,1,0,0,0,0,4,many,0,0,0,0
6/5/2018,Waterfall,2,6,1.75,14,0,14,3,0,0,0,2,3,many,0,0,0,0
6/5/2018,Waterfall,2,7,1.75,21,0,21,2,0,0,0,1,3,many,0,0,0,0
6/5/2018,Waterfall,2,8,1.75,14,0,14,2,0,0,0,0,9,many,0,0,0,0
6/5/2018,Waterfall,2,9,1.75,11,0,11,4,0,0,0,2,11,many,0,0,0,0
6/5/2018,Waterfall,2,10,1.75,25,0,25,1,0,0,0,2,2,many,0,0,0,0
6/5/2018,Waterfall,2,11,1.75,10,0,10,2,0,2,0,4,8,many,0,0,0,0
6/5/2018,Waterfall,2,12,1.75,23,0,23,2,0,0,0,5,7,many,0,0,0,0
6/11/2018,Waterfall,2,1,1.75,1,18,19,2,0,0,0,0,3,many,0,0,0,0
6/11/2018,Waterfall,2,2,1.75,1,43,44,0,0,0,0,1,4,many,0,0,0,0
6/11/2018,Waterfall,2,3,1.75,3,18,21,2,0,0,0,2,0,many,1,0,0,0
6/11/2018,Waterfall,2,4,1.75,0,11,11,0,0,0,0,2,0,many,0,0,0,0
6/11/2018,Waterfall,2,5,1.75,2,29,31,0,0,0,0,1,5,many,0,0,0,0
6/11/2018,Waterfall,2,6,1.75,1,23,24,0,0,0,1,1,0,many,0,0,0,0
6/11/2018,Waterfall,2,7,1.75,6,46,52,2,0,1,1,0,0,many,0,0,0,0
6/11/2018,Waterfall,2,8,1.75,3,24,27,1,0,0,1,0,0,many,0,0,0,0
6/11/2018,Waterfall,2,9,1.75,4,39,43,1,0,0,several,0,4,many,0,0,0,0
6/11/2018,Waterfall,2,10,1.75,1,24,25,0,0,0,0,1,1,many,0,0,0,0
6/11/2018,Waterfall,2,11,1.75,2,17,19,0,0,0,0,3,0,many,0,0,0,0
6/15/2018,Waterfall,2,1,1.75,0,5,5,1,0,0,0,4,0,many,0,0,0,0
6/15/2018,Waterfall,2,2,1.75,1,12,13,0,0,0,0,0,1,many,0,0,0,0
6/15/2018,Waterfall,2,3,1.75,0,7,7,0,0,0,0,0,0,many,0,0,0,0
6/15/2018,Waterfall,2,4,1.75,0,12,12,0,0,0,0,1,0,many,0,0,0,0
6/15/2018,Waterfall,2,5,1.75,0,15,15,0,0,0,many,4,0,many,0,0,0,0
6/15/2018,Waterfall,2,6,1.75,0,7,7,1,0,0,0,0,2,many,0,0,0,0
6/15/2018,Waterfall,2,7,1.75,0,14,14,1,0,0,0,1,2,many,0,0,0,0
6/15/2018,Waterfall,2,8,1.75,0,19,19,0,0,0,0,2,0,many,0,0,0,0
6/15/2018,Waterfall,2,9,1.75,0,10,10,1,0,0,0,2,0,many,0,0,0,0
6/15/2018,Waterfall,2,10,1.75,0,20,20,0,0,0,0,5,0,many,0,0,0,0
6/15/2018,Waterfall,2,11,1.75,0,11,11,0,0,0,1,5,0,many,0,0,0,0
6/15/2018,Waterfall,2,12,1.75,0,7,7,0,0,0,1,7,2,many,0,0,0,0
6/18/2018,Waterfall,2,1,1.75,0,0,0,2,0,1,0,3,2,0,0,0,0,0
6/18/2018,Waterfall,2,2,1.75,0,0,0,0,0,0,0,3,0,0,0,0,0,0
6/18/2018,Waterfall,2,3,1.75,0,0,0,0,0,0,0,1,0,many,0,0,0,0
6/18/2018,Waterfall,2,4,1.75,0,2,2,0,0,0,0,2,0,0,0,0,0,0
6/18/2018,Waterfall,2,5,1.75,0,1,1,1,0,0,1,1,0,0,0,0,0,0
6/18/2018,Waterfall,2,6,1.75,0,0,0,0,0,0,0,4,1,many,0,0,0,0
6/18/2018,Waterfall,2,7,1.75,0,0,0,0,0,0,0,3,0,0,0,0,0,0
6/18/2018,Waterfall,2,8,1.75,0,0,0,0,0,0,0,3,0,many,0,0,0,0
6/18/2018,Waterfall,2,9,1.75,0,0,0,1,0,0,many,6,1,many,0,0,0,0
6/18/2018,Waterfall,2,10,1.75,0,1,1,0,0,0,0,4,0,0,0,0,0,0
6/18/2018,Waterfall,2,11,1.75,0,1,1,2,0,0,0,1,1,0,0,0,0,0
