DateTime,Date,Oil,NoOil,East,Golf,Ice,Vulgaris,Vulgaris small,Waterfall,Airport
5/8/2018 15:00,5/8/2018,6.37,,,,,,,,-5
5/8/2018 16:00,5/8/2018,6.877,,,,,,,,-5
5/8/2018 17:00,5/8/2018,7.179,,,,,,,,-5
5/8/2018 18:00,5/8/2018,6.37,,,,,,,,-5
5/8/2018 19:00,5/8/2018,5.037,,,,,,,,-6
5/8/2018 20:00,5/8/2018,3.472,,,,,,,,-6
5/8/2018 21:00,5/8/2018,2.41,,,,,,,,-8
5/8/2018 22:00,5/8/2018,1.656,,,,,,,,-8
5/8/2018 23:00,5/8/2018,1.112,,,,,,,,-9
5/9/2018 0:00,5/9/2018,0.674,,,,,,,,-10
5/9/2018 1:00,5/9/2018,0.453,,,,,,,,-10
5/9/2018 2:00,5/9/2018,0.343,,,,,,,,-11
5/9/2018 3:00,5/9/2018,0.232,,,,,,,,-12
5/9/2018 4:00,5/9/2018,0.121,,,,,,,,-13
5/9/2018 5:00,5/9/2018,0.121,,,,,,,,-14
5/9/2018 6:00,5/9/2018,0.232,,,,,,,,-13
5/9/2018 7:00,5/9/2018,0.563,,,,,,,,-12
5/9/2018 8:00,5/9/2018,1.003,,,,,,,,-11
5/9/2018 9:00,5/9/2018,1.548,,,,,,,,-9
5/9/2018 10:00,5/9/2018,1.98,,,,,,,,-9
5/9/2018 11:00,5/9/2018,2.73,,,,,,,,-7
5/9/2018 12:00,5/9/2018,3.472,,,,,,,,-7
5/9/2018 13:00,5/9/2018,4.623,,,,,,,,-7
5/9/2018 14:00,5/9/2018,5.244,,,,,,,,-6
5/9/2018 15:00,5/9/2018,5.655,,,,,,,,-6
5/9/2018 16:00,5/9/2018,6.064,,,,,,,,-5
5/9/2018 17:00,5/9/2018,5.655,,,,,,,,-6
5/9/2018 18:00,5/9/2018,4.831,,,,,,,,-5
5/9/2018 19:00,5/9/2018,3.998,,,,,,,,-6
5/9/2018 20:00,5/9/2018,2.837,,,,,,,,-6
5/9/2018 21:00,5/9/2018,2.088,,,,,,,,-8
5/9/2018 22:00,5/9/2018,1.33,,,,,,,,-8
5/9/2018 23:00,5/9/2018,0.893,,,,,,,,-8
5/10/2018 0:00,5/10/2018,0.674,,,,,,,,-10
5/10/2018 1:00,5/10/2018,0.453,,,,,,,,-11
5/10/2018 2:00,5/10/2018,0.232,,,,,,,,-11
5/10/2018 3:00,5/10/2018,0.232,,,,,,,,-11
5/10/2018 4:00,5/10/2018,0.121,,,,,,,,-12
5/10/2018 5:00,5/10/2018,0.232,,,,,,,,-13
5/10/2018 6:00,5/10/2018,0.232,,,,,,,,-12
5/10/2018 7:00,5/10/2018,0.453,,,,,,,,-11
5/10/2018 8:00,5/10/2018,0.893,,,,,,,,-10
5/10/2018 9:00,5/10/2018,1.439,,,,,,,,-9
5/10/2018 10:00,5/10/2018,1.656,,,,,,,,-7
5/10/2018 11:00,5/10/2018,2.303,,,,,,,,-6
5/10/2018 12:00,5/10/2018,3.261,,,,,,,,-5
5/10/2018 13:00,5/10/2018,4.415,,,,,,,,-6
5/10/2018 14:00,5/10/2018,4.934,,,,,,,,-5
5/10/2018 15:00,5/10/2018,5.244,,,,,,,,-4
5/10/2018 16:00,5/10/2018,5.655,,,,,,,,-4
5/10/2018 17:00,5/10/2018,5.347,,,,,,,,-4
5/10/2018 18:00,5/10/2018,4.727,,,,,,,,-4
5/10/2018 19:00,5/10/2018,4.519,,,,,,,,-4
5/10/2018 20:00,5/10/2018,3.998,,,,,,,,-4
5/10/2018 21:00,5/10/2018,3.367,,,,,,,,-5
5/10/2018 22:00,5/10/2018,2.73,,,,,,,,-5
5/10/2018 23:00,5/10/2018,1.98,,,,,,,,-6
5/11/2018 0:00,5/11/2018,1.548,,,,,,,,-5
5/11/2018 1:00,5/11/2018,1.112,,,,,,,,-6
5/11/2018 2:00,5/11/2018,0.893,,,,,,,,-6
5/11/2018 3:00,5/11/2018,0.674,,,,,,,,-6
5/11/2018 4:00,5/11/2018,0.453,,,,,,,,-7
5/11/2018 5:00,5/11/2018,0.453,,,,,,,,-8
5/11/2018 6:00,5/11/2018,0.453,,,,,,,,-8
5/11/2018 7:00,5/11/2018,1.003,,,,,,,,-6
5/11/2018 8:00,5/11/2018,1.872,,,,,,,,-6
5/11/2018 9:00,5/11/2018,3.155,,,,,,,,-5
5/11/2018 10:00,5/11/2018,3.893,,,,,,,,-4
5/11/2018 11:00,5/11/2018,4.831,,,,,,,,-3
5/11/2018 12:00,5/11/2018,6.064,,,,,,,,-2
5/11/2018 13:00,5/11/2018,7.582,,,,,,,,-2
5/11/2018 14:00,5/11/2018,8.779,,,,,,,,-1
5/11/2018 15:00,5/11/2018,8.879,,,,,,,,0
5/11/2018 16:00,5/11/2018,8.978,,,,,,,,0
5/11/2018 17:00,5/11/2018,8.978,,,,,,,,0
5/11/2018 18:00,5/11/2018,8.282,,,,,,,,0
5/11/2018 19:00,5/11/2018,7.782,,,,,,,,0
5/11/2018 20:00,5/11/2018,7.079,,,,,,,,0
5/11/2018 21:00,5/11/2018,5.757,,,,,,,,0
5/11/2018 22:00,5/11/2018,4.831,,,,,,,,0
5/11/2018 23:00,5/11/2018,4.102,,,,,,,,-1
5/12/2018 0:00,5/12/2018,3.578,,,,,,,,-1
5/12/2018 1:00,5/12/2018,3.155,,,,,,,,-1
5/12/2018 2:00,5/12/2018,2.837,,,,,,,,-2
5/12/2018 3:00,5/12/2018,2.517,,,,,,,,-1
5/12/2018 4:00,5/12/2018,2.088,,,,,,,,-1
5/12/2018 5:00,5/12/2018,1.872,,,,,,,,-1
5/12/2018 6:00,5/12/2018,1.764,,,,,,,,-2
5/12/2018 7:00,5/12/2018,1.98,,,,,,,,-1
5/12/2018 8:00,5/12/2018,2.303,,,,,,,,0
5/12/2018 9:00,5/12/2018,2.837,,,,,,,,-1
5/12/2018 10:00,5/12/2018,3.155,,,,,,,,-2
5/12/2018 11:00,5/12/2018,4.207,,,,,,,,-1
5/12/2018 12:00,5/12/2018,5.45,,,,,,,,2
5/12/2018 13:00,5/12/2018,6.064,,,,,,,,0
5/12/2018 14:00,5/12/2018,6.674,,,,,,,,2
5/12/2018 15:00,5/12/2018,6.166,,,,,,,,5
5/12/2018 16:00,5/12/2018,6.166,,,,,,,,7
5/12/2018 17:00,5/12/2018,6.064,,,,,,,,7
5/12/2018 18:00,5/12/2018,6.166,,,,,,,,7
5/12/2018 19:00,5/12/2018,6.471,,,,,,,,9
5/12/2018 20:00,5/12/2018,5.86,,,,,,,,7
5/12/2018 21:00,5/12/2018,5.244,,,,,,,,5
5/12/2018 22:00,5/12/2018,4.727,,,,,,,,5
5/12/2018 23:00,5/12/2018,4.102,,,,,,,,4
5/13/2018 0:00,5/13/2018,3.578,,,,,,,,4
5/13/2018 1:00,5/13/2018,3.049,,,,,,,,4
5/13/2018 2:00,5/13/2018,2.517,,,,,,,,3
5/13/2018 3:00,5/13/2018,2.088,,,,,,,,3
5/13/2018 4:00,5/13/2018,1.656,,,,,,,,2
5/13/2018 5:00,5/13/2018,1.439,,,,,,,,3
5/13/2018 6:00,5/13/2018,1.439,,,,,,,,3
5/13/2018 7:00,5/13/2018,1.656,,,,,,,,4
5/13/2018 8:00,5/13/2018,2.088,,,,,,,,5
5/13/2018 9:00,5/13/2018,2.195,,,,,,,,5
5/13/2018 10:00,5/13/2018,2.624,,,,,,,,6
5/13/2018 11:00,5/13/2018,3.155,,,,,,,,6
5/13/2018 12:00,5/13/2018,3.683,,,,,,,,7
5/13/2018 13:00,5/13/2018,3.788,,,,,,,,7
5/13/2018 14:00,5/13/2018,3.998,,,,,,,,7
5/13/2018 15:00,5/13/2018,4.311,,,,,,,,7
5/13/2018 16:00,5/13/2018,4.415,,,,,,,,2
5/13/2018 17:00,5/13/2018,4.727,,,,,,,,4
5/13/2018 18:00,5/13/2018,4.623,,,,,,,,3
5/13/2018 19:00,5/13/2018,5.141,,,,,,,,3
5/13/2018 20:00,5/13/2018,4.727,,,,,,,,2
5/13/2018 21:00,5/13/2018,4.311,,,,,,,,1
5/13/2018 22:00,5/13/2018,3.998,,,,,,,,1
5/13/2018 23:00,5/13/2018,3.683,,,,,,,,0
5/14/2018 0:00,5/14/2018,3.472,,,,,,,,0
5/14/2018 1:00,5/14/2018,3.155,,,,,,,,0
5/14/2018 2:00,5/14/2018,2.837,,,,,,,,0
5/14/2018 3:00,5/14/2018,2.517,,,,,,,,0
5/14/2018 4:00,5/14/2018,2.303,,,,,,,,-1
5/14/2018 5:00,5/14/2018,2.195,,,,,,,,-1
5/14/2018 6:00,5/14/2018,2.195,,,,,,,,-1
5/14/2018 7:00,5/14/2018,2.303,,,,,,,,-1
5/14/2018 8:00,5/14/2018,2.517,,,,,,,,-1
5/14/2018 9:00,5/14/2018,2.837,,,,,,,,0
5/14/2018 10:00,5/14/2018,3.472,,,,,,,,0
5/14/2018 11:00,5/14/2018,4.102,,,,,,,,0
5/14/2018 12:00,5/14/2018,4.727,,,,,,,,1
5/14/2018 13:00,5/14/2018,5.45,,,,,,,,1
5/14/2018 14:00,5/14/2018,5.86,,,,,,,,1
5/14/2018 15:00,5/14/2018,6.064,,,,,,,,1
5/14/2018 16:00,5/14/2018,6.268,,,,,,,,1
5/14/2018 17:00,5/14/2018,6.166,,,,,,,,2
5/14/2018 18:00,5/14/2018,6.166,,,,,,,,2
5/14/2018 19:00,5/14/2018,5.757,,,,,,,,2
5/14/2018 20:00,5/14/2018,5.45,,,,,,,,2
5/14/2018 21:00,5/14/2018,5.037,,,,,,,,2
5/14/2018 22:00,5/14/2018,4.727,,,,,,,,0
5/14/2018 23:00,5/14/2018,4.415,,,,,,,,-1
5/15/2018 0:00,5/15/2018,3.788,,,,,,,,-2
5/15/2018 1:00,5/15/2018,3.155,,,,,,,,-2
5/15/2018 2:00,5/15/2018,2.837,,,,,,,,-2
5/15/2018 3:00,5/15/2018,2.73,,,,,,,,-3
5/15/2018 4:00,5/15/2018,2.517,,,,,,,,-3
5/15/2018 5:00,5/15/2018,2.41,,,,,,,,-3
5/15/2018 6:00,5/15/2018,2.41,,,,,,,,-2
5/15/2018 7:00,5/15/2018,2.517,,,,,,,,-2
5/15/2018 8:00,5/15/2018,2.837,,,,,,,,-2
5/15/2018 9:00,5/15/2018,3.261,,,,,,,,-1
5/15/2018 10:00,5/15/2018,3.578,,,,,,,,0
5/15/2018 11:00,5/15/2018,4.207,,,,,,,,1
5/15/2018 12:00,5/15/2018,5.037,,,,,,,,0
5/15/2018 13:00,5/15/2018,6.573,,,,,,,,1
5/15/2018 14:00,5/15/2018,7.582,,,,,,,,1
5/15/2018 15:00,5/15/2018,8.082,,,,,,,,2
5/15/2018 16:00,5/15/2018,8.581,10.063,,,,,,,3
5/15/2018 17:00,5/15/2018,8.879,9.866,,,,,,,4
5/15/2018 18:00,5/15/2018,9.077,9.866,,,,,,,5
5/15/2018 19:00,5/15/2018,9.077,9.077,,,,,,,5
5/15/2018 20:00,5/15/2018,8.879,7.782,,,,,,,3
5/15/2018 21:00,5/15/2018,8.68,6.775,,,,,,,1
5/15/2018 22:00,5/15/2018,8.382,5.655,,,,,,,0
5/15/2018 23:00,5/15/2018,8.082,4.415,,,,,,,-1
5/16/2018 0:00,5/16/2018,7.582,3.893,,,,,,,-2
5/16/2018 1:00,5/16/2018,6.775,2.837,,,,,,,-3
5/16/2018 2:00,5/16/2018,6.268,2.41,,,,,,,-3
5/16/2018 3:00,5/16/2018,5.347,2.088,,,,,,,-3
5/16/2018 4:00,5/16/2018,4.311,1.764,,,,,,,-4
5/16/2018 5:00,5/16/2018,4.102,1.548,,,,,,,-4
5/16/2018 6:00,5/16/2018,3.893,2.73,,,,,,,-1
5/16/2018 7:00,5/16/2018,4.102,3.367,,,,,,,0
5/16/2018 8:00,5/16/2018,4.207,3.155,,,,,,,0
5/16/2018 9:00,5/16/2018,4.623,3.893,,,,,,,0
5/16/2018 10:00,5/16/2018,5.037,5.037,,,,,,,3
5/16/2018 11:00,5/16/2018,5.962,6.268,,,,,,,4
5/16/2018 12:00,5/16/2018,7.682,4.727,,,,,,,6
5/16/2018 13:00,5/16/2018,9.571,7.983,,,,,,8.082,8
5/16/2018 14:00,5/16/2018,11.236,10.846,,,,,,10.846,9
5/16/2018 15:00,5/16/2018,12.401,11.819,,,,,,9.275,8
5/16/2018 16:00,5/16/2018,12.98,11.431,,,,,,10.259,9
5/16/2018 17:00,5/16/2018,12.98,11.528,,,,,,9.176,10
5/16/2018 18:00,5/16/2018,12.497,10.063,,,,,,5.45,10
5/16/2018 19:00,5/16/2018,11.334,8.581,,,,,,3.261,8
5/16/2018 20:00,5/16/2018,10.357,6.674,,,,,,2.303,7
5/16/2018 21:00,5/16/2018,9.373,5.552,,,,,,1.656,7
5/16/2018 22:00,5/16/2018,8.581,5.244,,,,,,1.33,6
5/16/2018 23:00,5/16/2018,7.682,4.623,,,,,,1.112,6
5/17/2018 0:00,5/17/2018,6.877,3.788,,,,,,0.674,7
5/17/2018 1:00,5/17/2018,6.268,3.578,,,,,,0.343,6
5/17/2018 2:00,5/17/2018,5.552,3.261,,,,,,0.121,6
5/17/2018 3:00,5/17/2018,5.037,3.049,,,,,,0.121,5
5/17/2018 4:00,5/17/2018,4.623,2.088,,,,,,0.01,4
5/17/2018 5:00,5/17/2018,4.311,2.41,,,,,,5.757,7
5/17/2018 6:00,5/17/2018,3.893,2.517,,,,,,3.893,6
5/17/2018 7:00,5/17/2018,3.893,2.303,,,,,,2.73,6
5/17/2018 8:00,5/17/2018,3.998,2.837,,,,,,3.683,7
5/17/2018 9:00,5/17/2018,4.415,3.367,,,,,,6.573,7
5/17/2018 10:00,5/17/2018,5.244,4.623,,,,,,13.269,6
5/17/2018 11:00,5/17/2018,6.166,5.655,,,,,,12.69,9
5/17/2018 12:00,5/17/2018,6.978,5.244,,,,,,13.942,8
5/17/2018 13:00,5/17/2018,7.582,5.552,,,,,,14.23,9
5/17/2018 14:00,5/17/2018,8.082,5.962,,,2.517,,,12.98,9
5/17/2018 15:00,5/17/2018,8.68,6.37,,,2.195,6.37,,13.558,11
5/17/2018 16:00,5/17/2018,9.373,8.082,,,2.517,7.682,,12.497,11
5/17/2018 17:00,5/17/2018,9.965,8.382,,,2.624,8.182,,16.046,11
5/17/2018 18:00,5/17/2018,10.063,8.382,,,1.656,7.682,,12.304,9
5/17/2018 19:00,5/17/2018,9.472,7.782,,,1.439,6.877,,8.082,7
5/17/2018 20:00,5/17/2018,8.581,6.877,,,1.112,6.064,,5.141,6
5/17/2018 21:00,5/17/2018,7.682,6.573,,,1.003,5.655,,2.195,6
5/17/2018 22:00,5/17/2018,6.674,6.166,,,0.784,5.037,,0.01,4
5/17/2018 23:00,5/17/2018,5.757,5.552,,,0.563,4.519,,-1.001,3
5/18/2018 0:00,5/18/2018,5.037,5.037,,,0.453,3.998,,-0.774,3
5/18/2018 1:00,5/18/2018,4.415,4.207,,,0.343,3.788,,-0.774,3
5/18/2018 2:00,5/18/2018,3.788,3.261,,,0.343,1.98,,-1.341,1
5/18/2018 3:00,5/18/2018,3.261,2.088,,,0.232,1.33,,-1.57,-1
5/18/2018 4:00,5/18/2018,2.73,1.872,,,0.232,0.784,,-1.001,0
5/18/2018 5:00,5/18/2018,2.517,1.764,,,0.343,1.112,,-0.213,0
5/18/2018 6:00,5/18/2018,2.41,1.764,,,0.563,1.439,,-0.213,0
5/18/2018 7:00,5/18/2018,2.41,1.98,,,0.784,1.764,,0.343,0
5/18/2018 8:00,5/18/2018,2.624,2.303,,,1.33,2.41,,1.764,0
5/18/2018 9:00,5/18/2018,3.472,3.261,,,1.656,3.155,,3.893,1
5/18/2018 10:00,5/18/2018,4.207,3.893,,,2.088,4.102,,4.207,1
5/18/2018 11:00,5/18/2018,5.037,4.623,,,2.624,5.347,,5.347,2
5/18/2018 12:00,5/18/2018,5.45,4.727,,,2.73,5.757,,5.86,2
5/18/2018 13:00,5/18/2018,5.552,4.934,,,3.578,6.268,,3.893,2
5/18/2018 14:00,5/18/2018,5.757,5.757,,,3.893,7.28,,6.573,2
5/18/2018 15:00,5/18/2018,6.877,7.983,,,3.683,7.481,,9.571,1
5/18/2018 16:00,5/18/2018,7.381,8.779,,,3.998,8.68,,8.282,2
5/18/2018 17:00,5/18/2018,6.877,7.179,2.195,,3.788,9.373,,14.613,1
5/18/2018 18:00,5/18/2018,7.381,10.161,2.73,,3.261,9.669,,15.473,2
5/18/2018 19:00,5/18/2018,7.381,8.879,2.303,,2.73,9.571,,14.134,2
5/18/2018 20:00,5/18/2018,6.37,5.552,1.003,,2.195,9.176,,11.916,2
5/18/2018 21:00,5/18/2018,5.141,4.727,0.674,,1.439,8.182,,7.381,1
5/18/2018 22:00,5/18/2018,4.415,4.102,0.453,,1.003,6.877,,-1.456,0
5/18/2018 23:00,5/18/2018,3.578,3.261,0.343,,0.784,5.962,,-2.03,-1
5/19/2018 0:00,5/19/2018,2.943,2.517,0.343,,0.563,5.037,,-2.844,-1
5/19/2018 1:00,5/19/2018,2.41,1.656,0.232,,0.453,4.207,,-3.197,-1
5/19/2018 2:00,5/19/2018,1.98,1.003,0.232,,0.453,4.207,,-3.197,-1
5/19/2018 3:00,5/19/2018,1.656,-0.325,0.232,,0.343,3.998,,-3.911,-3
5/19/2018 4:00,5/19/2018,1.439,-0.437,0.232,,0.343,3.788,,-3.911,-3
5/19/2018 5:00,5/19/2018,1.33,-0.437,0.343,,0.343,3.683,,3.578,-4
5/19/2018 6:00,5/19/2018,1.221,4.519,0.674,,0.674,3.893,,0.563,-2
5/19/2018 7:00,5/19/2018,1.98,7.381,1.33,,1.221,4.207,,7.582,0
5/19/2018 8:00,5/19/2018,2.517,7.28,2.195,,1.656,4.934,,7.582,1
5/19/2018 9:00,5/19/2018,3.049,6.978,3.367,,2.088,5.45,,7.28,2
5/19/2018 10:00,5/19/2018,3.683,9.077,4.519,,2.624,5.962,,6.674,3
5/19/2018 11:00,5/19/2018,5.655,12.883,5.244,,3.049,6.573,,5.347,4
5/19/2018 12:00,5/19/2018,7.983,15.855,6.166,,3.472,8.382,,8.779,6
5/19/2018 13:00,5/19/2018,10.063,17.379,6.674,,3.893,10.161,,13.654,6
5/19/2018 14:00,5/19/2018,12.207,17.475,7.079,,3.998,11.625,,14.804,6
5/19/2018 15:00,5/19/2018,13.846,11.722,7.582,,3.998,12.787,,16.332,6
5/19/2018 16:00,5/19/2018,14.709,12.497,6.471,,4.102,13.846,,16.903,6
5/19/2018 17:00,5/19/2018,13.942,13.269,5.552,,3.893,13.942,,16.332,7
5/19/2018 18:00,5/19/2018,12.98,13.461,4.934,,3.472,13.654,,14.9,6
5/19/2018 19:00,5/19/2018,11.819,12.883,4.519,,3.049,13.173,,12.594,5
5/19/2018 20:00,5/19/2018,10.063,11.528,1.439,,2.624,12.497,,10.063,5
5/19/2018 21:00,5/19/2018,8.382,10.553,1.003,,2.088,10.944,,6.978,3
5/19/2018 22:00,5/19/2018,6.877,9.373,0.674,,1.656,9.472,,4.102,2
5/19/2018 23:00,5/19/2018,5.655,8.581,0.563,,1.439,8.182,,2.088,1
5/20/2018 0:00,5/20/2018,4.519,7.582,0.453,,1.221,7.079,,0.01,0
5/20/2018 1:00,5/20/2018,3.683,6.471,0.453,,1.112,5.757,,0.121,-1
5/20/2018 2:00,5/20/2018,3.049,5.86,0.453,,0.893,3.472,,0.01,-1
5/20/2018 3:00,5/20/2018,2.624,5.347,0.453,,0.784,3.472,,0.121,-1
5/20/2018 4:00,5/20/2018,2.195,4.934,0.453,,0.784,3.788,,0.232,-1
5/20/2018 5:00,5/20/2018,1.98,4.519,0.453,,0.784,3.788,,0.232,-1
5/20/2018 6:00,5/20/2018,1.872,4.207,0.563,,0.784,3.788,,0.343,-1
5/20/2018 7:00,5/20/2018,1.764,4.207,0.563,,0.784,3.578,,0.563,-1
5/20/2018 8:00,5/20/2018,1.872,4.311,0.784,,0.893,3.683,,0.784,-1
5/20/2018 9:00,5/20/2018,2.195,4.311,1.003,,0.893,3.893,,1.112,-1
5/20/2018 10:00,5/20/2018,2.837,4.623,1.33,,1.33,4.102,,1.439,-1
5/20/2018 11:00,5/20/2018,3.261,4.727,1.33,,1.439,4.623,,2.195,-1
5/20/2018 12:00,5/20/2018,3.998,5.45,2.303,,1.656,5.86,8.182,2.837,0
5/20/2018 13:00,5/20/2018,5.45,6.471,3.261,,1.764,5.655,7.682,5.45,1
5/20/2018 14:00,5/20/2018,7.782,6.775,3.261,,1.872,6.064,9.669,7.782,2
5/20/2018 15:00,5/20/2018,8.978,7.983,3.893,,1.98,6.674,4.519,7.582,2
5/20/2018 16:00,5/20/2018,9.373,8.382,3.683,,1.98,6.674,7.481,7.582,2
5/20/2018 17:00,5/20/2018,9.176,8.779,2.624,,1.98,7.179,3.683,7.582,2
5/20/2018 18:00,5/20/2018,9.373,8.779,2.517,,1.872,7.682,3.155,7.381,3
5/20/2018 19:00,5/20/2018,8.879,9.176,2.41,,1.764,7.079,3.049,6.978,3
5/20/2018 20:00,5/20/2018,7.983,8.382,1.764,,1.656,6.877,2.943,4.727,3
5/20/2018 21:00,5/20/2018,7.079,7.983,1.439,,1.439,6.37,2.624,3.578,2
5/20/2018 22:00,5/20/2018,6.268,7.381,1.221,,1.33,5.655,2.73,2.517,2
5/20/2018 23:00,5/20/2018,5.45,6.877,1.003,,1.112,4.311,3.049,1.33,2
5/21/2018 0:00,5/21/2018,4.311,5.962,0.784,,1.003,3.155,1.003,-0.102,1
5/21/2018 1:00,5/21/2018,3.261,5.347,0.563,,0.893,2.303,0.453,-0.325,0
5/21/2018 2:00,5/21/2018,2.41,4.727,0.343,,0.784,1.33,0.121,-0.662,0
5/21/2018 3:00,5/21/2018,1.872,4.311,0.343,,0.784,0.893,0.121,-1.001,-1
5/21/2018 4:00,5/21/2018,1.548,4.102,0.343,,0.784,0.121,0.232,-1.228,-2
5/21/2018 5:00,5/21/2018,1.439,4.102,0.453,,0.784,0.453,0.343,-0.325,-3
5/21/2018 6:00,5/21/2018,1.221,4.934,0.674,,1.003,1.003,0.784,0.674,-2
5/21/2018 7:00,5/21/2018,2.195,6.268,1.221,,1.33,1.764,1.872,1.656,-2
5/21/2018 8:00,5/21/2018,2.73,7.983,1.872,,1.872,2.73,3.155,2.943,-1
5/21/2018 9:00,5/21/2018,3.049,9.275,2.73,,2.41,3.998,4.623,4.207,0
5/21/2018 10:00,5/21/2018,3.578,9.866,3.472,,2.943,5.347,6.064,5.757,1
5/21/2018 11:00,5/21/2018,5.141,9.866,4.102,,3.367,6.166,7.28,8.282,2
5/21/2018 12:00,5/21/2018,7.782,10.553,4.831,,3.893,6.775,8.68,12.787,3
5/21/2018 13:00,5/21/2018,10.259,11.041,5.45,,4.415,9.373,9.472,18.14,4
5/21/2018 14:00,5/21/2018,12.594,12.013,5.552,,5.037,11.139,9.965,21.187,5
5/21/2018 15:00,5/21/2018,14.613,13.558,5.962,,4.727,12.401,10.651,20.234,5
5/21/2018 16:00,5/21/2018,14.709,13.75,5.347,,4.623,13.365,8.978,21.091,6
5/21/2018 17:00,5/21/2018,13.846,14.23,4.727,,4.519,14.23,8.481,19.092,7
5/21/2018 18:00,5/21/2018,13.269,14.804,4.311,,4.519,12.98,6.573,20.615,7
5/21/2018 19:00,5/21/2018,12.207,14.325,3.578,,4.311,11.722,4.519,17.094,7
5/21/2018 20:00,5/21/2018,9.965,12.69,2.303,,4.102,10.553,3.367,13.654,7
5/21/2018 21:00,5/21/2018,8.481,11.431,1.764,,3.472,8.879,2.73,11.819,7
5/21/2018 22:00,5/21/2018,7.079,10.357,1.439,,3.155,7.381,1.764,3.683,5
5/21/2018 23:00,5/21/2018,5.962,9.472,1.221,,3.261,6.268,1.112,1.221,4
5/22/2018 0:00,5/22/2018,5.141,8.481,0.893,,3.049,4.727,0.674,-0.213,3
5/22/2018 1:00,5/22/2018,4.207,7.582,0.674,,2.73,3.367,0.343,-0.774,2
5/22/2018 2:00,5/22/2018,3.367,6.978,0.674,,2.517,2.41,0.01,-1.114,2
5/22/2018 3:00,5/22/2018,2.624,6.166,0.563,,2.303,1.98,0.232,-1.341,1
5/22/2018 4:00,5/22/2018,2.195,5.45,0.563,,2.088,1.764,0.232,-1.001,1
5/22/2018 5:00,5/22/2018,1.98,5.244,0.563,,2.088,1.98,0.343,1.112,1
5/22/2018 6:00,5/22/2018,1.872,5.45,0.784,,1.98,2.41,0.453,1.98,2
5/22/2018 7:00,5/22/2018,1.98,5.244,1.003,,2.195,2.73,1.112,3.472,2
5/22/2018 8:00,5/22/2018,2.41,6.064,1.656,,2.517,2.303,2.195,4.311,3
5/22/2018 9:00,5/22/2018,3.261,7.079,2.195,,2.943,3.367,3.367,6.471,5
5/22/2018 10:00,5/22/2018,3.788,6.37,2.41,,3.261,4.311,4.311,5.347,5
5/22/2018 11:00,5/22/2018,4.934,6.877,2.517,,3.683,5.037,4.519,7.582,6
5/22/2018 12:00,5/22/2018,6.978,8.481,3.788,,3.893,5.962,5.45,14.134,8
5/22/2018 13:00,5/22/2018,9.669,10.357,4.623,,4.311,7.983,8.382,18.045,10
5/22/2018 14:00,5/22/2018,12.497,11.431,5.347,,4.727,10.161,8.68,21.569,10
5/22/2018 15:00,5/22/2018,14.325,12.594,6.064,,4.831,12.013,8.282,23.773,10
5/22/2018 16:00,5/22/2018,14.996,13.75,6.064,,5.141,13.173,7.582,25.125,11
5/22/2018 17:00,5/22/2018,14.23,14.23,5.552,12.304,5.45,13.654,6.775,24.931,11
5/22/2018 18:00,5/22/2018,13.558,14.517,5.141,11.722,5.552,13.654,5.962,11.722,11
5/22/2018 19:00,5/22/2018,12.11,14.23,4.519,11.722,5.141,12.69,5.141,10.651,11
5/22/2018 20:00,5/22/2018,9.571,12.013,2.517,11.041,4.934,11.334,3.998,10.063,10
5/22/2018 21:00,5/22/2018,8.182,10.846,2.088,10.161,3.998,9.077,2.73,9.176,8
5/22/2018 22:00,5/22/2018,6.775,9.768,1.656,8.978,3.472,7.582,1.98,8.382,7
5/22/2018 23:00,5/22/2018,5.86,9.077,1.439,8.082,3.049,6.166,1.548,6.877,6
5/23/2018 0:00,5/23/2018,5.244,8.481,1.221,7.582,2.624,5.45,1.112,6.064,7
5/23/2018 1:00,5/23/2018,4.727,7.882,1.112,7.179,2.303,4.623,0.893,5.655,6
5/23/2018 2:00,5/23/2018,3.998,7.179,1.003,6.268,1.872,3.998,0.453,5.037,5
5/23/2018 3:00,5/23/2018,3.472,6.573,0.893,5.86,1.656,3.261,0.343,3.367,3
5/23/2018 4:00,5/23/2018,3.261,6.37,0.784,5.552,1.33,2.837,0.343,4.415,3
5/23/2018 5:00,5/23/2018,3.155,6.166,0.893,5.244,1.112,3.155,0.343,4.311,4
5/23/2018 6:00,5/23/2018,2.943,6.877,1.112,5.552,1.112,2.517,0.343,4.102,6
5/23/2018 7:00,5/23/2018,4.311,8.282,1.439,5.757,1.003,2.41,0.232,4.207,6
5/23/2018 8:00,5/23/2018,5.552,10.651,1.98,6.471,1.656,2.837,1.003,3.893,7
5/23/2018 9:00,5/23/2018,6.775,13.365,2.624,7.381,2.837,4.207,3.155,5.141,8
5/23/2018 10:00,5/23/2018,7.983,14.804,3.261,9.176,4.207,5.655,4.102,7.28,9
5/23/2018 11:00,5/23/2018,9.866,13.461,3.472,10.259,4.207,7.381,4.727,8.68,6
5/23/2018 12:00,5/23/2018,10.161,11.431,3.049,9.669,4.207,8.282,4.311,9.176,5
5/23/2018 13:00,5/23/2018,9.965,11.625,2.73,9.669,4.727,8.779,4.415,8.581,5
5/23/2018 14:00,5/23/2018,9.571,11.722,2.73,9.669,4.831,8.581,3.472,8.779,5
5/23/2018 15:00,5/23/2018,9.669,11.916,2.837,10.161,5.244,8.879,3.155,8.978,6
5/23/2018 16:00,5/23/2018,10.161,12.207,3.049,10.455,5.141,9.077,2.73,9.275,6
5/23/2018 17:00,5/23/2018,9.373,11.916,2.517,10.357,5.45,9.472,2.837,9.472,5
5/23/2018 18:00,5/23/2018,9.275,12.11,2.837,10.259,5.45,9.472,2.73,9.275,5
5/23/2018 19:00,5/23/2018,8.082,11.334,2.195,9.373,4.831,8.779,2.088,8.182,4
5/23/2018 20:00,5/23/2018,6.674,10.553,1.872,8.68,5.141,8.382,1.656,7.079,3
5/23/2018 21:00,5/23/2018,5.86,9.866,1.656,8.082,4.934,7.682,1.33,6.166,3
5/23/2018 22:00,5/23/2018,5.037,8.978,1.439,6.978,4.623,7.079,1.112,5.655,2
5/23/2018 23:00,5/23/2018,4.415,8.382,1.33,6.674,4.415,6.268,1.003,4.934,1
5/24/2018 0:00,5/24/2018,3.788,7.882,1.221,6.268,4.207,5.655,0.893,4.623,1
5/24/2018 1:00,5/24/2018,3.261,7.381,1.112,5.757,3.893,5.347,0.784,4.102,0
5/24/2018 2:00,5/24/2018,2.943,6.978,1.003,5.347,3.578,5.037,0.674,3.472,0
5/24/2018 3:00,5/24/2018,2.624,6.471,1.003,4.934,3.578,4.831,0.674,3.578,0
5/24/2018 4:00,5/24/2018,2.517,6.268,0.893,4.727,3.367,4.623,0.674,3.261,0
5/24/2018 5:00,5/24/2018,2.41,6.064,0.893,4.519,3.261,4.415,0.674,2.837,0
5/24/2018 6:00,5/24/2018,2.41,5.86,0.893,4.623,3.261,4.415,0.674,2.73,0
5/24/2018 7:00,5/24/2018,2.517,5.86,1.003,4.727,3.155,4.519,0.784,3.155,1
5/24/2018 8:00,5/24/2018,2.73,6.064,1.112,4.934,3.261,4.727,1.112,2.73,1
5/24/2018 9:00,5/24/2018,3.261,6.573,1.33,5.141,3.472,4.934,1.439,2.624,1
5/24/2018 10:00,5/24/2018,3.893,7.079,1.548,5.45,3.683,5.141,1.764,3.367,1
5/24/2018 11:00,5/24/2018,4.934,8.082,1.764,6.064,3.893,5.244,2.088,4.207,2
5/24/2018 12:00,5/24/2018,5.45,8.182,1.98,6.166,4.207,5.552,2.195,4.934,2
5/24/2018 13:00,5/24/2018,6.471,9.176,2.303,6.978,4.519,6.37,2.624,6.674,3
5/24/2018 14:00,5/24/2018,7.682,9.965,2.517,7.582,4.727,6.877,2.837,7.481,4
5/24/2018 15:00,5/24/2018,8.282,9.965,2.41,7.079,5.037,7.28,3.049,7.179,4
5/24/2018 16:00,5/24/2018,7.983,9.866,2.195,7.179,5.347,7.481,3.155,6.978,4
5/24/2018 17:00,5/24/2018,7.481,9.373,1.98,7.179,5.552,7.882,2.943,6.877,3
5/24/2018 18:00,5/24/2018,6.573,8.978,1.764,6.978,5.552,7.481,2.517,6.37,3
5/24/2018 19:00,5/24/2018,5.86,8.481,1.548,6.674,5.552,6.877,1.872,5.552,3
5/24/2018 20:00,5/24/2018,5.347,7.983,1.439,6.37,5.45,6.268,1.656,4.623,3
5/24/2018 21:00,5/24/2018,4.727,7.481,1.221,6.064,4.623,6.064,1.33,4.207,3
5/24/2018 22:00,5/24/2018,4.102,6.978,1.112,5.757,4.831,5.757,1.112,3.683,2
5/24/2018 23:00,5/24/2018,3.578,6.37,1.003,5.45,4.519,5.45,0.893,3.155,1
5/25/2018 0:00,5/25/2018,3.261,6.064,1.003,5.141,4.415,5.141,0.893,3.261,2
5/25/2018 1:00,5/25/2018,2.943,5.552,0.893,4.934,4.415,4.831,0.784,2.73,1
5/25/2018 2:00,5/25/2018,2.73,5.244,0.784,4.727,4.311,4.623,0.674,2.624,1
5/25/2018 3:00,5/25/2018,2.517,4.831,0.784,4.519,4.102,4.311,0.674,2.624,1
5/25/2018 4:00,5/25/2018,2.303,4.727,0.784,4.415,3.788,3.998,0.674,2.303,1
5/25/2018 5:00,5/25/2018,2.088,4.623,0.784,4.311,3.472,4.207,0.784,2.517,0
5/25/2018 6:00,5/25/2018,1.98,4.831,1.003,4.519,3.788,4.415,1.003,2.41,0
5/25/2018 7:00,5/25/2018,2.303,4.934,1.112,4.831,3.893,4.831,1.656,2.837,0
5/25/2018 8:00,5/25/2018,3.155,5.757,1.439,5.347,4.207,5.45,2.73,2.624,0
5/25/2018 9:00,5/25/2018,4.831,7.481,1.872,6.166,4.623,6.573,4.102,4.934,1
5/25/2018 10:00,5/25/2018,5.552,8.282,2.303,7.079,5.552,7.882,5.037,7.481,3
5/25/2018 11:00,5/25/2018,6.674,11.625,3.472,8.779,6.471,9.077,6.877,8.382,4
5/25/2018 12:00,5/25/2018,7.481,11.431,4.415,9.571,6.978,10.846,8.978,8.182,3
5/25/2018 13:00,5/25/2018,11.916,14.709,5.347,12.304,7.28,12.883,9.866,9.275,6
5/25/2018 14:00,5/25/2018,14.613,16.046,5.552,13.942,7.782,14.804,10.748,10.455,7
5/25/2018 15:00,5/25/2018,15.187,17.379,5.244,14.709,9.176,16.427,9.768,11.625,8
5/25/2018 16:00,5/25/2018,14.517,17.665,5.141,14.709,10.455,17.284,10.259,12.497,9
5/25/2018 17:00,5/25/2018,13.942,17.094,4.831,14.613,8.978,17.189,7.381,12.787,9
5/25/2018 18:00,5/25/2018,13.461,16.618,4.831,14.613,8.779,16.713,7.481,12.69,10
5/25/2018 19:00,5/25/2018,12.013,15.76,4.831,13.461,8.879,14.996,5.45,12.883,9
5/25/2018 20:00,5/25/2018,9.077,14.038,3.049,12.69,7.882,13.654,4.207,12.69,9
5/25/2018 21:00,5/25/2018,7.682,12.207,2.73,11.625,6.978,10.944,2.73,11.431,8
5/25/2018 22:00,5/25/2018,6.37,10.846,2.41,10.259,6.573,9.472,2.088,10.357,7
5/25/2018 23:00,5/25/2018,5.757,9.965,1.98,9.571,6.064,8.282,1.764,9.571,7
5/26/2018 0:00,5/26/2018,4.934,8.978,1.764,8.68,5.757,7.28,1.439,8.779,5
5/26/2018 1:00,5/26/2018,4.311,8.082,1.656,7.882,5.244,6.37,1.112,8.382,4
5/26/2018 2:00,5/26/2018,3.788,7.582,1.548,7.381,4.831,5.552,0.674,7.882,4
5/26/2018 3:00,5/26/2018,3.367,6.978,1.439,6.877,4.727,4.934,0.453,7.582,4
5/26/2018 4:00,5/26/2018,3.155,6.573,1.33,6.37,4.519,4.727,0.563,7.381,4
5/26/2018 5:00,5/26/2018,3.049,6.268,1.439,6.064,4.311,4.623,0.784,7.079,4
5/26/2018 6:00,5/26/2018,2.943,6.37,1.439,6.166,4.311,4.934,0.893,7.079,5
5/26/2018 7:00,5/26/2018,4.727,7.983,1.872,6.471,4.415,4.831,1.548,6.978,7
5/26/2018 8:00,5/26/2018,5.962,10.846,2.624,7.079,4.727,5.141,2.73,7.882,8
5/26/2018 9:00,5/26/2018,7.381,14.325,3.367,8.481,5.45,6.268,4.102,8.581,9
5/26/2018 10:00,5/26/2018,8.581,16.808,3.788,9.965,5.962,7.882,5.347,9.768,9
5/26/2018 11:00,5/26/2018,9.768,15.187,4.102,11.041,6.877,9.669,6.674,10.455,5
5/26/2018 12:00,5/26/2018,11.236,13.75,4.623,12.207,7.582,10.944,6.064,11.334,6
5/26/2018 13:00,5/26/2018,13.846,19.948,4.519,13.75,7.28,11.236,4.623,12.787,7
5/26/2018 14:00,5/26/2018,11.916,14.804,3.998,12.207,7.079,11.722,4.831,13.076,5
5/26/2018 15:00,5/26/2018,11.722,15.091,4.102,12.497,7.179,11.431,3.472,12.11,5
5/26/2018 16:00,5/26/2018,10.455,14.23,3.683,11.722,7.079,10.357,2.837,11.139,6
5/26/2018 17:00,5/26/2018,9.077,12.883,3.261,10.846,6.877,9.669,2.624,10.357,5
5/26/2018 18:00,5/26/2018,7.582,11.528,2.73,10.161,6.268,8.879,2.303,9.768,3
5/26/2018 19:00,5/26/2018,6.37,10.455,2.624,9.373,5.757,7.983,2.195,9.373,2
5/26/2018 20:00,5/26/2018,5.552,9.669,2.41,8.68,5.962,7.582,2.088,8.68,1
5/26/2018 21:00,5/26/2018,4.831,8.879,2.195,7.983,5.552,6.978,1.872,8.282,0
5/26/2018 22:00,5/26/2018,4.311,8.182,1.98,7.381,5.141,6.268,1.764,7.882,-1
5/26/2018 23:00,5/26/2018,3.578,7.28,1.764,6.775,4.623,5.244,1.656,7.381,-1
5/27/2018 0:00,5/27/2018,3.049,6.877,1.656,6.064,4.415,4.623,1.439,6.978,-2
5/27/2018 1:00,5/27/2018,2.624,6.268,1.548,5.552,4.102,4.102,1.33,6.471,-2
5/27/2018 2:00,5/27/2018,2.195,5.757,1.33,5.347,3.893,3.998,1.221,6.166,-2
5/27/2018 3:00,5/27/2018,1.98,5.244,1.221,4.934,3.578,3.998,0.893,5.962,-2
5/27/2018 4:00,5/27/2018,1.764,5.141,1.221,4.623,3.472,3.683,0.784,5.655,-2
5/27/2018 5:00,5/27/2018,1.872,5.037,1.221,4.727,3.472,3.472,0.784,5.45,-2
5/27/2018 6:00,5/27/2018,2.088,4.727,1.439,4.934,3.472,3.788,1.003,5.244,-2
5/27/2018 7:00,5/27/2018,2.624,5.552,1.764,5.552,3.578,4.207,1.33,5.552,-1
5/27/2018 8:00,5/27/2018,3.261,7.481,2.195,6.166,3.261,4.727,2.088,6.471,-1
5/27/2018 9:00,5/27/2018,4.623,10.846,2.837,6.775,4.311,5.244,3.049,7.079,-1
5/27/2018 10:00,5/27/2018,5.962,13.173,3.578,6.674,4.934,6.674,3.472,7.682,0
5/27/2018 11:00,5/27/2018,7.582,16.713,4.727,8.282,5.86,8.481,4.831,9.077,1
5/27/2018 12:00,5/27/2018,9.275,15.091,5.037,8.978,6.674,10.357,6.674,9.768,2
5/27/2018 13:00,5/27/2018,12.207,20.519,5.757,9.965,8.082,12.594,7.481,10.161,3
5/27/2018 14:00,5/27/2018,14.517,18.521,3.893,10.553,8.68,14.517,8.182,10.455,4
5/27/2018 15:00,5/27/2018,14.709,15.76,3.472,11.041,9.275,16.332,10.748,10.357,4
5/27/2018 16:00,5/27/2018,13.173,13.846,3.261,11.431,10.063,16.332,10.161,9.965,4
5/27/2018 17:00,5/27/2018,11.236,13.365,3.155,10.748,11.041,15.473,7.582,10.259,3
5/27/2018 18:00,5/27/2018,10.259,12.787,3.049,10.357,10.553,14.325,4.934,10.063,4
5/27/2018 19:00,5/27/2018,8.779,11.916,2.73,9.571,10.259,13.269,4.623,9.571,3
5/27/2018 20:00,5/27/2018,7.179,10.748,2.517,8.879,9.965,12.401,4.102,9.077,2
5/27/2018 21:00,5/27/2018,6.268,9.669,2.517,8.68,8.68,11.431,3.998,8.082,1
5/27/2018 22:00,5/27/2018,5.757,9.077,2.303,8.082,8.382,10.455,3.683,7.782,1
5/27/2018 23:00,5/27/2018,5.244,8.382,2.195,7.481,7.582,9.472,3.261,7.28,1
5/28/2018 0:00,5/28/2018,4.519,7.782,2.088,7.179,6.775,8.68,2.517,7.079,1
5/28/2018 1:00,5/28/2018,4.102,7.28,1.98,6.775,5.962,7.882,2.088,6.775,0
5/28/2018 2:00,5/28/2018,3.788,7.079,1.872,6.674,5.347,7.179,2.088,6.471,0
5/28/2018 3:00,5/28/2018,3.472,6.775,1.764,6.064,4.934,6.064,1.98,6.37,0
5/28/2018 4:00,5/28/2018,3.261,6.37,1.656,5.655,4.415,5.552,1.656,6.166,0
5/28/2018 5:00,5/28/2018,3.261,6.166,1.656,5.655,4.102,5.244,1.439,5.962,0
5/28/2018 6:00,5/28/2018,3.683,6.471,1.872,5.757,3.998,4.727,1.439,5.757,0
5/28/2018 7:00,5/28/2018,3.893,6.573,1.872,6.268,4.415,4.934,2.088,5.552,0
5/28/2018 8:00,5/28/2018,4.311,7.582,2.303,7.682,4.519,6.064,3.578,6.573,1
5/28/2018 9:00,5/28/2018,5.757,9.077,2.73,9.077,5.347,8.182,5.347,6.978,2
5/28/2018 10:00,5/28/2018,8.182,10.944,3.155,10.748,6.064,8.978,6.573,8.581,3
5/28/2018 11:00,5/28/2018,9.472,12.69,3.683,11.916,6.877,10.063,6.877,9.866,4
5/28/2018 12:00,5/28/2018,12.013,15.569,3.788,16.141,7.481,11.819,7.983,11.334,5
5/28/2018 13:00,5/28/2018,13.269,17.379,3.998,16.046,7.882,13.365,8.68,12.11,6
5/28/2018 14:00,5/28/2018,13.558,18.045,4.102,17.189,7.882,14.709,9.275,12.401,5
5/28/2018 15:00,5/28/2018,14.996,18.426,4.311,17.094,8.382,16.332,10.063,11.722,6
5/28/2018 16:00,5/28/2018,14.421,17.76,4.519,16.427,9.275,16.332,7.481,12.69,7
5/28/2018 17:00,5/28/2018,13.461,17.284,4.727,15.378,9.669,16.046,6.775,11.916,6
5/28/2018 18:00,5/28/2018,12.304,16.141,4.311,14.613,9.472,15.282,4.934,12.11,7
5/28/2018 19:00,5/28/2018,11.236,15.187,3.893,13.558,9.275,14.325,5.244,12.304,7
5/28/2018 20:00,5/28/2018,9.866,14.421,3.367,13.269,9.077,13.846,6.166,12.497,7
5/28/2018 21:00,5/28/2018,8.082,12.497,3.049,11.916,8.779,12.594,5.244,11.722,6
5/28/2018 22:00,5/28/2018,6.978,10.944,2.943,11.139,7.882,11.236,3.155,11.041,3
5/28/2018 23:00,5/28/2018,6.064,10.063,2.837,10.651,7.079,10.259,2.517,10.063,3
5/29/2018 0:00,5/29/2018,5.141,9.077,2.837,10.063,6.37,8.978,2.195,9.373,2
5/29/2018 1:00,5/29/2018,4.623,8.581,2.73,9.275,5.757,7.782,1.764,8.879,1
5/29/2018 2:00,5/29/2018,4.207,8.082,2.624,8.581,5.45,6.877,1.548,8.68,1
5/29/2018 3:00,5/29/2018,3.578,7.582,2.517,8.082,4.934,5.962,1.439,8.282,0
5/29/2018 4:00,5/29/2018,3.261,6.978,2.517,7.481,4.415,5.552,1.439,7.782,1
5/29/2018 5:00,5/29/2018,3.261,6.775,2.41,7.28,3.998,4.727,1.439,7.582,2
5/29/2018 6:00,5/29/2018,3.155,6.573,2.41,6.978,3.683,4.415,1.764,7.079,0
5/29/2018 7:00,5/29/2018,4.102,6.674,2.517,7.582,3.788,4.519,2.517,7.28,1
5/29/2018 8:00,5/29/2018,5.757,8.282,3.049,8.182,4.207,5.141,3.683,8.182,5
5/29/2018 9:00,5/29/2018,5.552,8.581,2.943,8.68,4.311,5.86,4.831,7.983,6
5/29/2018 10:00,5/29/2018,6.166,9.077,3.049,9.275,4.623,7.079,6.674,8.382,7
5/29/2018 11:00,5/29/2018,7.079,9.965,3.049,10.063,4.934,7.782,5.86,8.68,7
5/29/2018 12:00,5/29/2018,7.882,10.553,3.261,10.748,5.037,8.182,6.268,8.978,7
5/29/2018 13:00,5/29/2018,8.879,11.334,3.261,11.139,5.757,7.983,5.552,9.275,8
5/29/2018 14:00,5/29/2018,9.669,12.11,3.578,12.013,6.166,8.68,5.962,9.866,9
5/29/2018 15:00,5/29/2018,11.041,12.98,3.683,14.325,6.674,9.373,6.37,10.455,10
5/29/2018 16:00,5/29/2018,12.883,15.282,4.207,15.187,7.28,10.259,6.978,11.625,11
5/29/2018 17:00,5/29/2018,12.69,14.517,3.893,13.846,7.983,11.431,7.179,11.528,11
5/29/2018 18:00,5/29/2018,11.236,13.365,3.472,12.497,7.983,11.722,6.268,11.334,10
5/29/2018 19:00,5/29/2018,10.259,12.304,3.261,12.11,7.882,11.236,4.934,11.041,8
5/29/2018 20:00,5/29/2018,9.077,11.334,3.155,11.334,7.582,10.944,4.934,10.357,6
5/29/2018 21:00,5/29/2018,8.082,10.553,3.155,10.748,7.582,10.455,4.519,9.768,7
5/29/2018 22:00,5/29/2018,7.28,9.571,3.049,10.259,6.978,9.866,4.311,9.373,7
5/29/2018 23:00,5/29/2018,6.471,8.68,2.943,9.669,6.775,9.077,4.102,8.879,6
5/30/2018 0:00,5/30/2018,5.757,8.282,2.73,9.077,6.37,8.282,3.788,8.581,6
5/30/2018 1:00,5/30/2018,5.347,7.882,2.517,8.581,6.064,7.481,3.261,8.282,5
5/30/2018 2:00,5/30/2018,5.244,7.682,2.517,8.282,5.757,6.978,3.049,7.983,4
5/30/2018 3:00,5/30/2018,5.037,7.381,2.41,7.983,5.244,6.573,2.837,7.682,4
5/30/2018 4:00,5/30/2018,4.934,7.179,2.41,7.782,5.347,6.166,2.73,7.481,4
5/30/2018 5:00,5/30/2018,4.831,6.775,2.41,7.782,5.141,5.962,2.624,7.381,5
5/30/2018 6:00,5/30/2018,5.037,6.775,2.517,7.882,5.244,5.86,2.624,7.481,6
5/30/2018 7:00,5/30/2018,5.552,7.079,2.517,8.282,5.347,6.064,2.73,7.682,7
5/30/2018 8:00,5/30/2018,6.674,7.882,2.837,9.176,5.655,6.37,3.261,8.082,8
5/30/2018 9:00,5/30/2018,7.983,9.472,3.367,10.748,6.268,7.079,4.415,9.077,10
5/30/2018 10:00,5/30/2018,9.866,11.722,3.578,12.497,7.582,8.382,5.347,10.063,10
5/30/2018 11:00,5/30/2018,11.528,13.173,3.788,13.365,7.882,9.275,6.37,10.161,12
5/30/2018 12:00,5/30/2018,11.916,13.942,3.893,12.401,8.481,10.259,7.381,10.748,11
5/30/2018 13:00,5/30/2018,11.236,12.98,3.578,12.69,8.779,11.431,7.079,11.625,11
5/30/2018 14:00,5/30/2018,11.528,13.461,3.893,13.076,8.879,11.722,6.978,11.431,11
5/30/2018 15:00,5/30/2018,11.431,13.558,3.893,12.98,9.077,12.013,7.079,11.625,12
5/30/2018 16:00,5/30/2018,11.236,13.365,3.998,13.076,9.176,11.916,6.573,11.722,11
5/30/2018 17:00,5/30/2018,11.236,13.365,4.102,12.98,9.077,11.722,5.86,11.819,11
5/30/2018 18:00,5/30/2018,10.651,12.69,3.998,11.916,8.68,11.334,5.552,11.041,11
5/30/2018 19:00,5/30/2018,9.472,11.625,3.683,10.944,8.481,10.944,5.141,10.357,10
5/30/2018 20:00,5/30/2018,8.879,10.944,3.472,10.161,7.983,10.161,4.623,9.965,10
5/30/2018 21:00,5/30/2018,8.082,10.063,3.155,9.571,8.082,9.571,4.311,9.472,9
5/30/2018 22:00,5/30/2018,7.481,9.472,3.049,9.077,7.782,8.879,3.998,8.978,10
5/30/2018 23:00,5/30/2018,6.877,8.779,2.943,8.182,7.28,8.182,3.683,8.68,8
5/31/2018 0:00,5/31/2018,6.268,8.082,2.837,7.782,6.268,7.381,3.155,8.082,8
5/31/2018 1:00,5/31/2018,5.655,7.481,2.73,6.775,6.268,6.471,2.837,7.481,7
5/31/2018 2:00,5/31/2018,5.244,6.573,2.517,6.166,5.962,5.757,2.624,7.179,5
5/31/2018 3:00,5/31/2018,4.623,5.655,2.517,6.166,5.757,5.757,2.195,6.573,4
5/31/2018 4:00,5/31/2018,4.311,5.45,2.517,6.064,5.244,5.347,2.303,6.064,4
5/31/2018 5:00,5/31/2018,4.102,5.037,2.41,5.757,4.727,4.623,1.98,5.962,5
5/31/2018 6:00,5/31/2018,4.102,5.45,2.624,5.45,4.519,4.102,1.872,5.86,5
5/31/2018 7:00,5/31/2018,4.934,5.86,2.837,6.268,4.727,4.311,2.195,5.757,5
5/31/2018 8:00,5/31/2018,4.727,5.757,2.624,5.86,4.934,4.727,2.624,5.757,6
5/31/2018 9:00,5/31/2018,5.655,6.268,2.73,6.775,4.727,4.831,3.049,5.962,6
5/31/2018 10:00,5/31/2018,6.268,7.079,2.837,7.682,4.934,5.45,3.472,6.37,6
5/31/2018 11:00,5/31/2018,5.962,6.775,2.837,7.28,4.934,5.757,3.578,6.37,6
5/31/2018 12:00,5/31/2018,6.166,6.877,2.943,7.381,5.244,6.064,3.788,6.471,6
5/31/2018 13:00,5/31/2018,7.481,10.161,3.788,7.882,5.655,6.674,4.311,6.877,7
5/31/2018 14:00,5/31/2018,8.68,11.722,4.102,8.779,6.166,7.682,5.757,8.581,8
5/31/2018 15:00,5/31/2018,9.866,11.139,3.788,8.581,6.775,9.077,5.86,7.983,8
5/31/2018 16:00,5/31/2018,10.161,13.461,4.415,13.461,6.877,9.866,6.268,9.866,8
5/31/2018 17:00,5/31/2018,12.401,12.594,3.893,13.173,7.582,10.651,6.268,8.779,9
5/31/2018 18:00,5/31/2018,13.173,13.269,3.893,11.722,7.28,11.236,6.064,10.259,9
5/31/2018 19:00,5/31/2018,10.846,10.846,3.367,9.176,7.28,11.625,6.166,8.879,8
5/31/2018 20:00,5/31/2018,9.077,9.275,3.049,8.082,6.674,10.161,4.415,7.782,8
5/31/2018 21:00,5/31/2018,7.882,7.983,2.943,7.28,6.166,8.879,3.472,7.179,7
5/31/2018 22:00,5/31/2018,7.28,7.481,2.837,6.978,5.86,8.082,3.155,6.877,7
5/31/2018 23:00,5/31/2018,6.674,6.775,2.73,6.471,5.552,7.179,2.837,6.37,7
6/1/2018 0:00,6/1/2018,6.166,6.37,2.624,6.166,5.141,6.573,2.517,6.064,6
6/1/2018 1:00,6/1/2018,5.757,5.86,2.517,5.86,4.831,6.064,2.41,5.86,6
6/1/2018 2:00,6/1/2018,5.244,5.037,2.41,5.347,4.623,5.757,2.195,5.655,6
6/1/2018 3:00,6/1/2018,4.727,4.415,2.41,5.347,4.311,5.347,2.088,5.244,5
6/1/2018 4:00,6/1/2018,4.207,3.998,2.303,5.037,4.102,5.141,2.088,5.244,5
6/1/2018 5:00,6/1/2018,4.415,3.893,2.303,4.934,3.893,4.831,2.088,5.244,5
6/1/2018 6:00,6/1/2018,4.311,3.893,2.303,5.141,3.998,4.934,2.303,5.141,6
6/1/2018 7:00,6/1/2018,4.519,4.727,2.517,4.727,3.893,4.831,2.41,4.831,6
6/1/2018 8:00,6/1/2018,6.471,7.079,3.049,5.552,3.893,4.831,2.41,4.727,8
6/1/2018 9:00,6/1/2018,7.28,9.077,3.472,9.669,3.998,5.037,2.517,6.268,9
6/1/2018 10:00,6/1/2018,8.382,11.139,3.998,13.461,4.831,6.573,4.102,6.775,9
6/1/2018 11:00,6/1/2018,10.063,14.325,4.519,17.475,4.727,6.978,4.311,7.682,10
6/1/2018 12:00,6/1/2018,11.722,17.76,4.934,19.948,5.552,8.182,5.244,9.472,10
6/1/2018 13:00,6/1/2018,12.883,14.996,4.727,16.332,5.45,8.082,4.415,8.779,8
6/1/2018 14:00,6/1/2018,11.334,12.69,4.207,15.569,5.757,8.182,4.311,8.779,8
6/1/2018 15:00,6/1/2018,11.819,12.207,4.102,19.472,5.757,8.68,5.552,8.879,9
6/1/2018 16:00,6/1/2018,12.69,13.75,5.757,16.046,6.37,9.077,5.45,9.472,9
6/1/2018 17:00,6/1/2018,14.23,16.427,6.471,12.69,7.28,8.879,4.831,10.748,10
6/1/2018 18:00,6/1/2018,12.98,13.846,5.86,13.365,7.682,8.581,4.623,10.944,9
6/1/2018 19:00,6/1/2018,13.173,15.187,5.757,12.013,7.983,8.282,4.623,9.866,10
6/1/2018 20:00,6/1/2018,11.528,13.269,5.244,12.11,7.481,7.983,4.415,9.176,9
6/1/2018 21:00,6/1/2018,10.063,10.748,4.519,9.472,7.179,7.481,3.998,8.581,9
6/1/2018 22:00,6/1/2018,8.481,9.472,4.102,8.68,6.674,6.877,3.472,8.082,7
6/1/2018 23:00,6/1/2018,7.782,8.581,3.998,7.983,6.064,6.37,3.367,7.481,8
6/2/2018 0:00,6/2/2018,7.179,7.682,3.893,7.782,5.86,5.86,2.837,7.079,7
6/2/2018 1:00,6/2/2018,6.674,7.381,3.578,7.481,5.45,5.347,2.624,6.674,6
6/2/2018 2:00,6/2/2018,6.37,6.877,3.367,6.978,5.244,5.037,2.41,6.471,7
6/2/2018 3:00,6/2/2018,6.064,6.37,3.261,6.471,5.141,4.727,2.303,6.268,7
6/2/2018 4:00,6/2/2018,5.552,5.86,3.155,6.166,5.141,4.623,2.303,6.064,3
6/2/2018 5:00,6/2/2018,5.141,5.347,2.943,5.962,5.037,4.519,2.195,5.86,3
6/2/2018 6:00,6/2/2018,5.244,4.934,3.049,6.064,4.831,4.207,2.303,5.86,3
6/2/2018 7:00,6/2/2018,5.552,5.552,3.049,6.573,5.037,4.519,2.624,5.86,3
6/2/2018 8:00,6/2/2018,7.381,9.866,3.893,8.978,5.757,5.45,3.578,6.978,4
6/2/2018 9:00,6/2/2018,8.382,12.013,4.831,12.787,6.064,6.674,4.311,8.182,5
6/2/2018 10:00,6/2/2018,8.978,14.038,5.552,15.282,6.064,6.978,4.415,8.978,6
6/2/2018 11:00,6/2/2018,8.779,14.613,6.37,17.665,7.381,7.782,5.244,9.768,6
6/2/2018 12:00,6/2/2018,9.571,14.134,6.775,18.616,8.581,9.275,5.86,11.139,7
6/2/2018 13:00,6/2/2018,10.259,18.521,7.381,18.806,8.978,10.063,5.552,12.594,6
6/2/2018 14:00,6/2/2018,12.013,19.662,7.682,26.977,9.571,10.259,5.45,15.664,7
6/2/2018 15:00,6/2/2018,13.654,24.835,7.682,14.996,10.063,10.846,5.45,15.76,7
6/2/2018 16:00,6/2/2018,14.134,23.677,8.082,15.951,9.669,11.334,5.45,15.951,7
6/2/2018 17:00,6/2/2018,13.558,18.045,7.882,16.141,9.275,11.236,4.934,16.237,7
6/2/2018 18:00,6/2/2018,11.236,11.916,7.28,14.804,9.373,11.041,4.727,13.365,6
6/2/2018 19:00,6/2/2018,9.373,10.259,6.573,13.365,9.176,10.357,4.311,12.401,6
6/2/2018 20:00,6/2/2018,8.68,9.077,5.86,12.594,8.68,9.669,3.998,12.11,5
6/2/2018 21:00,6/2/2018,7.582,8.082,5.45,11.916,8.182,8.779,3.893,11.528,4
6/2/2018 22:00,6/2/2018,6.775,7.682,5.244,11.236,7.983,8.082,3.683,11.236,4
6/2/2018 23:00,6/2/2018,6.166,7.481,4.934,10.651,7.682,7.381,3.578,10.748,3
6/3/2018 0:00,6/3/2018,5.655,6.573,4.727,10.063,7.28,6.775,3.367,10.161,3
6/3/2018 1:00,6/3/2018,5.347,5.757,4.519,9.768,6.674,6.268,3.261,9.472,3
6/3/2018 2:00,6/3/2018,4.831,4.727,4.207,9.077,6.471,5.757,3.155,9.176,3
6/3/2018 3:00,6/3/2018,4.623,4.934,4.102,8.481,6.064,5.244,2.943,8.879,3
6/3/2018 4:00,6/3/2018,4.519,5.244,4.102,8.182,5.962,4.934,2.837,8.68,3
6/3/2018 5:00,6/3/2018,4.519,5.037,3.998,7.983,5.757,4.415,2.837,8.282,2
6/3/2018 6:00,6/3/2018,4.519,4.727,4.102,7.682,5.655,4.311,3.155,8.182,2
6/3/2018 7:00,6/3/2018,4.519,4.831,4.102,7.682,5.655,4.623,3.367,8.282,3
6/3/2018 8:00,6/3/2018,4.934,5.347,4.311,7.882,5.347,4.934,3.788,8.382,3
6/3/2018 9:00,6/3/2018,5.86,6.166,4.623,8.282,5.757,5.757,4.623,8.879,3
6/3/2018 10:00,6/3/2018,6.573,6.877,5.037,8.978,5.962,6.471,5.244,9.373,4
6/3/2018 11:00,6/3/2018,7.28,8.182,5.347,9.669,6.471,7.381,6.166,9.965,4
6/3/2018 12:00,6/3/2018,7.782,8.481,5.244,9.965,6.877,8.182,6.978,10.161,5
6/3/2018 13:00,6/3/2018,8.082,8.978,6.166,10.455,7.582,9.373,8.382,10.553,5
6/3/2018 14:00,6/3/2018,9.768,11.722,5.86,11.334,8.879,10.259,9.077,11.625,6
6/3/2018 15:00,6/3/2018,9.965,10.748,5.655,11.334,9.373,11.334,8.779,11.625,6
6/3/2018 16:00,6/3/2018,9.866,11.819,5.86,11.722,9.965,11.819,8.68,11.819,7
6/3/2018 17:00,6/3/2018,9.472,12.304,6.064,12.013,9.571,12.013,8.779,12.401,7
6/3/2018 18:00,6/3/2018,8.978,10.259,6.166,12.013,9.275,11.722,8.082,11.722,6
6/3/2018 19:00,6/3/2018,7.582,8.082,5.757,11.236,8.68,11.139,7.983,10.846,5
6/3/2018 20:00,6/3/2018,6.471,6.674,5.347,10.455,8.082,10.259,6.573,9.768,5
6/3/2018 21:00,6/3/2018,5.655,5.347,4.934,9.571,7.682,9.275,5.86,8.978,4
6/3/2018 22:00,6/3/2018,5.141,4.623,4.727,8.879,6.978,8.382,5.552,8.382,4
6/3/2018 23:00,6/3/2018,4.519,3.683,4.519,8.182,6.268,7.481,4.934,7.882,3
6/4/2018 0:00,6/4/2018,3.788,3.367,4.311,7.381,5.962,6.573,4.415,7.381,2
6/4/2018 1:00,6/4/2018,3.367,2.517,4.207,6.978,5.757,5.86,4.102,6.978,1
6/4/2018 2:00,6/4/2018,2.517,1.872,4.102,6.471,5.347,5.141,3.998,6.37,0
6/4/2018 3:00,6/4/2018,2.41,1.112,3.788,5.655,4.623,4.831,3.788,5.86,0
6/4/2018 4:00,6/4/2018,2.195,0.893,3.683,5.244,4.623,4.519,3.683,5.037,0
6/4/2018 5:00,6/4/2018,2.303,1.221,3.683,5.655,4.727,4.207,3.683,5.244,0
6/4/2018 6:00,6/4/2018,2.517,1.98,3.683,5.552,4.727,4.102,3.788,5.244,1
6/4/2018 7:00,6/4/2018,3.155,3.049,3.788,5.86,4.831,4.207,4.102,5.86,2
6/4/2018 8:00,6/4/2018,4.311,4.207,3.998,6.471,4.831,4.415,4.207,6.471,3
6/4/2018 9:00,6/4/2018,5.347,5.347,4.311,6.978,5.037,4.934,4.415,6.775,3
6/4/2018 10:00,6/4/2018,5.962,6.064,4.415,7.481,5.347,5.45,4.623,6.978,3
6/4/2018 11:00,6/4/2018,6.877,6.674,4.519,8.282,5.962,6.064,5.244,7.782,4
6/4/2018 12:00,6/4/2018,7.28,7.481,4.519,8.581,6.37,6.978,5.962,8.182,4
6/4/2018 13:00,6/4/2018,8.481,8.978,4.623,9.176,7.079,7.882,8.182,8.68,4
6/4/2018 14:00,6/4/2018,8.68,9.176,4.727,9.373,7.481,8.481,8.481,8.879,5
6/4/2018 15:00,6/4/2018,9.373,10.455,4.727,9.472,8.481,9.275,9.373,9.077,5
6/4/2018 16:00,6/4/2018,9.571,10.944,4.831,9.669,9.176,9.866,9.768,9.373,6
6/4/2018 17:00,6/4/2018,9.373,10.748,4.727,9.866,9.077,10.455,10.161,9.669,6
6/4/2018 18:00,6/4/2018,9.571,11.431,4.727,10.259,9.472,10.846,10.063,10.357,7
6/4/2018 19:00,6/4/2018,9.571,11.139,4.727,10.553,9.669,11.334,9.965,11.041,7
6/4/2018 20:00,6/4/2018,8.978,9.669,4.727,10.357,9.571,11.236,9.866,11.236,6
6/4/2018 21:00,6/4/2018,8.282,8.879,4.519,10.161,9.077,11.139,9.571,10.944,6
6/4/2018 22:00,6/4/2018,7.481,7.983,4.311,9.768,8.978,10.748,9.077,10.357,5
6/4/2018 23:00,6/4/2018,6.573,5.141,4.207,8.978,8.481,9.669,8.182,9.373,5
6/5/2018 0:00,6/5/2018,5.552,3.893,3.998,8.382,7.782,8.779,7.28,8.481,5
6/5/2018 1:00,6/5/2018,4.831,2.73,3.788,7.882,7.882,7.882,6.573,7.782,4
6/5/2018 2:00,6/5/2018,4.311,2.41,3.683,7.381,7.782,6.978,5.962,7.179,3
6/5/2018 3:00,6/5/2018,4.311,2.73,3.578,6.978,7.582,6.268,5.347,6.775,3
6/5/2018 4:00,6/5/2018,4.311,3.155,3.472,6.775,7.28,5.757,4.934,6.573,3
6/5/2018 5:00,6/5/2018,4.623,4.207,3.472,6.775,7.28,5.45,4.934,6.674,4
6/5/2018 6:00,6/5/2018,5.141,5.347,3.578,7.28,7.481,5.655,5.141,7.179,5
6/5/2018 7:00,6/5/2018,5.962,6.877,3.578,7.782,7.983,6.37,6.064,7.782,6
6/5/2018 8:00,6/5/2018,7.079,9.176,3.788,9.077,8.481,7.381,7.682,8.879,7
6/5/2018 9:00,6/5/2018,7.983,11.236,4.102,9.373,7.983,8.282,7.983,9.768,8
6/5/2018 10:00,6/5/2018,8.879,11.916,4.415,9.965,9.373,9.866,9.965,10.846,8
6/5/2018 11:00,6/5/2018,9.373,11.819,4.415,10.455,10.455,11.334,11.139,12.401,9
6/5/2018 12:00,6/5/2018,10.748,18.331,4.519,11.334,11.139,13.461,14.134,13.269,9
6/5/2018 13:00,6/5/2018,14.23,21.951,5.244,13.654,11.722,15.76,15.951,15.473,14
6/5/2018 14:00,6/5/2018,16.141,24.835,5.655,14.996,12.401,18.236,17.665,16.332,14
6/5/2018 15:00,6/5/2018,17.475,23.677,5.962,16.141,12.883,19.377,18.045,16.618,14
6/5/2018 16:00,6/5/2018,18.331,30.054,6.064,19.282,13.269,18.996,18.236,18.426,19
6/5/2018 17:00,6/5/2018,17.665,20.805,6.674,18.996,13.654,19.092,17.95,18.236,19
6/5/2018 18:00,6/5/2018,16.332,18.901,8.182,18.426,13.654,18.711,17.57,18.14,18
6/5/2018 19:00,6/5/2018,15.378,17.855,7.582,18.426,13.654,17.95,16.618,17.189,19
6/5/2018 20:00,6/5/2018,14.325,15.664,7.381,16.808,12.98,16.332,15.091,15.569,18
6/5/2018 21:00,6/5/2018,13.076,13.461,6.877,16.332,12.304,14.613,13.365,15.091,17
6/5/2018 22:00,6/5/2018,12.11,12.11,6.573,15.282,11.722,12.98,11.916,14.517,15
6/5/2018 23:00,6/5/2018,11.236,11.139,6.166,14.325,11.236,11.722,10.651,13.654,14
6/6/2018 0:00,6/6/2018,10.553,10.357,5.757,13.461,10.944,10.748,9.373,12.98,15
6/6/2018 1:00,6/6/2018,9.965,9.472,5.655,12.594,10.259,9.866,8.382,12.207,12
6/6/2018 2:00,6/6/2018,9.472,9.077,5.45,11.819,9.768,9.275,7.782,11.819,13
6/6/2018 3:00,6/6/2018,8.978,8.581,5.45,11.431,9.472,8.779,7.381,11.625,13
6/6/2018 4:00,6/6/2018,8.879,8.779,5.552,11.139,9.373,8.581,7.481,11.431,12
6/6/2018 5:00,6/6/2018,8.879,9.373,5.552,11.041,9.176,8.581,7.582,11.334,14
6/6/2018 6:00,6/6/2018,9.176,10.553,5.655,11.431,9.077,8.879,7.983,11.625,14
6/6/2018 7:00,6/6/2018,9.373,10.846,5.757,11.819,9.275,9.176,8.382,12.013,15
6/6/2018 8:00,6/6/2018,9.965,12.013,5.757,12.401,9.472,9.571,8.879,12.401,15
6/6/2018 9:00,6/6/2018,10.357,13.269,6.471,12.69,9.965,10.748,10.553,13.173,18
6/6/2018 10:00,6/6/2018,10.748,13.75,6.877,13.173,10.063,11.722,11.334,13.846,19
6/6/2018 11:00,6/6/2018,10.944,13.461,6.978,13.365,10.063,12.304,11.528,14.421,19
6/6/2018 12:00,6/6/2018,11.236,14.23,7.28,13.269,10.161,12.594,12.401,14.421,19
6/6/2018 13:00,6/6/2018,11.819,14.804,7.582,13.558,10.357,13.269,13.076,14.613,19
6/6/2018 14:00,6/6/2018,12.11,14.517,7.782,13.654,10.455,13.846,13.654,14.613,19
6/6/2018 15:00,6/6/2018,12.304,14.9,7.882,14.134,10.553,14.325,13.461,14.996,19
6/6/2018 16:00,6/6/2018,12.304,14.517,7.782,13.846,10.357,13.365,12.207,14.613,18
6/6/2018 17:00,6/6/2018,13.654,21.76,8.481,18.045,10.944,14.517,13.654,16.427,21
6/6/2018 18:00,6/6/2018,14.134,20.615,7.882,17.284,11.334,15.282,14.134,16.999,20
6/6/2018 19:00,6/6/2018,14.9,23.484,8.082,18.331,11.431,15.282,14.038,16.808,20
6/6/2018 20:00,6/6/2018,13.942,18.426,7.682,16.713,11.334,14.9,13.75,15.855,19
6/6/2018 21:00,6/6/2018,12.883,14.325,7.682,14.134,10.651,13.75,12.497,14.23,17
6/6/2018 22:00,6/6/2018,11.916,12.594,7.481,13.461,10.161,12.11,11.041,13.365,16
6/6/2018 23:00,6/6/2018,11.041,10.944,7.381,12.304,9.472,10.944,9.965,12.401,12
6/7/2018 0:00,6/7/2018,10.455,10.259,6.978,12.207,8.978,10.161,9.275,12.013,13
6/7/2018 1:00,6/7/2018,10.161,10.357,6.573,11.916,8.68,9.373,8.481,11.625,13
6/7/2018 2:00,6/7/2018,9.866,8.978,6.37,11.528,8.382,8.779,7.983,11.334,11
6/7/2018 3:00,6/7/2018,9.275,8.182,6.166,11.334,8.082,8.282,7.582,10.944,9
6/7/2018 4:00,6/7/2018,8.68,6.471,6.064,10.455,7.882,7.882,7.28,10.455,7
6/7/2018 5:00,6/7/2018,8.082,5.757,5.86,9.768,7.882,7.882,7.582,9.768,6
6/7/2018 6:00,6/7/2018,7.782,5.757,5.757,9.571,7.882,7.682,7.381,10.063,6
6/7/2018 7:00,6/7/2018,7.782,6.37,5.757,9.571,7.782,7.481,7.28,10.259,6
6/7/2018 8:00,6/7/2018,7.983,7.782,6.064,9.768,7.882,7.682,7.582,10.553,7
6/7/2018 9:00,6/7/2018,8.182,7.782,6.166,9.866,8.082,8.082,8.481,11.041,7
6/7/2018 10:00,6/7/2018,8.779,8.978,6.166,10.455,8.182,8.481,8.581,11.139,7
6/7/2018 11:00,6/7/2018,9.768,11.625,6.37,11.625,8.382,8.978,8.978,11.625,7
6/7/2018 12:00,6/7/2018,10.455,12.69,6.978,13.076,8.879,9.571,10.161,12.69,8
6/7/2018 13:00,6/7/2018,13.076,15.473,7.882,14.613,9.866,10.846,11.819,12.98,9
6/7/2018 14:00,6/7/2018,12.69,20.138,7.682,14.613,9.965,12.401,12.98,12.69,9
6/7/2018 15:00,6/7/2018,14.613,21.378,8.481,16.332,10.651,12.497,12.69,14.134,10
6/7/2018 16:00,6/7/2018,16.141,26.195,8.481,18.521,11.041,13.365,14.23,16.903,12
6/7/2018 17:00,6/7/2018,14.9,14.9,8.282,14.421,11.139,13.558,13.846,13.558,11
6/7/2018 18:00,6/7/2018,13.461,12.98,7.882,14.038,10.944,13.173,13.173,13.365,11
6/7/2018 19:00,6/7/2018,12.98,11.916,7.682,13.846,10.553,12.401,12.401,13.076,10
6/7/2018 20:00,6/7/2018,12.207,10.553,7.179,12.883,10.259,11.528,11.625,12.594,10
6/7/2018 21:00,6/7/2018,11.625,10.063,6.775,12.787,10.063,10.748,11.041,12.207,10
6/7/2018 22:00,6/7/2018,11.041,9.669,6.674,12.013,9.768,10.259,10.553,11.916,10
6/7/2018 23:00,6/7/2018,10.259,8.68,6.573,11.236,9.373,9.472,9.768,11.431,9
6/8/2018 0:00,6/8/2018,9.472,7.682,6.37,10.455,9.077,8.68,8.978,10.846,8
6/8/2018 1:00,6/8/2018,8.978,7.179,6.268,10.161,8.581,7.983,8.282,10.748,8
6/8/2018 2:00,6/8/2018,8.68,6.064,6.166,9.571,8.182,7.381,7.682,10.161,8
6/8/2018 3:00,6/8/2018,8.182,5.244,5.962,8.879,7.983,6.978,7.179,9.768,5
6/8/2018 4:00,6/8/2018,7.782,4.934,5.86,8.481,7.782,6.573,6.877,9.669,5
6/8/2018 5:00,6/8/2018,7.481,5.037,5.757,8.082,7.582,6.37,6.674,9.275,6
6/8/2018 6:00,6/8/2018,7.381,4.623,5.655,8.082,7.481,6.268,6.674,9.373,5
6/8/2018 7:00,6/8/2018,7.079,4.311,5.552,7.983,7.682,6.775,7.079,9.176,4
6/8/2018 8:00,6/8/2018,7.079,4.831,5.655,8.382,7.582,6.978,7.28,9.373,5
6/8/2018 9:00,6/8/2018,7.582,6.674,5.86,10.063,7.882,7.28,7.983,10.161,5
6/8/2018 10:00,6/8/2018,7.882,6.064,5.86,9.866,9.275,8.382,10.161,11.139,4
6/8/2018 11:00,6/8/2018,8.082,7.682,5.86,10.259,9.669,9.275,11.041,11.528,4
6/8/2018 12:00,6/8/2018,9.077,10.944,6.268,11.528,10.063,10.063,12.401,12.207,5
6/8/2018 13:00,6/8/2018,10.259,11.625,6.674,12.304,10.651,11.041,13.942,12.69,5
6/8/2018 14:00,6/8/2018,10.846,11.625,6.674,12.207,11.139,11.528,14.325,13.076,5
6/8/2018 15:00,6/8/2018,11.625,13.173,6.775,13.942,11.819,12.207,14.9,13.461,6
6/8/2018 16:00,6/8/2018,12.11,11.722,6.978,14.134,12.304,13.269,16.427,13.654,6
6/8/2018 17:00,6/8/2018,11.819,11.139,6.775,12.69,12.787,13.076,15.091,13.269,6
6/8/2018 18:00,6/8/2018,11.431,10.553,6.674,12.11,12.497,12.304,13.173,12.594,7
6/8/2018 19:00,6/8/2018,10.748,8.382,6.573,10.944,12.497,11.916,12.787,12.013,5
6/8/2018 20:00,6/8/2018,10.357,8.382,6.166,11.722,12.11,11.625,12.207,12.11,6
6/8/2018 21:00,6/8/2018,9.768,7.28,6.166,10.651,11.625,10.651,10.944,11.334,6
6/8/2018 22:00,6/8/2018,9.077,6.775,6.064,9.275,10.944,9.768,9.965,10.944,6
6/8/2018 23:00,6/8/2018,8.481,5.757,5.86,8.182,10.455,8.879,9.176,10.259,6
6/9/2018 0:00,6/9/2018,7.983,5.141,5.655,7.381,10.063,8.182,8.481,9.768,5
6/9/2018 1:00,6/9/2018,7.381,4.727,5.45,6.674,9.669,7.481,7.782,9.373,5
6/9/2018 2:00,6/9/2018,6.978,4.415,5.347,6.37,9.176,6.877,7.079,8.978,4
6/9/2018 3:00,6/9/2018,6.573,4.102,5.347,6.166,8.779,6.37,6.674,8.68,4
6/9/2018 4:00,6/9/2018,6.37,4.102,5.347,5.86,8.481,5.962,6.268,8.382,4
6/9/2018 5:00,6/9/2018,6.268,4.415,5.244,6.166,8.282,5.757,6.268,8.282,5
6/9/2018 6:00,6/9/2018,6.37,5.141,5.347,6.37,8.182,5.86,6.674,8.382,5
6/9/2018 7:00,6/9/2018,6.573,6.166,5.45,7.179,8.282,6.37,7.179,8.481,5
6/9/2018 8:00,6/9/2018,6.978,7.179,5.655,8.082,8.68,6.978,8.779,9.176,5
6/9/2018 9:00,6/9/2018,7.582,8.282,5.86,9.866,9.669,7.682,9.472,9.768,6
6/9/2018 10:00,6/9/2018,8.481,10.553,6.064,10.944,10.651,8.382,10.259,10.553,6
6/9/2018 11:00,6/9/2018,9.768,13.269,6.471,12.401,10.846,9.077,11.041,11.139,7
6/9/2018 12:00,6/9/2018,10.651,14.9,6.775,13.846,11.528,9.866,11.819,11.916,7
6/9/2018 13:00,6/9/2018,11.819,13.461,7.381,15.091,12.787,10.944,13.365,12.883,8
6/9/2018 14:00,6/9/2018,12.594,16.141,7.381,16.046,13.173,12.304,15.282,13.269,9
6/9/2018 15:00,6/9/2018,13.173,14.804,8.082,15.664,13.558,14.038,16.999,13.654,9
6/9/2018 16:00,6/9/2018,13.654,16.427,7.983,16.427,13.558,15.76,18.616,14.23,9
6/9/2018 17:00,6/9/2018,14.134,15.569,8.481,18.426,13.558,16.046,16.903,14.517,9
6/9/2018 18:00,6/9/2018,13.558,16.999,9.275,25.028,13.269,14.804,15.282,16.237,9
6/9/2018 19:00,6/9/2018,12.98,20.234,8.978,20.519,12.787,13.654,14.134,15.569,9
6/9/2018 20:00,6/9/2018,11.528,15.951,8.182,18.521,12.304,12.69,13.173,14.613,9
6/9/2018 21:00,6/9/2018,10.063,9.373,6.978,13.461,12.11,11.625,11.722,12.594,8
6/9/2018 22:00,6/9/2018,9.077,7.782,6.37,8.382,11.334,10.161,10.553,11.625,6
6/9/2018 23:00,6/9/2018,8.282,6.573,5.86,7.381,10.846,8.879,9.176,10.846,6
6/10/2018 0:00,6/10/2018,7.481,5.45,5.45,6.573,10.553,7.782,8.082,9.965,5
6/10/2018 1:00,6/10/2018,6.978,3.788,5.347,5.552,10.161,6.775,7.179,9.275,4
6/10/2018 2:00,6/10/2018,6.37,3.683,5.037,4.311,9.669,5.757,6.268,8.68,3
6/10/2018 3:00,6/10/2018,5.86,3.155,4.934,3.893,9.373,5.141,5.86,8.182,3
6/10/2018 4:00,6/10/2018,5.347,2.73,4.831,3.578,9.077,4.623,5.141,7.882,2
6/10/2018 5:00,6/10/2018,5.037,2.624,4.727,6.877,9.077,4.519,4.831,7.782,3
6/10/2018 6:00,6/10/2018,4.934,4.623,4.831,8.879,9.176,4.519,5.655,8.282,4
6/10/2018 7:00,6/10/2018,5.86,6.064,5.244,9.965,9.571,5.141,6.573,8.779,6
6/10/2018 8:00,6/10/2018,6.775,7.582,5.962,12.883,9.866,6.166,8.481,9.866,7
6/10/2018 9:00,6/10/2018,7.682,10.063,6.775,14.23,10.651,7.782,11.819,11.139,9
6/10/2018 10:00,6/10/2018,9.077,12.69,7.179,15.187,11.431,9.866,15.187,12.401,10
6/10/2018 11:00,6/10/2018,11.139,15.282,7.682,14.421,12.497,11.819,16.713,14.038,11
6/10/2018 12:00,6/10/2018,13.365,18.331,8.481,16.332,13.269,14.038,19.567,15.569,13
6/10/2018 13:00,6/10/2018,15.378,21.282,9.373,16.808,13.558,15.855,20.901,17.284,14
6/10/2018 14:00,6/10/2018,17.855,24.835,9.669,18.901,14.134,17.189,21.855,19.092,14
6/10/2018 15:00,6/10/2018,18.616,25.805,9.472,23.1,14.709,18.14,21.569,19.758,15
6/10/2018 16:00,6/10/2018,18.616,26.488,10.553,26.585,15.187,18.521,21.378,20.138,15
6/10/2018 17:00,6/10/2018,18.045,25.805,11.236,28.357,15.473,18.14,20.329,20.138,15
6/10/2018 18:00,6/10/2018,17.189,24.738,11.431,27.961,15.378,17.475,19.187,19.282,15
6/10/2018 19:00,6/10/2018,15.76,20.519,11.722,24.545,14.804,16.332,17.379,17.57,15
6/10/2018 20:00,6/10/2018,14.325,17.76,10.553,22.238,14.038,15.187,15.951,16.046,14
6/10/2018 21:00,6/10/2018,12.401,12.207,9.768,16.237,13.75,13.558,13.942,15.378,13
6/10/2018 22:00,6/10/2018,11.528,10.553,9.077,11.625,13.076,12.013,12.304,14.325,12
6/10/2018 23:00,6/10/2018,10.455,9.077,8.481,9.571,12.69,10.651,10.944,13.461,10
6/11/2018 0:00,6/11/2018,9.571,7.381,7.983,8.182,12.207,9.472,9.768,12.594,10
6/11/2018 1:00,6/11/2018,8.879,6.775,7.582,6.775,11.625,8.581,8.879,11.722,9
6/11/2018 2:00,6/11/2018,8.082,6.166,7.179,5.757,10.846,7.682,8.082,11.139,6
6/11/2018 3:00,6/11/2018,7.682,5.757,6.674,5.45,10.259,6.877,7.28,10.651,5
6/11/2018 4:00,6/11/2018,7.28,5.141,6.37,5.347,10.063,6.37,6.573,10.161,5
6/11/2018 5:00,6/11/2018,6.978,4.934,6.166,9.571,9.866,5.757,5.962,10.063,6
6/11/2018 6:00,6/11/2018,6.573,7.381,6.166,11.625,9.571,5.962,6.674,10.455,7
6/11/2018 7:00,6/11/2018,7.882,8.978,6.573,13.558,10.161,6.674,7.782,11.041,8
6/11/2018 8:00,6/11/2018,8.978,10.357,7.179,15.091,10.846,7.481,10.063,11.819,9
6/11/2018 9:00,6/11/2018,9.965,12.013,7.782,15.855,11.431,8.978,12.69,12.787,10
6/11/2018 10:00,6/11/2018,11.041,13.846,8.481,15.664,12.304,10.944,15.473,13.942,11
6/11/2018 11:00,6/11/2018,12.401,15.569,9.176,15.473,13.173,13.076,18.236,15.187,12
6/11/2018 12:00,6/11/2018,13.75,17.284,10.161,15.378,13.846,15.091,20.138,16.808,13
6/11/2018 13:00,6/11/2018,15.664,19.187,11.236,16.046,14.421,16.427,21.282,19.377,14
6/11/2018 14:00,6/11/2018,16.999,22.429,11.722,17.95,14.9,17.665,22.046,21.282,14
6/11/2018 15:00,6/11/2018,18.14,24.545,12.11,24.158,15.473,18.616,21.855,24.738,14
6/11/2018 16:00,6/11/2018,18.521,28.06,12.69,28.853,15.951,18.901,21.569,25.319,15
6/11/2018 17:00,6/11/2018,18.426,25.902,12.883,21.187,16.237,18.711,20.996,24.351,15
6/11/2018 18:00,6/11/2018,17.189,22.142,12.98,21.187,16.332,18.236,20.138,23.388,15
6/11/2018 19:00,6/11/2018,15.855,19.853,12.787,20.805,16.141,17.57,18.996,22.142,14
6/11/2018 20:00,6/11/2018,14.134,19.567,12.304,20.138,15.855,16.332,17.475,19.948,15
6/11/2018 21:00,6/11/2018,12.69,11.528,11.236,18.996,14.804,14.804,15.378,16.903,14
6/11/2018 22:00,6/11/2018,11.528,10.063,10.357,17.76,14.038,12.883,13.365,13.269,11
6/11/2018 23:00,6/11/2018,10.455,8.68,9.669,16.427,13.365,11.334,11.528,11.431,10
6/12/2018 0:00,6/12/2018,9.669,7.481,9.077,15.187,12.594,9.965,9.965,10.161,8
6/12/2018 1:00,6/12/2018,8.978,6.674,8.481,14.23,12.11,8.978,8.978,9.077,7
6/12/2018 2:00,6/12/2018,8.282,6.064,8.082,13.365,11.431,8.082,8.182,8.879,7
6/12/2018 3:00,6/12/2018,7.882,5.757,7.682,12.69,11.139,7.28,7.582,8.779,6
6/12/2018 4:00,6/12/2018,7.481,5.347,7.28,12.11,11.041,6.674,7.079,8.382,5
6/12/2018 5:00,6/12/2018,7.381,5.655,7.079,11.625,10.846,6.471,6.978,10.259,5
6/12/2018 6:00,6/12/2018,7.179,7.582,6.978,11.625,11.041,6.674,7.682,12.787,6
6/12/2018 7:00,6/12/2018,8.481,9.472,7.28,11.916,11.236,7.582,9.373,13.846,9
6/12/2018 8:00,6/12/2018,9.571,10.748,8.182,12.594,11.722,8.779,11.722,16.046,11
6/12/2018 9:00,6/12/2018,10.651,12.304,8.978,13.558,12.304,10.357,14.325,19.092,13
6/12/2018 10:00,6/12/2018,11.819,14.709,9.571,14.804,13.173,12.401,16.999,22.621,14
6/12/2018 11:00,6/12/2018,13.365,16.808,10.357,16.046,13.846,14.517,19.282,25.319,16
6/12/2018 12:00,6/12/2018,14.996,19.092,10.944,17.57,14.517,16.523,21.378,27.567,17
6/12/2018 13:00,6/12/2018,16.808,22.046,11.625,19.662,14.996,17.76,22.429,26.292,18
6/12/2018 14:00,6/12/2018,18.14,24.062,12.98,20.805,15.187,19.187,23.484,26.683,18
6/12/2018 15:00,6/12/2018,19.377,26.585,14.134,21.378,15.76,20.329,23.869,27.468,18
6/12/2018 16:00,6/12/2018,19.472,27.862,15.187,21.855,16.237,20.996,23.677,26.781,18
6/12/2018 17:00,6/12/2018,18.901,29.552,15.473,21.855,16.427,21.091,23.196,26.292,18
6/12/2018 18:00,6/12/2018,18.521,26.977,15.091,21.664,16.618,20.805,22.238,25.028,15
6/12/2018 19:00,6/12/2018,17.57,26.781,13.846,21.473,16.427,19.853,20.996,23.484,15
6/12/2018 20:00,6/12/2018,15.282,20.234,12.304,20.615,15.855,18.045,19.282,21.473,14
6/12/2018 21:00,6/12/2018,13.654,11.431,11.431,19.377,15.378,16.523,17.57,19.187,13
6/12/2018 22:00,6/12/2018,12.401,14.517,10.651,17.855,14.804,14.804,15.855,15.664,11
6/12/2018 23:00,6/12/2018,11.431,12.98,9.866,16.618,14.23,13.173,14.134,12.401,9
6/13/2018 0:00,6/13/2018,10.553,11.916,9.275,15.378,13.654,11.625,12.401,10.748,8
6/13/2018 1:00,6/13/2018,9.866,10.846,8.581,14.421,13.173,10.357,11.041,9.669,8
6/13/2018 2:00,6/13/2018,9.275,10.161,8.182,13.461,12.787,9.472,10.161,9.472,7
6/13/2018 3:00,6/13/2018,8.978,9.472,7.682,12.594,12.497,8.879,9.571,9.077,7
6/13/2018 4:00,6/13/2018,8.481,8.68,7.28,11.916,12.304,8.282,8.779,8.282,5
6/13/2018 5:00,6/13/2018,8.082,8.382,7.079,11.236,12.11,7.582,8.382,10.651,5
6/13/2018 6:00,6/13/2018,8.382,8.879,7.079,10.846,12.304,7.682,8.282,10.553,5
6/13/2018 7:00,6/13/2018,9.077,9.275,7.28,11.139,12.304,8.082,9.077,12.497,5
6/13/2018 8:00,6/13/2018,9.571,11.528,7.983,11.722,13.076,8.68,10.748,14.23,5
6/13/2018 9:00,6/13/2018,10.063,14.517,8.978,12.69,13.173,10.259,13.558,16.713,6
6/13/2018 10:00,6/13/2018,10.455,16.999,9.866,13.75,14.517,12.401,16.237,20.424,7
6/13/2018 11:00,6/13/2018,11.236,18.901,10.651,14.709,15.282,14.996,19.377,23.484,8
6/13/2018 12:00,6/13/2018,12.207,19.853,11.041,15.855,15.855,17.284,21.664,24.158,9
6/13/2018 13:00,6/13/2018,13.461,21.378,11.625,16.713,15.855,18.426,21.473,25.513,9
6/13/2018 14:00,6/13/2018,14.134,20.519,12.207,17.855,16.523,19.567,22.812,27.075,10
6/13/2018 15:00,6/13/2018,15.282,23.1,12.304,18.331,16.903,20.329,22.812,24.158,10
6/13/2018 16:00,6/13/2018,15.951,23.292,12.594,18.521,17.094,20.138,21.091,23.484,11
6/13/2018 17:00,6/13/2018,14.804,19.472,12.497,18.331,17.094,21.282,21.569,17.95,10
6/13/2018 18:00,6/13/2018,13.558,18.426,11.916,17.665,17.284,18.806,19.092,18.045,9
6/13/2018 19:00,6/13/2018,12.883,18.331,12.013,16.713,16.713,17.094,17.665,14.996,10
6/13/2018 20:00,6/13/2018,11.916,15.76,11.528,15.664,16.332,15.473,15.855,14.134,9
6/13/2018 21:00,6/13/2018,11.334,14.23,10.944,14.709,16.141,14.613,15.187,12.787,9
6/13/2018 22:00,6/13/2018,10.259,12.401,10.357,13.942,15.569,13.558,14.038,11.916,7
6/13/2018 23:00,6/13/2018,9.669,11.041,9.669,13.076,15.091,12.207,12.69,10.748,6
6/14/2018 0:00,6/14/2018,9.176,10.357,9.077,12.401,14.709,11.236,11.625,9.866,6
6/14/2018 1:00,6/14/2018,8.68,9.472,8.481,11.625,14.23,10.161,10.748,9.275,5
6/14/2018 2:00,6/14/2018,8.182,8.581,7.983,11.041,13.654,9.275,10.063,9.077,5
6/14/2018 3:00,6/14/2018,7.682,7.782,7.481,10.553,13.365,8.481,9.275,8.779,5
6/14/2018 4:00,6/14/2018,7.481,7.682,7.28,10.161,12.98,7.882,8.68,8.382,5
6/14/2018 5:00,6/14/2018,7.481,7.179,6.978,9.768,12.69,7.481,8.182,8.282,4
6/14/2018 6:00,6/14/2018,7.381,6.877,6.775,9.472,12.11,7.079,7.882,7.782,3
6/14/2018 7:00,6/14/2018,7.28,7.079,6.674,9.176,11.722,6.978,7.582,8.779,3
6/14/2018 8:00,6/14/2018,7.481,7.682,6.674,9.176,11.819,7.381,7.882,9.669,3
6/14/2018 9:00,6/14/2018,7.983,8.779,6.877,9.571,12.11,7.983,8.282,10.553,3
6/14/2018 10:00,6/14/2018,8.879,10.651,7.582,9.866,12.304,8.481,8.879,11.625,4
6/14/2018 11:00,6/14/2018,9.571,11.916,8.282,10.357,13.076,9.571,9.866,12.304,5
6/14/2018 12:00,6/14/2018,10.259,13.558,8.879,10.846,13.558,10.846,11.334,14.23,5
6/14/2018 13:00,6/14/2018,11.528,15.664,9.768,11.819,14.325,12.207,12.497,16.808,7
6/14/2018 14:00,6/14/2018,12.013,15.569,10.357,12.594,14.9,13.654,13.846,19.092,8
6/14/2018 15:00,6/14/2018,11.139,14.613,10.259,12.883,15.378,14.517,14.517,15.855,6
6/14/2018 16:00,6/14/2018,11.431,15.855,10.357,13.269,15.473,14.9,14.9,16.141,8
6/14/2018 17:00,6/14/2018,12.401,18.901,10.553,13.75,15.76,15.091,15.378,20.138,9
6/14/2018 18:00,6/14/2018,12.594,16.713,10.455,14.038,15.664,14.134,14.134,21.951,8
6/14/2018 19:00,6/14/2018,12.11,15.76,10.161,14.23,14.804,12.401,12.69,15.664,8
6/14/2018 20:00,6/14/2018,10.944,13.461,9.768,13.654,13.654,11.139,11.431,12.69,6
6/14/2018 21:00,6/14/2018,10.259,12.207,9.373,13.076,13.365,10.748,11.041,11.431,6
6/14/2018 22:00,6/14/2018,9.571,11.041,8.978,12.304,12.69,9.768,10.259,10.063,7
6/14/2018 23:00,6/14/2018,8.978,9.965,8.481,11.722,11.916,8.68,9.373,8.978,6
6/15/2018 0:00,6/15/2018,8.581,8.978,7.983,11.139,11.431,7.682,8.581,7.28,6
6/15/2018 1:00,6/15/2018,8.282,8.282,7.582,10.553,10.846,6.471,7.582,5.86,6
6/15/2018 2:00,6/15/2018,8.082,7.882,7.28,9.965,10.553,5.45,6.978,5.45,5
6/15/2018 3:00,6/15/2018,7.28,6.674,6.877,9.373,10.063,4.727,6.166,5.244,4
6/15/2018 4:00,6/15/2018,6.674,5.86,6.471,8.779,9.768,4.415,5.757,5.347,3
6/15/2018 5:00,6/15/2018,6.268,5.141,6.166,8.382,9.768,4.415,5.037,7.179,4
6/15/2018 6:00,6/15/2018,5.86,6.37,6.166,8.481,9.965,4.934,5.45,9.768,6
6/15/2018 7:00,6/15/2018,7.481,8.68,6.37,8.879,9.965,5.86,6.37,11.139,6
6/15/2018 8:00,6/15/2018,8.282,10.944,7.179,9.669,10.357,6.978,6.775,11.916,6
6/15/2018 9:00,6/15/2018,8.879,13.365,8.382,10.651,11.139,8.779,8.68,15.282,7
6/15/2018 10:00,6/15/2018,9.472,15.473,9.571,11.916,12.11,11.139,10.944,19.948,8
6/15/2018 11:00,6/15/2018,9.965,14.804,9.768,12.594,13.076,13.461,13.365,23.869,9
6/15/2018 12:00,6/15/2018,11.236,17.189,10.063,13.846,14.421,14.709,14.134,22.333,9
6/15/2018 13:00,6/15/2018,14.517,21.473,11.431,15.569,14.613,15.091,14.613,21.282,11
6/15/2018 14:00,6/15/2018,17.57,24.641,12.594,17.189,14.9,16.141,15.76,20.234,12
6/15/2018 15:00,6/15/2018,16.523,24.545,13.076,17.379,15.664,16.332,16.046,19.092,12
6/15/2018 16:00,6/15/2018,15.664,23.196,13.365,17.094,16.427,16.523,16.523,18.806,12
6/15/2018 17:00,6/15/2018,14.23,18.996,14.038,16.618,16.903,16.523,16.427,17.094,12
6/15/2018 18:00,6/15/2018,13.076,16.618,13.942,15.76,15.951,15.951,16.141,14.996,11
6/15/2018 19:00,6/15/2018,12.304,14.804,12.883,15.091,15.282,16.046,16.427,15.473,11
6/15/2018 20:00,6/15/2018,11.625,13.365,12.207,14.517,14.996,14.804,15.282,13.173,11
6/15/2018 21:00,6/15/2018,11.139,12.69,11.722,14.134,14.134,13.269,13.654,12.304,10
6/15/2018 22:00,6/15/2018,10.748,11.819,11.334,13.75,13.076,11.528,12.304,11.236,10
6/15/2018 23:00,6/15/2018,10.063,10.846,10.846,13.076,12.594,10.357,11.139,10.259,9
6/16/2018 0:00,6/16/2018,9.472,9.669,10.357,12.401,12.11,9.275,10.161,8.978,8
6/16/2018 1:00,6/16/2018,8.779,8.481,9.571,11.625,11.528,7.882,9.077,7.682,7
6/16/2018 2:00,6/16/2018,8.082,7.481,8.879,10.944,10.944,6.775,8.082,6.573,6
6/16/2018 3:00,6/16/2018,7.582,6.674,8.382,10.357,10.553,5.962,7.28,5.962,5
6/16/2018 4:00,6/16/2018,7.079,6.37,7.882,9.768,10.259,5.141,6.674,5.86,4
6/16/2018 5:00,6/16/2018,7.179,6.471,7.582,9.472,10.063,5.037,6.166,10.651,4
6/16/2018 6:00,6/16/2018,7.381,6.978,7.582,9.373,10.063,5.45,6.166,8.581,5
6/16/2018 7:00,6/16/2018,7.782,7.983,7.782,9.571,10.259,6.166,6.674,10.651,6
6/16/2018 8:00,6/16/2018,8.978,11.041,8.581,10.259,11.041,7.882,8.282,14.325,9
6/16/2018 9:00,6/16/2018,9.866,16.427,9.373,11.431,12.11,9.965,10.553,19.377,9
6/16/2018 10:00,6/16/2018,10.553,18.901,10.259,13.076,12.883,12.787,13.558,20.043,10
6/16/2018 11:00,6/16/2018,11.236,19.948,11.236,15.282,14.23,15.187,15.951,23.581,10
6/16/2018 12:00,6/16/2018,11.819,17.95,12.401,15.951,14.613,17.094,17.665,21.855,12
6/16/2018 13:00,6/16/2018,12.11,19.377,13.076,16.427,15.282,18.14,18.521,22.046,11
6/16/2018 14:00,6/16/2018,14.134,23.1,13.461,17.379,15.76,18.14,18.711,23.1,13
6/16/2018 15:00,6/16/2018,14.134,20.615,13.269,17.57,16.427,18.806,19.567,21.091,13
6/16/2018 16:00,6/16/2018,14.134,18.806,13.173,17.57,16.808,17.284,18.331,20.805,12
6/16/2018 17:00,6/16/2018,13.942,18.045,13.269,17.475,16.523,16.903,17.57,20.043,13
6/16/2018 18:00,6/16/2018,13.942,18.806,13.173,17.379,17.284,16.237,17.284,19.472,13
6/16/2018 19:00,6/16/2018,13.173,16.903,12.883,16.999,17.094,15.091,15.855,16.332,13
6/16/2018 20:00,6/16/2018,12.497,15.855,12.401,16.427,16.046,14.23,15.187,15.76,13
6/16/2018 21:00,6/16/2018,11.819,14.325,12.013,15.76,15.473,12.98,13.942,13.846,12
6/16/2018 22:00,6/16/2018,11.041,12.497,11.528,14.804,15.091,11.528,12.69,12.787,11
6/16/2018 23:00,6/16/2018,10.455,11.431,11.041,14.23,14.709,10.455,11.528,12.11,10
6/17/2018 0:00,6/17/2018,9.965,10.553,10.455,13.558,14.23,9.373,10.651,11.236,9
6/17/2018 1:00,6/17/2018,9.373,9.571,9.866,13.076,13.846,8.779,9.866,10.357,8
6/17/2018 2:00,6/17/2018,9.077,8.978,9.373,12.497,13.461,8.082,9.176,10.161,8
6/17/2018 3:00,6/17/2018,8.779,8.779,9.077,12.013,13.173,7.682,8.68,9.768,7
6/17/2018 4:00,6/17/2018,8.581,8.382,8.779,11.625,12.883,7.179,8.282,9.965,7
6/17/2018 5:00,6/17/2018,8.481,8.082,8.581,11.041,12.594,6.877,7.983,9.866,6
6/17/2018 6:00,6/17/2018,8.382,8.082,8.481,10.651,12.497,6.674,7.782,9.866,6
6/17/2018 7:00,6/17/2018,8.382,8.182,8.382,10.455,12.594,6.978,7.882,10.748,6
6/17/2018 8:00,6/17/2018,8.68,9.176,8.481,10.553,12.787,7.882,8.581,12.11,6
6/17/2018 9:00,6/17/2018,8.978,9.768,8.581,10.846,13.846,9.275,9.965,13.269,6
6/17/2018 10:00,6/17/2018,9.472,11.722,8.978,11.528,14.709,11.236,12.304,15.664,6
6/17/2018 11:00,6/17/2018,9.965,14.134,9.768,12.594,15.664,13.846,14.709,17.189,7
6/17/2018 12:00,6/17/2018,11.625,19.092,10.455,14.038,15.951,15.855,15.951,20.901,9
6/17/2018 13:00,6/17/2018,13.846,22.908,11.722,15.473,16.332,16.427,16.903,17.665,10
6/17/2018 14:00,6/17/2018,13.076,18.426,11.916,17.189,16.427,16.427,17.094,20.615,10
6/17/2018 15:00,6/17/2018,12.98,18.426,11.722,17.665,16.808,17.76,18.616,22.908,10
6/17/2018 16:00,6/17/2018,13.269,19.758,11.819,17.855,16.523,17.189,17.76,20.234,11
6/17/2018 17:00,6/17/2018,14.23,19.282,11.819,18.14,17.094,17.094,17.665,19.758,12
6/17/2018 18:00,6/17/2018,13.269,17.094,11.625,17.665,16.713,16.903,17.475,18.711,10
6/17/2018 19:00,6/17/2018,12.98,16.999,11.722,17.094,15.951,15.378,15.855,17.094,11
6/17/2018 20:00,6/17/2018,12.304,16.808,11.139,16.427,15.378,14.613,15.187,15.282,11
6/17/2018 21:00,6/17/2018,11.528,13.654,10.651,15.378,14.9,13.75,14.23,13.076,10
6/17/2018 22:00,6/17/2018,10.846,11.722,10.259,14.325,14.517,12.304,13.076,12.207,10
6/17/2018 23:00,6/17/2018,10.357,10.455,9.571,13.461,13.942,11.431,12.207,11.431,9
6/18/2018 0:00,6/18/2018,9.768,9.275,9.077,12.497,13.173,10.455,11.334,10.161,8
6/18/2018 1:00,6/18/2018,9.077,8.182,8.581,11.722,12.594,9.571,10.455,8.779,8
6/18/2018 2:00,6/18/2018,8.68,7.682,8.082,11.041,12.497,8.382,9.275,8.481,7
6/18/2018 3:00,6/18/2018,8.282,7.179,7.582,10.455,12.304,7.782,8.481,8.581,6
6/18/2018 4:00,6/18/2018,8.182,7.079,7.28,9.965,12.013,7.079,7.682,8.68,6
6/18/2018 5:00,6/18/2018,7.882,6.877,7.079,9.571,11.916,6.877,7.481,8.182,6
6/18/2018 6:00,6/18/2018,7.882,8.182,6.978,9.571,11.916,6.775,7.28,7.582,6
6/18/2018 7:00,6/18/2018,8.382,8.879,7.28,9.866,12.497,7.079,7.582,12.013,7
6/18/2018 8:00,6/18/2018,9.472,11.334,7.983,10.748,12.594,8.282,8.68,12.207,7
6/18/2018 9:00,6/18/2018,10.259,14.134,9.176,12.11,13.269,9.768,10.161,15.951,8
6/18/2018 10:00,6/18/2018,10.748,16.618,10.357,13.654,14.421,12.401,13.076,20.901,9
6/18/2018 11:00,6/18/2018,11.431,18.426,11.236,15.282,15.282,14.517,15.664,21.282,10
6/18/2018 12:00,6/18/2018,12.883,21.664,12.304,17.475,16.141,16.999,18.331,21.378,12
6/18/2018 13:00,6/18/2018,15.091,23.966,13.365,19.472,16.523,18.236,19.662,20.71,14
6/18/2018 14:00,6/18/2018,16.999,25.708,14.134,20.71,16.808,18.806,19.853,22.046,15
6/18/2018 15:00,6/18/2018,18.331,26.585,14.804,21.569,17.284,19.092,20.615,27.468,16
6/18/2018 16:00,6/18/2018,18.521,26.977,15.473,22.238,17.475,19.187,20.424,26.097,16
6/18/2018 17:00,6/18/2018,17.95,26.195,16.427,23.388,17.57,18.521,19.853,26.488,16
6/18/2018 18:00,6/18/2018,17.094,24.158,17.094,22.238,17.189,17.379,18.521,25.028,16
6/18/2018 19:00,6/18/2018,16.046,21.664,17.284,21.187,16.332,15.76,16.618,23.004,16
6/18/2018 20:00,6/18/2018,13.942,17.855,15.569,19.853,15.473,13.654,14.421,20.996,15
6/18/2018 21:00,6/18/2018,12.304,14.134,13.654,18.14,14.421,11.722,12.69,15.951,15
6/18/2018 22:00,6/18/2018,11.041,11.528,12.304,16.237,13.173,10.259,10.748,13.558,13
6/18/2018 23:00,6/18/2018,10.357,10.063,11.236,14.804,12.11,8.879,8.879,12.497,11
6/19/2018 0:00,6/19/2018,9.768,8.978,10.259,13.654,11.041,7.782,7.782,11.431,10
6/19/2018 1:00,6/19/2018,9.176,7.983,9.373,12.594,9.965,6.877,6.674,10.455,9
6/19/2018 2:00,6/19/2018,8.282,6.978,8.481,11.722,9.176,6.166,5.962,9.866,7
6/19/2018 3:00,6/19/2018,7.882,6.573,7.882,11.041,8.581,5.552,5.244,9.571,6
6/19/2018 4:00,6/19/2018,7.481,6.166,7.381,10.357,7.983,5.037,4.727,9.275,6
6/19/2018 5:00,6/19/2018,7.179,5.655,6.877,9.965,7.782,4.623,4.519,9.077,7
6/19/2018 6:00,6/19/2018,7.179,6.978,6.978,10.063,7.782,4.831,5.037,10.259,8
6/19/2018 7:00,6/19/2018,8.779,9.176,7.179,10.357,8.68,5.962,6.37,10.553,9
6/19/2018 8:00,6/19/2018,9.768,11.625,8.082,11.334,9.373,7.481,7.782,12.013,10
6/19/2018 9:00,6/19/2018,10.455,13.558,9.275,12.497,10.259,9.472,9.965,13.942,12
6/19/2018 10:00,6/19/2018,11.625,16.999,10.748,14.038,11.041,11.139,11.819,15.855,13
6/19/2018 11:00,6/19/2018,12.497,19.758,11.916,15.855,12.11,12.98,14.421,18.14,13
6/19/2018 12:00,6/19/2018,13.269,22.908,13.269,17.094,12.98,15.282,17.189,22.812,14
6/19/2018 13:00,6/19/2018,15.473,23.677,14.421,19.472,13.558,17.57,19.758,25.416,15
6/19/2018 14:00,6/19/2018,17.284,21.76,14.709,21.473,14.038,18.806,20.805,21.473,16
6/19/2018 15:00,6/19/2018,16.999,26.39,15.664,21.855,14.613,19.853,21.569,23.388,17
6/19/2018 16:00,6/19/2018,17.95,26.488,16.237,23.1,14.517,20.234,22.717,31.676,16
6/19/2018 17:00,6/19/2018,18.426,26.195,16.713,22.621,15.282,18.616,21.091,30.457,16
6/19/2018 18:00,6/19/2018,17.379,23.1,16.427,21.664,15.378,18.426,20.71,27.468,14
6/19/2018 19:00,6/19/2018,16.046,21.569,16.141,20.71,14.996,17.189,18.521,25.028,14
6/19/2018 20:00,6/19/2018,14.517,18.806,15.282,19.472,14.325,15.569,17.189,21.664,13
6/19/2018 21:00,6/19/2018,13.269,14.325,14.517,18.045,13.365,14.134,15.569,16.999,12
6/19/2018 22:00,6/19/2018,12.013,12.304,13.365,16.713,12.69,12.304,13.173,14.804,11
6/19/2018 23:00,6/19/2018,11.334,10.944,12.401,15.378,12.304,10.748,11.139,13.75,10
6/20/2018 0:00,6/20/2018,10.748,9.669,11.334,14.23,11.819,9.866,10.063,11.916,9
6/20/2018 1:00,6/20/2018,9.866,8.581,10.455,13.365,11.334,8.779,8.978,10.748,7
6/20/2018 2:00,6/20/2018,9.176,7.782,9.669,12.497,10.846,7.983,7.882,9.866,8
6/20/2018 3:00,6/20/2018,8.68,7.079,8.978,11.819,10.161,7.28,7.179,9.373,7
6/20/2018 4:00,6/20/2018,8.282,6.573,8.481,11.236,9.669,6.674,6.573,8.879,6
6/20/2018 5:00,6/20/2018,8.082,6.573,7.983,10.846,9.472,6.37,6.166,10.259,6
6/20/2018 6:00,6/20/2018,8.282,7.983,8.182,10.944,9.669,7.079,7.079,11.236,7
6/20/2018 7:00,6/20/2018,10.063,,8.581,11.334,9.965,8.082,8.182,11.722,9
6/20/2018 8:00,6/20/2018,11.041,,9.571,12.207,10.651,9.669,9.571,12.787,9
6/20/2018 9:00,6/20/2018,11.819,,10.846,13.461,11.236,10.846,10.944,14.709,11
6/20/2018 10:00,6/20/2018,12.787,,12.304,15.187,12.304,12.594,13.558,16.332,12
6/20/2018 11:00,6/20/2018,13.365,,13.75,17.189,13.076,14.421,16.523,19.092,14
6/20/2018 12:00,6/20/2018,14.038,,14.996,19.282,13.846,15.855,18.521,23.966,14
6/20/2018 13:00,6/20/2018,14.613,,16.141,20.424,14.134,15.664,18.521,26.879,17
6/20/2018 14:00,6/20/2018,14.804,,16.618,20.901,13.942,14.996,17.284,29.652,18
6/20/2018 15:00,6/20/2018,14.23,,16.903,18.901,13.365,13.558,14.325,21.76,17
6/20/2018 16:00,6/20/2018,14.325,,15.282,18.045,12.883,12.497,12.98,20.901,14
6/20/2018 17:00,6/20/2018,14.804,,15.282,18.521,12.497,12.401,13.558,24.835,17
6/20/2018 18:00,6/20/2018,,,15.473,17.665,11.625,11.431,12.013,21.187,16
6/20/2018 19:00,6/20/2018,,,14.804,16.713,11.041,10.651,11.431,19.758,15
6/20/2018 20:00,6/20/2018,,,12.787,15.473,11.431,10.063,10.455,13.558,14
6/20/2018 21:00,6/20/2018,,,11.041,14.613,10.063,9.571,9.866,11.139,13
6/20/2018 22:00,6/20/2018,,,10.846,13.942,9.768,8.879,9.176,11.139,12
6/20/2018 23:00,6/20/2018,,,10.357,13.173,8.879,8.082,8.182,8.182,11
6/21/2018 0:00,6/21/2018,,,9.373,12.401,8.282,7.481,7.582,7.782,9
6/21/2018 1:00,6/21/2018,,,8.879,11.916,7.682,6.877,7.079,7.983,9
6/21/2018 2:00,6/21/2018,,,8.382,11.431,7.28,6.37,6.471,8.182,10
6/21/2018 3:00,6/21/2018,,,7.983,10.846,6.978,5.962,6.064,8.082,10
6/21/2018 4:00,6/21/2018,,,7.582,10.553,6.674,5.655,5.962,8.481,11
6/21/2018 5:00,6/21/2018,,,7.28,10.063,6.775,5.655,5.86,8.082,10
6/21/2018 6:00,6/21/2018,,,7.28,9.965,6.674,5.552,5.962,8.581,10
6/21/2018 7:00,6/21/2018,,,7.381,10.357,6.978,6.166,6.573,11.236,10
6/21/2018 8:00,6/21/2018,,,7.882,10.748,7.381,6.978,7.481,12.883,11
6/21/2018 9:00,6/21/2018,,,8.481,11.722,7.983,9.077,9.472,16.713,11
6/21/2018 10:00,6/21/2018,,,9.176,13.365,10.063,11.139,11.722,19.377,12
6/21/2018 11:00,6/21/2018,,,10.357,14.421,10.553,11.722,13.076,19.092,12
6/21/2018 12:00,6/21/2018,,,11.236,15.282,10.748,12.401,14.421,21.569,11
6/21/2018 13:00,6/21/2018,,,11.819,15.855,11.722,13.269,15.187,21.76,11
6/21/2018 14:00,6/21/2018,,,12.11,16.713,11.916,14.996,16.808,31.983,11
6/21/2018 15:00,6/21/2018,,,12.304,16.808,12.11,12.69,15.378,25.61,12
6/21/2018 16:00,6/21/2018,,,12.594,16.903,12.497,12.98,15.855,21.951,12
6/21/2018 17:00,6/21/2018,,,12.401,16.523,12.69,12.883,14.9,17.95,11
6/21/2018 18:00,6/21/2018,,,12.304,15.951,12.207,12.013,13.558,16.713,11
6/21/2018 19:00,6/21/2018,,,12.11,15.378,12.11,11.431,13.173,15.664,10
6/21/2018 20:00,6/21/2018,,,11.819,14.709,11.916,10.944,12.787,13.365,10
6/21/2018 21:00,6/21/2018,,,11.431,14.23,11.722,10.161,11.819,12.69,10
6/21/2018 22:00,6/21/2018,,,10.846,13.75,11.236,9.768,11.041,12.013,9
6/21/2018 23:00,6/21/2018,,,10.357,13.173,10.944,9.373,10.553,11.139,9
6/22/2018 0:00,6/22/2018,,,9.768,12.594,10.651,8.779,9.965,10.455,8
6/22/2018 1:00,6/22/2018,,,9.176,12.11,10.455,8.382,9.472,9.472,7
6/22/2018 2:00,6/22/2018,,,8.879,11.625,10.161,8.082,8.779,8.879,7
6/22/2018 3:00,6/22/2018,,,8.581,11.236,9.768,7.782,8.282,8.481,6
6/22/2018 4:00,6/22/2018,,,8.282,10.748,9.472,7.481,8.082,8.282,6
6/22/2018 5:00,6/22/2018,,,8.182,10.553,9.176,7.481,8.082,9.176,6
6/22/2018 6:00,6/22/2018,,,8.082,10.357,9.176,7.682,8.382,9.965,6
6/22/2018 7:00,6/22/2018,,,7.983,10.357,9.373,7.882,8.879,10.944,6
6/22/2018 8:00,6/22/2018,,,8.082,10.553,9.571,8.382,9.669,11.236,6
6/22/2018 9:00,6/22/2018,,,8.382,10.651,11.236,8.779,10.259,12.98,6
6/22/2018 10:00,6/22/2018,,,8.68,11.334,11.916,11.431,15.569,14.709,6
6/22/2018 11:00,6/22/2018,,,9.176,11.722,11.528,12.304,16.237,15.76,6
6/22/2018 12:00,6/22/2018,,,9.866,13.076,12.013,12.883,16.523,18.331,7
6/22/2018 13:00,6/22/2018,,,10.944,16.141,13.461,14.9,22.046,27.961,9
6/22/2018 14:00,6/22/2018,,,12.594,19.187,14.23,16.141,22.812,25.513,11
6/22/2018 15:00,6/22/2018,,,14.134,21.76,14.996,17.189,23.388,22.717,13
6/22/2018 16:00,6/22/2018,,,15.282,23.004,15.664,17.76,22.046,24.931,14
6/22/2018 17:00,6/22/2018,,,15.569,22.429,16.046,17.76,21.473,31.983,14
6/22/2018 18:00,6/22/2018,,,15.664,21.282,16.046,17.189,19.758,31.574,15
6/22/2018 19:00,6/22/2018,,,15.76,20.138,15.569,16.427,17.95,24.448,15
6/22/2018 20:00,6/22/2018,,,14.996,18.806,15.091,14.9,15.951,24.062,14
6/22/2018 21:00,6/22/2018,,,13.461,17.284,14.23,12.883,14.134,16.046,13
6/22/2018 22:00,6/22/2018,,,12.207,15.855,13.558,11.722,12.787,14.804,12
6/22/2018 23:00,6/22/2018,,,11.334,14.517,12.69,10.944,11.722,11.334,11
6/23/2018 0:00,6/23/2018,,,10.553,13.461,12.304,10.063,10.748,9.965,10
6/23/2018 1:00,6/23/2018,,,9.768,12.594,11.625,9.077,9.768,8.879,10
6/23/2018 2:00,6/23/2018,,,9.275,12.11,11.431,8.282,9.176,9.176,10
6/23/2018 3:00,6/23/2018,,,8.978,11.722,11.139,7.983,8.779,7.882,9
6/23/2018 4:00,6/23/2018,,,8.779,11.431,10.944,7.782,8.581,8.581,8
6/23/2018 5:00,6/23/2018,,,8.68,11.236,10.748,7.882,8.581,9.275,8
6/23/2018 6:00,6/23/2018,,,8.68,11.236,10.651,7.882,8.68,9.965,7
6/23/2018 7:00,6/23/2018,,,8.879,11.139,10.846,7.983,8.779,10.748,7
6/23/2018 8:00,6/23/2018,,,9.077,10.944,10.846,8.082,8.779,10.357,7
6/23/2018 9:00,6/23/2018,,,9.077,10.944,10.944,8.182,8.779,10.259,8
6/23/2018 10:00,6/23/2018,,,9.077,11.431,10.944,7.983,8.581,10.553,8
6/23/2018 11:00,6/23/2018,,,9.472,12.304,10.944,8.481,9.176,13.942,9
6/23/2018 12:00,6/23/2018,,,10.063,13.076,10.944,9.176,9.965,14.325,9
6/23/2018 13:00,6/23/2018,,,11.041,14.613,11.431,10.161,11.722,20.901,9
6/23/2018 14:00,6/23/2018,,,12.207,16.808,12.401,11.819,14.517,25.028,10
6/23/2018 15:00,6/23/2018,,,13.076,17.855,12.497,12.497,14.421,23.004,11
6/23/2018 16:00,6/23/2018,,,13.942,17.95,12.497,12.304,13.942,17.855,11
6/23/2018 17:00,6/23/2018,,,14.23,16.903,12.401,12.207,13.654,18.996,11
6/23/2018 18:00,6/23/2018,,,13.942,15.951,12.304,11.528,12.69,17.284,9
6/23/2018 19:00,6/23/2018,,,13.269,15.378,12.11,11.431,12.401,12.69,8
6/23/2018 20:00,6/23/2018,,,12.883,14.804,12.11,10.846,11.528,10.944,9
6/23/2018 21:00,6/23/2018,,,12.401,14.038,12.013,10.063,10.748,10.944,8
6/23/2018 22:00,6/23/2018,,,11.819,13.365,11.236,9.472,10.161,9.275,8
6/23/2018 23:00,6/23/2018,,,11.041,12.497,10.553,8.68,9.275,8.779,7
6/24/2018 0:00,6/24/2018,,,10.455,11.916,10.063,8.082,8.581,8.282,7
6/24/2018 1:00,6/24/2018,,,9.669,11.236,9.768,7.582,7.882,7.381,7
6/24/2018 2:00,6/24/2018,,,8.978,10.651,9.472,7.079,7.381,6.573,6
6/24/2018 3:00,6/24/2018,,,8.282,10.161,9.275,6.674,6.978,6.064,6
6/24/2018 4:00,6/24/2018,,,7.882,9.866,8.879,6.37,6.877,6.064,7
6/24/2018 5:00,6/24/2018,,,7.481,9.669,8.68,6.37,6.877,7.079,6
6/24/2018 6:00,6/24/2018,,,7.582,9.965,8.581,7.079,7.682,7.381,7
6/24/2018 7:00,6/24/2018,,,8.082,10.161,9.866,7.882,8.282,10.259,7
6/24/2018 8:00,6/24/2018,,,8.581,10.651,10.651,8.978,9.669,11.139,8
6/24/2018 9:00,6/24/2018,,,9.275,12.207,11.528,11.431,13.654,14.134,9
6/24/2018 10:00,6/24/2018,,,10.357,14.517,12.594,12.98,16.808,18.14,10
6/24/2018 11:00,6/24/2018,,,11.041,15.76,13.558,14.421,19.567,23.581,11
6/24/2018 12:00,6/24/2018,,,12.69,17.57,14.038,15.951,22.429,21.569,12
6/24/2018 13:00,6/24/2018,,,13.269,19.282,14.804,16.523,22.717,21.664,13
6/24/2018 14:00,6/24/2018,,,14.134,20.329,14.9,16.618,21.282,33.848,13
6/24/2018 15:00,6/24/2018,,,14.517,20.519,15.187,17.284,21.855,32.6,14
6/24/2018 15:59,6/24/2018,,,15.664,21.855,15.569,17.665,20.996,25.125,14
6/24/2018 16:59,6/24/2018,,,15.951,21.187,15.664,16.332,16.808,33.43,15
6/24/2018 17:59,6/24/2018,,,16.141,20.138,15.569,15.187,15.473,28.655,13
6/24/2018 18:59,6/24/2018,,,15.855,19.092,15.187,13.269,13.076,30.862,14
6/24/2018 19:59,6/24/2018,,,14.613,17.855,14.613,11.916,11.819,20.329,13
6/24/2018 20:59,6/24/2018,,,12.883,16.427,13.942,10.455,10.748,16.237,13
6/24/2018 21:59,6/24/2018,,,11.819,14.996,12.98,9.472,9.866,12.69,11
6/24/2018 22:59,6/24/2018,,,10.748,13.461,12.594,8.382,8.779,8.082,11
6/24/2018 23:59,6/24/2018,,,9.768,12.401,11.819,7.481,7.983,6.471,10
6/25/2018 0:59,6/25/2018,,,9.373,11.819,11.625,7.079,7.582,6.674,9
6/25/2018 1:59,6/25/2018,,,9.077,11.334,11.236,6.573,6.978,7.28,8
6/25/2018 2:59,6/25/2018,,,8.779,10.944,10.748,6.37,6.674,7.179,7
6/25/2018 3:59,6/25/2018,,,8.481,10.651,10.748,6.268,6.471,7.381,7
6/25/2018 4:59,6/25/2018,,,8.282,10.357,10.651,6.37,6.674,7.782,7
6/25/2018 5:59,6/25/2018,,,8.182,10.063,10.748,6.573,6.877,8.481,7
6/25/2018 6:59,6/25/2018,,,8.082,9.866,10.748,6.775,7.179,8.978,7
6/25/2018 7:59,6/25/2018,,,8.082,9.965,11.041,7.682,7.983,9.669,6
6/25/2018 8:59,6/25/2018,,,8.082,9.866,11.334,8.182,8.481,9.965,5
6/25/2018 9:59,6/25/2018,,,8.082,9.965,11.334,7.882,7.983,9.373,6
6/25/2018 10:59,6/25/2018,,,8.182,9.965,11.139,7.481,7.882,9.669,5
6/25/2018 11:59,6/25/2018,,,8.282,10.161,10.944,7.582,7.983,9.768,5
6/25/2018 12:59,6/25/2018,,,8.481,10.553,10.944,7.381,7.882,11.722,5
6/25/2018 13:59,6/25/2018,,,8.779,10.846,10.944,7.582,8.182,11.431,5
6/25/2018 14:59,6/25/2018,,,8.879,10.455,10.944,7.381,7.983,10.357,6
6/25/2018 15:59,6/25/2018,,,9.077,10.455,10.846,7.179,7.682,9.373,6
6/25/2018 16:59,6/25/2018,,,9.472,10.846,10.553,7.582,8.182,11.431,7
6/25/2018 17:59,6/25/2018,,,9.571,10.651,10.455,7.682,8.382,10.553,7
6/25/2018 18:59,6/25/2018,,,9.373,10.748,10.259,7.481,8.082,10.944,7
6/25/2018 19:59,6/25/2018,,,9.472,10.651,10.063,7.481,8.282,10.846,8
6/25/2018 20:59,6/25/2018,,,9.176,10.259,9.965,7.582,8.182,9.669,7
6/25/2018 21:59,6/25/2018,,,8.68,9.669,9.571,6.978,7.682,8.282,7
6/25/2018 22:59,6/25/2018,,,8.082,9.077,9.275,6.471,7.079,6.877,6
6/25/2018 23:59,6/25/2018,,,7.381,8.581,9.077,5.962,6.573,5.962,6
6/26/2018 0:59,6/26/2018,,,6.978,8.182,8.879,5.45,5.655,5.037,5
6/26/2018 1:59,6/26/2018,,,6.573,7.882,8.581,5.141,5.244,4.623,5
6/26/2018 2:59,6/26/2018,,,6.268,7.582,8.282,4.831,5.037,4.102,4
6/26/2018 3:59,6/26/2018,,,6.064,7.28,7.782,4.727,4.934,4.311,4
6/26/2018 4:59,6/26/2018,,,5.86,7.28,7.782,4.727,4.934,5.244,5
6/26/2018 5:59,6/26/2018,,,5.86,7.481,7.582,4.934,5.141,6.877,5
6/26/2018 6:59,6/26/2018,,,5.962,8.082,8.481,6.471,7.682,8.282,7
6/26/2018 7:59,6/26/2018,,,6.471,8.879,9.275,8.879,10.748,,9
6/26/2018 8:59,6/26/2018,,,6.978,9.768,10.161,11.139,13.942,,9
6/26/2018 9:59,6/26/2018,,,7.682,10.553,10.846,9.669,10.944,,9
6/26/2018 10:59,6/26/2018,,,9.176,13.461,11.334,10.846,12.013,,11
6/26/2018 11:59,6/26/2018,,,11.236,16.903,12.594,14.325,17.094,,12
6/26/2018 12:59,6/26/2018,,,12.883,19.472,13.173,13.461,14.134,,13
6/26/2018 13:59,6/26/2018,,,14.038,20.901,13.75,14.421,18.14,,13
6/26/2018 14:59,6/26/2018,,,15.187,22.142,14.421,14.9,19.472,,14
6/26/2018 15:59,6/26/2018,,,16.332,23.388,14.709,14.996,18.711,,15
6/26/2018 16:59,6/26/2018,,,16.808,21.951,14.804,14.613,17.284,,14
6/26/2018 17:59,6/26/2018,,,16.523,21.569,14.613,14.421,15.378,,13
6/26/2018 18:59,6/26/2018,,,16.046,19.377,14.134,13.173,12.98,,13
6/26/2018 19:59,6/26/2018,,,14.613,17.094,13.269,11.139,10.846,,13
6/26/2018 20:59,6/26/2018,,,12.883,15.569,12.11,9.472,9.768,,12
6/26/2018 21:59,6/26/2018,,,11.722,14.325,11.236,8.182,8.481,,10
6/26/2018 22:59,6/26/2018,,,10.748,13.076,10.357,7.179,7.28,,10
6/26/2018 23:59,6/26/2018,,,9.669,12.11,9.768,6.064,6.166,,8
6/27/2018 0:59,6/27/2018,,,8.779,11.041,9.275,5.244,5.244,,7
6/27/2018 1:59,6/27/2018,,,7.782,10.161,8.581,4.519,4.519,,6
6/27/2018 2:59,6/27/2018,,,6.877,9.176,7.481,3.998,3.998,,6
6/27/2018 3:59,6/27/2018,,,6.268,8.382,7.079,3.683,3.683,,5
6/27/2018 4:59,6/27/2018,,,5.757,7.983,6.877,3.998,3.578,,7
6/27/2018 5:59,6/27/2018,,,5.552,8.282,7.079,5.037,5.757,,8
6/27/2018 6:59,6/27/2018,,,5.962,8.581,7.782,6.775,8.382,,10
6/27/2018 7:59,6/27/2018,,,6.674,9.669,8.779,9.669,11.431,,11
6/27/2018 8:59,6/27/2018,,,7.882,,9.571,11.528,12.787,,12
6/27/2018 9:59,6/27/2018,,,9.373,,10.455,13.173,12.98,,12
6/27/2018 10:59,6/27/2018,,,10.944,,11.431,14.421,14.613,,13
6/27/2018 11:59,6/27/2018,,,12.594,,12.207,15.282,16.903,,13
6/27/2018 12:59,6/27/2018,,,14.421,,12.787,15.951,19.377,,14
6/27/2018 13:59,6/27/2018,,,16.046,,13.365,15.664,20.805,,15
6/27/2018 14:59,6/27/2018,,,17.284,,13.942,15.664,21.664,,15
6/27/2018 15:59,6/27/2018,,,18.711,,14.325,15.76,21.187,,15
6/27/2018 16:59,6/27/2018,,,18.996,,14.613,15.473,18.996,,16
6/27/2018 17:59,6/27/2018,,,18.711,,14.804,15.187,16.713,,16
6/27/2018 18:59,6/27/2018,,,17.95,,14.517,14.421,14.517,,17
6/27/2018 19:59,6/27/2018,,,15.951,,13.654,12.304,12.594,,16
6/27/2018 20:59,6/27/2018,,,14.134,,12.787,10.259,11.431,,16
6/27/2018 21:59,6/27/2018,,,13.269,,11.819,9.275,10.357,,12
6/27/2018 22:59,6/27/2018,,,12.497,,11.041,8.382,8.978,,12
6/27/2018 23:59,6/27/2018,,,11.528,,,7.28,7.882,,10
6/28/2018 0:59,6/28/2018,,,10.455,,,6.471,7.179,,9
6/28/2018 1:59,6/28/2018,,,9.768,,,6.268,6.775,,7
6/28/2018 2:59,6/28/2018,,,9.077,,,5.86,6.166,,7
6/28/2018 3:59,6/28/2018,,,8.581,,,5.45,5.86,,7
6/28/2018 4:59,6/28/2018,,,8.182,,,5.757,6.268,,7
6/28/2018 5:59,6/28/2018,,,8.082,,,6.268,6.877,,8
6/28/2018 6:59,6/28/2018,,,8.082,,,6.877,7.381,,11
6/28/2018 7:59,6/28/2018,,,8.382,,,7.179,7.481,,11
6/28/2018 8:59,6/28/2018,,,9.176,,,7.381,7.682,,12
6/28/2018 9:59,6/28/2018,,,10.846,,,13.558,12.304,,15
6/28/2018 10:59,6/28/2018,,,12.594,,,10.944,11.139,,14
6/28/2018 11:59,6/28/2018,,,14.804,,,11.139,11.528,,14
6/28/2018 12:59,6/28/2018,,,15.473,,,11.528,12.11,,15
6/28/2018 13:59,6/28/2018,,,16.523,,,12.594,13.75,,15
6/28/2018 14:59,6/28/2018,,,15.855,,,13.75,16.903,,16
6/28/2018 15:59,6/28/2018,,,15.282,,,13.365,17.57,,16
6/28/2018 16:59,6/28/2018,,,14.613,,,12.304,12.883,,11
6/28/2018 17:59,6/28/2018,,,15.091,,,10.259,9.373,,13
6/28/2018 18:59,6/28/2018,,,14.421,,,6.573,9.472,,11
6/28/2018 19:59,6/28/2018,,,13.269,,,7.28,11.625,,9
6/28/2018 20:59,6/28/2018,,,11.916,,,7.782,12.11,,
6/28/2018 21:59,6/28/2018,,,10.846,,,7.983,12.401,,
6/28/2018 22:59,6/28/2018,,,9.866,,,8.282,12.69,,
6/28/2018 23:59,6/28/2018,,,8.879,,,7.582,12.787,,
6/29/2018 0:59,6/29/2018,,,8.082,,,7.582,12.883,,
6/29/2018 1:59,6/29/2018,,,7.481,,,7.782,12.98,,
6/29/2018 2:59,6/29/2018,,,7.079,,,8.182,13.269,,
6/29/2018 3:59,6/29/2018,,,6.775,,,8.382,13.654,,
6/29/2018 4:59,6/29/2018,,,6.674,,,8.581,13.942,,
6/29/2018 5:59,6/29/2018,,,6.877,,,8.879,14.325,,
6/29/2018 6:59,6/29/2018,,,7.28,,,,15.091,,
6/29/2018 7:59,6/29/2018,,,7.782,,,,16.237,,
6/29/2018 8:59,6/29/2018,,,8.282,,,,17.284,,
6/29/2018 9:59,6/29/2018,,,8.879,,,,17.665,,
6/29/2018 10:59,6/29/2018,,,9.768,,,,,,
6/29/2018 11:59,6/29/2018,,,10.455,,,,,,
6/29/2018 12:59,6/29/2018,,,11.041,,,,,,
6/29/2018 13:59,6/29/2018,,,11.528,,,,,,
6/29/2018 14:59,6/29/2018,,,11.916,,,,,,
6/29/2018 15:59,6/29/2018,,,12.594,,,,,,
6/29/2018 16:59,6/29/2018,,,13.173,,,,,,
6/29/2018 17:59,6/29/2018,,,13.365,,,,,,
6/29/2018 18:59,6/29/2018,,,13.076,,,,,,
6/29/2018 19:59,6/29/2018,,,12.304,,,,,,
6/29/2018 20:59,6/29/2018,,,11.722,,,,,,
6/29/2018 21:59,6/29/2018,,,10.553,,,,,,
6/29/2018 22:59,6/29/2018,,,9.571,,,,,,
6/29/2018 23:59,6/29/2018,,,8.581,,,,,,
6/30/2018 0:59,6/30/2018,,,7.782,,,,,,
6/30/2018 1:59,6/30/2018,,,6.877,,,,,,
6/30/2018 2:59,6/30/2018,,,6.268,,,,,,
6/30/2018 3:59,6/30/2018,,,5.962,,,,,,
6/30/2018 4:59,6/30/2018,,,5.86,,,,,,
6/30/2018 5:59,6/30/2018,,,5.86,,,,,,
6/30/2018 6:59,6/30/2018,,,6.166,,,,,,
6/30/2018 7:59,6/30/2018,,,7.179,,,,,,
6/30/2018 8:59,6/30/2018,,,7.782,,,,,,
6/30/2018 9:59,6/30/2018,,,8.581,,,,,,
6/30/2018 10:59,6/30/2018,,,9.669,,,,,,
6/30/2018 11:59,6/30/2018,,,10.944,,,,,,
6/30/2018 12:59,6/30/2018,,,12.013,,,,,,
6/30/2018 13:59,6/30/2018,,,14.23,,,,,,
6/30/2018 14:59,6/30/2018,,,15.855,,,,,,
6/30/2018 15:59,6/30/2018,,,16.903,,,,,,
6/30/2018 16:59,6/30/2018,,,17.094,,,,,,
6/30/2018 17:59,6/30/2018,,,15.76,,,,,,
6/30/2018 18:59,6/30/2018,,,14.421,,,,,,
6/30/2018 19:59,6/30/2018,,,13.076,,,,,,
6/30/2018 20:59,6/30/2018,,,12.11,,,,,,
6/30/2018 21:59,6/30/2018,,,11.528,,,,,,
6/30/2018 22:59,6/30/2018,,,10.944,,,,,,
6/30/2018 23:59,6/30/2018,,,10.455,,,,,,
7/1/2018 0:59,7/1/2018,,,9.866,,,,,,
7/1/2018 1:59,7/1/2018,,,9.275,,,,,,
7/1/2018 2:59,7/1/2018,,,8.779,,,,,,
7/1/2018 3:59,7/1/2018,,,8.481,,,,,,6
7/1/2018 4:59,7/1/2018,,,8.382,,,,,,7
7/1/2018 5:59,7/1/2018,,,8.282,,,,,,7
7/1/2018 6:59,7/1/2018,,,8.382,,,,,,7
7/1/2018 7:59,7/1/2018,,,8.581,,,,,,8
7/1/2018 8:59,7/1/2018,,,9.077,,,,,,8
7/1/2018 9:59,7/1/2018,,,9.571,,,,,,8
7/1/2018 10:59,7/1/2018,,,10.553,,,,,,9
7/1/2018 11:59,7/1/2018,,,11.431,,,,,,10
7/1/2018 12:59,7/1/2018,,,12.013,,,,,,9
7/1/2018 13:59,7/1/2018,,,13.269,,,,,,9
7/1/2018 14:59,7/1/2018,,,14.325,,,,,,10
7/1/2018 15:59,7/1/2018,,,13.942,,,,,,9
7/1/2018 16:59,7/1/2018,,,13.846,,,,,,9
7/1/2018 17:59,7/1/2018,,,13.558,,,,,,9
7/1/2018 18:59,7/1/2018,,,12.98,,,,,,10
7/1/2018 19:59,7/1/2018,,,12.497,,,,,,10
7/1/2018 20:59,7/1/2018,,,11.528,,,,,,10
7/1/2018 21:59,7/1/2018,,,10.944,,,,,,9
7/1/2018 22:59,7/1/2018,,,10.161,,,,,,8
7/1/2018 23:59,7/1/2018,,,9.472,,,,,,8
7/2/2018 0:59,7/2/2018,,,8.779,,,,,,7
7/2/2018 1:59,7/2/2018,,,8.182,,,,,,7
7/2/2018 2:59,7/2/2018,,,7.782,,,,,,6
7/2/2018 3:59,7/2/2018,,,7.381,,,,,,5
7/2/2018 4:59,7/2/2018,,,7.179,,,,,,5
7/2/2018 5:59,7/2/2018,,,7.28,,,,,,6
7/2/2018 6:59,7/2/2018,,,7.481,,,,,,6
7/2/2018 7:59,7/2/2018,,,7.983,,,,,,6
7/2/2018 8:59,7/2/2018,,,8.382,,,,,,6
7/2/2018 9:59,7/2/2018,,,9.077,,,,,,7
7/2/2018 10:59,7/2/2018,,,10.357,,,,,,8
7/2/2018 11:59,7/2/2018,,,12.304,,,,,,9
7/2/2018 12:59,7/2/2018,,,13.461,,,,,,10
7/2/2018 13:59,7/2/2018,,,14.421,,,,,,11
7/2/2018 14:59,7/2/2018,,,15.569,,,,,,13
7/2/2018 15:59,7/2/2018,,,16.332,,,,,,12
7/2/2018 16:59,7/2/2018,,,16.427,,,,,,13
7/2/2018 17:59,7/2/2018,,,16.903,,,,,,13
7/2/2018 18:59,7/2/2018,,,16.618,,,,,,13
7/2/2018 19:59,7/2/2018,,,15.091,,,,,,12
7/2/2018 20:59,7/2/2018,,,13.173,,,,,,12
7/2/2018 21:59,7/2/2018,,,11.528,,,,,,9
7/2/2018 22:59,7/2/2018,,,10.455,,,,,,8
7/2/2018 23:59,7/2/2018,,,9.373,,,,,,7
7/3/2018 0:59,7/3/2018,,,8.481,,,,,,6
7/3/2018 1:59,7/3/2018,,,7.882,,,,,,5
7/3/2018 2:59,7/3/2018,,,7.28,,,,,,4
7/3/2018 3:59,7/3/2018,,,6.775,,,,,,4
7/3/2018 4:59,7/3/2018,,,6.471,,,,,,4
7/3/2018 5:59,7/3/2018,,,6.471,,,,,,6
7/3/2018 6:59,7/3/2018,,,7.079,,,,,,8
7/3/2018 7:59,7/3/2018,,,8.082,,,,,,9
7/3/2018 8:59,7/3/2018,,,9.472,,,,,,10
7/3/2018 9:59,7/3/2018,,,11.139,,,,,,11
7/3/2018 10:59,7/3/2018,,,12.98,,,,,,13
7/3/2018 11:59,7/3/2018,,,14.996,,,,,,14
7/3/2018 12:59,7/3/2018,,,16.523,,,,,,15
7/3/2018 13:59,7/3/2018,,,17.95,,,,,,16
7/3/2018 14:59,7/3/2018,,,19.187,,,,,,16
7/3/2018 15:59,7/3/2018,,,19.377,,,,,,16
7/3/2018 16:59,7/3/2018,,,19.377,,,,,,16
7/3/2018 17:59,7/3/2018,,,18.996,,,,,,16
7/3/2018 18:59,7/3/2018,,,18.521,,,,,,16
7/3/2018 19:59,7/3/2018,,,17.665,,,,,,15
7/3/2018 20:59,7/3/2018,,,16.427,,,,,,13
7/3/2018 21:59,7/3/2018,,,14.996,,,,,,12
7/3/2018 22:59,7/3/2018,,,13.654,,,,,,11
7/3/2018 23:59,7/3/2018,,,12.304,,,,,,10
7/4/2018 0:59,7/4/2018,,,11.139,,,,,,10
7/4/2018 1:59,7/4/2018,,,10.357,,,,,,9
7/4/2018 2:59,7/4/2018,,,9.768,,,,,,6
7/4/2018 3:59,7/4/2018,,,9.373,,,,,,6
7/4/2018 4:59,7/4/2018,,,9.275,,,,,,6
7/4/2018 5:59,7/4/2018,,,9.176,,,,,,6
7/4/2018 6:59,7/4/2018,,,9.275,,,,,,7
7/4/2018 7:59,7/4/2018,,,9.866,,,,,,8
7/4/2018 8:59,7/4/2018,,,10.651,,,,,,10
7/4/2018 9:59,7/4/2018,,,11.722,,,,,,12
7/4/2018 10:59,7/4/2018,,,13.269,,,,,,12
7/4/2018 11:59,7/4/2018,,,14.804,,,,,,13
7/4/2018 12:59,7/4/2018,,,16.523,,,,,,14
7/4/2018 13:59,7/4/2018,,,17.665,,,,,,15
7/4/2018 14:59,7/4/2018,,,18.045,,,,,,15
7/4/2018 15:59,7/4/2018,,,17.95,,,,,,15
7/4/2018 16:59,7/4/2018,,,18.236,,,,,,16
7/4/2018 17:59,7/4/2018,,,18.331,,,,,,16
7/4/2018 18:59,7/4/2018,,,16.999,,,,,,14
7/4/2018 19:59,7/4/2018,,,15.378,,,,,,14
7/4/2018 20:59,7/4/2018,,,14.038,,,,,,13
7/4/2018 21:59,7/4/2018,,,12.69,,,,,,12
7/4/2018 22:59,7/4/2018,,,11.528,,,,,,11
7/4/2018 23:59,7/4/2018,,,10.651,,,,,,11
7/5/2018 0:59,7/5/2018,,,9.965,,,,,,10
7/5/2018 1:59,7/5/2018,,,9.669,,,,,,9
7/5/2018 2:59,7/5/2018,,,9.275,,,,,,8
7/5/2018 3:59,7/5/2018,,,8.779,,,,,,8
7/5/2018 4:59,7/5/2018,,,8.581,,,,,,8
7/5/2018 5:59,7/5/2018,,,8.481,,,,,,8
7/5/2018 6:59,7/5/2018,,,8.382,,,,,,8
7/5/2018 7:59,7/5/2018,,,9.373,,,,,,8
7/5/2018 8:59,7/5/2018,,,10.748,,,,,,9
7/5/2018 9:59,7/5/2018,,,12.207,,,,,,10
7/5/2018 10:59,7/5/2018,,,14.038,,,,,,11
7/5/2018 11:59,7/5/2018,,,15.569,,,,,,12
7/5/2018 12:59,7/5/2018,,,17.76,,,,,,14
7/5/2018 13:59,7/5/2018,,,18.996,,,,,,14
7/5/2018 14:59,7/5/2018,,,19.377,,,,,,14
7/5/2018 15:59,7/5/2018,,,18.996,,,,,,14
7/5/2018 16:59,7/5/2018,,,18.901,,,,,,14
7/5/2018 17:59,7/5/2018,,,18.521,,,,,,14
7/5/2018 18:59,7/5/2018,,,17.475,,,,,,14
7/5/2018 19:59,7/5/2018,,,15.091,,,,,,13
7/5/2018 20:59,7/5/2018,,,13.654,,,,,,12
7/5/2018 21:59,7/5/2018,,,12.207,,,,,,10
7/5/2018 22:59,7/5/2018,,,11.236,,,,,,10
7/5/2018 23:59,7/5/2018,,,10.357,,,,,,8
7/6/2018 0:59,7/6/2018,,,9.472,,,,,,7
7/6/2018 1:59,7/6/2018,,,8.581,,,,,,6
7/6/2018 2:59,7/6/2018,,,7.882,,,,,,5
7/6/2018 3:59,7/6/2018,,,7.28,,,,,,4
7/6/2018 4:59,7/6/2018,,,6.978,,,,,,5
7/6/2018 5:59,7/6/2018,,,6.775,,,,,,6
7/6/2018 6:59,7/6/2018,,,7.782,,,,,,8
7/6/2018 7:59,7/6/2018,,,8.779,,,,,,9
7/6/2018 8:59,7/6/2018,,,10.063,,,,,,11
7/6/2018 9:59,7/6/2018,,,11.528,,,,,,13
7/6/2018 10:59,7/6/2018,,,12.883,,,,,,10
7/6/2018 11:59,7/6/2018,,,13.461,,,,,,10
7/6/2018 12:59,7/6/2018,,,14.134,,,,,,11
7/6/2018 13:59,7/6/2018,,,14.804,,,,,,11
7/6/2018 14:59,7/6/2018,,,15.378,,,,,,12
7/6/2018 15:59,7/6/2018,,,16.237,,,,,,12
7/6/2018 16:59,7/6/2018,,,16.427,,,,,,12
7/6/2018 17:59,7/6/2018,,,16.332,,,,,,12
7/6/2018 18:59,7/6/2018,,,15.664,,,,,,11
7/6/2018 19:59,7/6/2018,,,14.613,,,,,,12
7/6/2018 20:59,7/6/2018,,,13.75,,,,,,10
7/6/2018 21:59,7/6/2018,,,13.173,,,,,,11
7/6/2018 22:59,7/6/2018,,,12.304,,,,,,10
7/6/2018 23:59,7/6/2018,,,11.334,,,,,,7
7/7/2018 0:59,7/7/2018,,,10.259,,,,,,6
7/7/2018 1:59,7/7/2018,,,9.373,,,,,,5
7/7/2018 2:59,7/7/2018,,,8.779,,,,,,5
7/7/2018 3:59,7/7/2018,,,8.282,,,,,,4
7/7/2018 4:59,7/7/2018,,,7.983,,,,,,6
7/7/2018 5:59,7/7/2018,,,8.082,,,,,,5
7/7/2018 6:59,7/7/2018,,,8.282,,,,,,6
7/7/2018 7:59,7/7/2018,,,8.978,,,,,,8
7/7/2018 8:59,7/7/2018,,,10.259,,,,,,11
7/7/2018 9:59,7/7/2018,,,11.916,,,,,,12
7/7/2018 10:59,7/7/2018,,,4.519,,,,,,13
7/7/2018 11:59,7/7/2018,,,4.311,,,,,,15
7/7/2018 12:59,7/7/2018,,,3.788,,,,,,16
7/7/2018 13:59,7/7/2018,,,4.415,,,,,,16
7/7/2018 14:59,7/7/2018,,,6.775,,,,,,17
7/7/2018 15:59,7/7/2018,,,6.978,,,,,,17
7/7/2018 16:59,7/7/2018,,,7.782,,,,,,17
7/7/2018 17:59,7/7/2018,,,9.077,,,,,,16
7/7/2018 18:59,7/7/2018,,,9.965,,,,,,16
7/7/2018 19:59,7/7/2018,,,10.748,,,,,,15
7/7/2018 20:59,7/7/2018,,,11.431,,,,,,14
7/7/2018 21:59,7/7/2018,,,12.11,,,,,,11
7/7/2018 22:59,7/7/2018,,,12.69,,,,,,10
7/7/2018 23:59,7/7/2018,,,13.269,,,,,,8
7/8/2018 0:59,7/8/2018,,,13.75,,,,,,8
7/8/2018 1:59,7/8/2018,,,14.23,,,,,,8
7/8/2018 2:59,7/8/2018,,,14.709,,,,,,7
7/8/2018 3:59,7/8/2018,,,15.091,,,,,,7
7/8/2018 4:59,7/8/2018,,,15.569,,,,,,7
7/8/2018 5:59,7/8/2018,,,16.046,,,,,,8
7/8/2018 6:59,7/8/2018,,,16.523,,,,,,10
7/8/2018 7:59,7/8/2018,,,17.094,,,,,,11
7/8/2018 8:59,7/8/2018,,,17.57,,,,,,12
7/8/2018 9:59,7/8/2018,,,18.045,,,,,,12
