ID,Site,Weatherperiod,DateStart,TimeStart,Datetime_Start,DateEnd,TimeEnd,Datetime_End,Totaldays,Totalhours,Count,Count3.5,LogCount3.5,LnCount3.5,Habitatcategory,Habitatpair,BMhabitat,BMhabitat2,ID2,Site2,Count2,Count2,Count3.52,LogCount3.52,LnCount3.52,Habitatamount2,Habitatcategory2,BMhabitat22,BMhabitat222
15,Waterfall,6,6/6/2017,18:11,6/6/2017 18:11,6/6/2017,21:49,6/6/2017 21:49,0.151388889,3.63,95,92,1.963787827,4.521788577,High,1,HighHigh,HighHigh,14,Waterfall up,0.153472222,80,76,1.886490725,4.343805422,402,Low,HighLow,HighLow
27,Waterfall,11,6/10/2017,18:13,6/10/2017 18:13,6/10/2017,21:35,6/10/2017 21:35,0.140277778,3.37,17,18,1.255272505,2.890371758,High,1,HighHigh,HighHigh,28,Waterfall up,0.139583333,12,13,1.146128036,2.63905733,402,Low,HighLow,HighLow
45,Waterfall,18,6/15/2017,18:30,6/15/2017 18:30,6/15/2017,21:57,6/15/2017 21:57,0.14375,3.45,141,143,2.155336037,4.96284463,High,1,HighHigh,HighHigh,44,Waterfall up,0.138194444,28,30,1.491361694,3.433987204,402,Low,HighLow,HighLow
73,Waterfall,31,6/21/2017,18:15,6/21/2017 18:15,6/21/2017,21:33,6/21/2017 21:33,0.1375,3.3,8,8,0.903089987,2.079441542,High,1,HighHigh,HighHigh,72,Waterfall up,0.141666667,7,7,0.903089987,2.079441542,402,Low,HighLow,HighLow
87,Waterfall,37,6/24/2017,18:07,6/24/2017 18:07,6/24/2017,21:38,6/24/2017 21:38,0.146527778,3.52,164,163,2.212187604,5.093750201,High,1,HighHigh,HighHigh,86,Waterfall up,0.142361111,55,56,1.755874856,4.043051268,402,Low,HighLow,HighLow
95,Waterfall,38,6/25/2017,18:15,6/25/2017 18:15,6/25/2017,21:37,6/25/2017 21:37,0.140277778,3.37,161,167,2.222716471,5.117993812,High,1,HighHigh,HighHigh,94,Waterfall up,0.129861111,14,16,1.230448921,2.833213344,402,Low,HighLow,HighLow
108,Waterfall,41,6/28/2017,18:21,6/28/2017 18:21,6/28/2017,21:30,6/28/2017 21:30,0.13125,3.15,418,464,2.666517981,6.139884552,High,1,HighHigh,HighHigh,109,Waterfall up,0.131944444,220,243,2.387389826,5.497168225,402,Low,HighLow,HighLow
119,Waterfall,42,6/29/2017,18:19,6/29/2017 18:19,6/29/2017,21:29,6/29/2017 21:29,0.131944444,3.17,8,9,0.954242509,2.197224577,High,1,HighHigh,HighHigh,118,Waterfall up,0.13125,2,2,0.477121255,1.098612289,402,Low,HighLow,HighLow
133,Waterfall,44,7/2/2017,18:21,7/2/2017 18:21,7/2/2017,21:48,7/2/2017 21:48,0.14375,3.45,0,0,0,0,High,1,HighHigh,HighHigh,134,Waterfall up,0.144444444,0,0,0,0,402,Low,HighLow,HighLow
144,Waterfall,45,7/3/2017,18:33,7/3/2017 18:33,7/3/2017,21:49,7/3/2017 21:49,0.136111111,3.27,2,2,0.301029996,0.693147181,High,1,HighHigh,HighHigh,143,Waterfall up,0.141666667,0,0,0,0,402,Low,HighLow,HighLow
157,Waterfall,46,7/5/2017,18:33,7/5/2017 18:33,7/5/2017,21:41,7/5/2017 21:41,0.130555556,3.13,0,0,0,0,High,1,HighHigh,HighHigh,158,Waterfall up,0.131944444,0,0,0,0,402,Low,HighLow,HighLow
168,Waterfall,47,7/6/2017,18:17,7/6/2017 18:17,7/6/2017,21:30,7/6/2017 21:30,0.134027778,3.22,182,198,2.29666519,5.288267031,High,1,HighHigh,HighHigh,167,Waterfall up,0.133333333,88,96,1.986771734,4.574710979,402,Low,HighLow,HighLow
181,Waterfall,48,7/7/2017,18:38,7/7/2017 18:38,7/7/2017,21:56,7/7/2017 21:56,0.1375,3.3,56,59,1.770852012,4.077537444,High,1,HighHigh,HighHigh,182,Waterfall up,0.140972222,40,41,1.62324929,3.737669618,402,Low,HighLow,HighLow
191,Waterfall,49,7/9/2017,18:27,7/9/2017 18:27,7/9/2017,21:40,7/9/2017 21:40,0.134027778,3.22,4,4,0.602059991,1.386294361,High,1,HighHigh,HighHigh,192,Waterfall up,0.135416667,0,0,0,0,402,Low,HighLow,HighLow
202,Waterfall,50,7/10/2017,18:16,7/10/2017 18:16,7/10/2017,21:28,7/10/2017 21:28,0.133333333,3.2,14,15,1.176091259,2.708050201,High,1,HighHigh,HighHigh,201,Waterfall up,0.138194444,3,3,0.602059991,1.386294361,402,Low,HighLow,HighLow
214,Waterfall,51,7/12/2017,18:14,7/12/2017 18:14,7/12/2017,21:37,7/12/2017 21:37,0.140972222,3.38,24,25,1.397940009,3.218875825,High,1,HighHigh,HighHigh,213,Waterfall up,0.140972222,5,5,0.77815125,1.791759469,402,Low,HighLow,HighLow
226,Waterfall,52,7/14/2017,18:23,7/14/2017 18:23,7/14/2017,22:09,7/14/2017 22:09,0.156944444,3.77,0,0,0,0,High,1,HighHigh,HighHigh,227,Waterfall up,0.158333333,3,3,0.602059991,1.386294361,402,Low,HighLow,HighLow
236,Waterfall,53,7/17/2017,18:46,7/17/2017 18:46,7/17/2017,22:23,7/17/2017 22:23,0.150694444,3.62,0,0,0,0,High,1,HighHigh,HighHigh,235,Waterfall up,0.149305556,0,0,0,0,402,Low,HighLow,HighLow
248,Waterfall,54,7/19/2017,17:58,7/19/2017 17:58,7/19/2017,21:09,7/19/2017 21:09,0.132638889,3.18,8,9,0.954242509,2.197224577,High,1,HighHigh,HighHigh,247,Waterfall up,0.13125,8,9,1,2.302585093,402,Low,HighLow,HighLow
4,Golf,2,6/4/2017,18:00,6/4/2017 18:00,6/4/2017,20:00,6/4/2017 20:00,0.083333333,2,0,0,0,0,High,2,LowHigh,LowHigh,5,Kforest,0.083333333,3,5,0.77815125,1.791759469,2331,Low,MedLow,LowLow
9,Golf,4,6/5/2017,18:25,6/5/2017 18:25,6/5/2017,22:10,6/5/2017 22:10,0.15625,3.75,1,1,0,0,High,2,LowHigh,LowHigh,10,Kforest,0.15625,0,0,0,0,2331,Low,MedLow,LowLow
12,Golf,6,6/6/2017,17:48,6/6/2017 17:48,6/6/2017,21:28,6/6/2017 21:28,0.152777778,3.67,301,287,2.457881897,5.659482216,High,2,LowHigh,LowHigh,13,Kforest,0.153472222,397,377,2.5774918,5.934894196,2331,Low,MedLow,LowLow
24,Golf,10,6/9/2017,17:44,6/9/2017 17:44,6/9/2017,21:55,6/9/2017 21:55,0.174305556,4.18,0,0,0,0,High,2,LowHigh,LowHigh,23,Kforest,0.175694444,10,8,0.954242509,2.197224577,2331,Low,MedLow,LowLow
33,Golf,14,6/12/2017,17:57,6/12/2017 17:57,6/12/2017,21:21,6/12/2017 21:21,0.141666667,3.4,106,109,2.037426498,4.691347882,High,2,LowHigh,LowHigh,34,Kforest,0.142361111,161,165,2.220108088,5.111987788,2331,Low,MedLow,LowLow
42,Golf,17,6/14/2017,18:55,6/14/2017 18:55,6/14/2017,22:05,6/14/2017 22:05,0.131944444,3.17,259,286,2.456366033,5.655991811,High,2,LowHigh,LowHigh,43,Kforest,0.054861111,74,197,2.29666519,5.288267031,2331,Low,MedLow,LowLow
49,Golf,20,6/16/2017,18:28,6/16/2017 18:28,6/16/2017,21:50,6/16/2017 21:50,0.140277778,3.37,5,5,0.698970004,1.609437912,High,2,LowHigh,LowHigh,50,Kforest,0.140972222,10,10,1.041392685,2.397895273,2331,Low,MedLow,LowLow
70,Golf,31,6/21/2017,17:50,6/21/2017 17:50,6/21/2017,21:15,6/21/2017 21:15,0.142361111,3.42,6,6,0.77815125,1.791759469,High,2,LowHigh,LowHigh,71,Kforest,0.142361111,15,15,1.204119983,2.772588722,2331,Low,MedLow,LowLow
83,Golf,35,6/23/2017,18:08,6/23/2017 18:08,6/23/2017,21:15,6/23/2017 21:15,0.129861111,3.12,295,331,2.519827994,5.802118375,High,2,LowHigh,LowHigh,82,Kforest,0.127777778,367,419,2.62324929,6.040254711,2331,Low,MedLow,LowLow
98,Golf,39,6/26/2017,18:12,6/26/2017 18:12,6/26/2017,21:28,6/26/2017 21:28,0.136111111,3.27,63,68,1.832508913,4.219507705,High,2,LowHigh,LowHigh,99,Kforest,0.136805556,70,75,1.880813592,4.33073334,2331,Low,MedLow,LowLow
111,Golf,41,6/28/2017,18:47,6/28/2017 18:47,6/28/2017,22:00,6/28/2017 22:00,0.134027778,3.22,83,90,1.954242509,4.49980967,High,2,LowHigh,LowHigh,110,Kforest,0.131944444,264,292,2.46686762,5.680172609,2331,Low,MedLow,LowLow
116,Golf,42,6/29/2017,17:53,6/29/2017 17:53,6/29/2017,21:03,6/29/2017 21:03,0.131944444,3.17,11,12,1.079181246,2.48490665,High,2,LowHigh,LowHigh,117,Kforest,0.131944444,32,35,1.556302501,3.583518938,2331,Low,MedLow,LowLow
136,Golf,44,7/2/2017,18:49,7/2/2017 18:49,7/2/2017,22:17,7/2/2017 22:17,0.144444444,3.47,0,0,0,0,High,2,LowHigh,LowHigh,135,Kforest,0.144444444,0,0,0,0,2331,Low,MedLow,LowLow
141,Golf,45,7/3/2017,18:08,7/3/2017 18:08,7/3/2017,21:26,7/3/2017 21:26,0.1375,3.3,0,0,0,0,High,2,LowHigh,LowHigh,142,Kforest,0.138194444,4,4,0.698970004,1.609437912,2331,Low,MedLow,LowLow
160,Golf,46,7/5/2017,18:58,7/5/2017 18:58,7/5/2017,22:08,7/5/2017 22:08,0.131944444,3.17,4,4,0.602059991,1.386294361,High,2,LowHigh,LowHigh,159,Kforest,0.129861111,21,24,1.397940009,3.218875825,2331,Low,MedLow,LowLow
165,Golf,47,7/6/2017,17:51,7/6/2017 17:51,7/6/2017,21:05,7/6/2017 21:05,0.134722222,3.23,76,82,1.913813852,4.406719247,High,2,LowHigh,LowHigh,166,Kforest,0.133333333,120,131,2.120573931,4.882801923,2331,Low,MedLow,LowLow
184,Golf,48,7/7/2017,19:08,7/7/2017 19:08,7/7/2017,22:30,7/7/2017 22:30,0.140277778,3.37,17,18,1.255272505,2.890371758,High,2,LowHigh,LowHigh,183,Kforest,0.140972222,103,107,2.033423755,4.682131227,2331,Low,MedLow,LowLow
194,Golf,49,7/9/2017,18:52,7/9/2017 18:52,7/9/2017,22:17,7/9/2017 22:17,0.142361111,3.42,10,10,1,2.302585093,High,2,LowHigh,LowHigh,193,Kforest,0.141666667,8,8,0.954242509,2.197224577,2331,Low,MedLow,LowLow
199,Golf,50,7/10/2017,17:50,7/10/2017 17:50,7/10/2017,21:06,7/10/2017 21:06,0.136111111,3.27,23,25,1.397940009,3.218875825,High,2,LowHigh,LowHigh,200,Kforest,0.1375,79,84,1.929418926,4.442651256,2331,Low,MedLow,LowLow
211,Golf,51,7/12/2017,17:46,7/12/2017 17:46,7/12/2017,21:09,7/12/2017 21:09,0.140972222,3.38,0,0,0,0,High,2,LowHigh,LowHigh,212,Kforest,0.140972222,34,35,1.556302501,3.583518938,2331,Low,MedLow,LowLow
233,Golf,53,7/17/2017,18:18,7/17/2017 18:18,7/17/2017,21:57,7/17/2017 21:57,0.152083333,3.65,5,5,0.698970004,1.609437912,High,2,LowHigh,LowHigh,234,Kforest,0.151388889,3,3,0.602059991,1.386294361,2331,Low,MedLow,LowLow
245,Golf,54,7/19/2017,17:33,7/19/2017 17:33,7/19/2017,20:43,7/19/2017 20:43,0.131944444,3.17,0,0,0,0,High,2,LowHigh,LowHigh,246,Kforest,0.131944444,16,18,1.278753601,2.944438979,2331,Low,MedLow,LowLow
1,Oil,1,6/2/2017,17:45,6/2/2017 17:45,6/2/2017,20:50,6/2/2017 20:50,0.128472222,3.08,106,120,2.079181246,4.787491743,High,3,LowHigh,LowHigh,3,KISS,0.127083333,1,1,0.301029996,0.693147181,8675,Low,HighLow,HighLow
25,Oil,10,6/9/2017,17:52,6/9/2017 17:52,6/9/2017,21:37,6/9/2017 21:37,0.15625,3.75,41,38,1.579783597,3.63758616,High,3,LowHigh,LowHigh,26,KISS,0.135416667,21,23,1.380211242,3.17805383,8675,Low,HighLow,HighLow
41,Oil,17,6/14/2017,18:48,6/14/2017 18:48,6/14/2017,21:55,6/14/2017 21:55,0.129861111,3.12,634,712,2.852479994,6.568077911,High,3,LowHigh,LowHigh,40,KISS,0.127777778,43,49,1.698970004,3.912023005,8675,Low,HighLow,HighLow
66,Oil,29,6/20/2017,18:25,6/20/2017 18:25,6/20/2017,21:44,6/20/2017 21:44,0.138194444,3.32,289,305,2.484299839,5.720311777,High,3,LowHigh,LowHigh,67,KISS,0.111805556,83,108,2.037426498,4.691347882,8675,Low,HighLow,HighLow
97,Oil,39,6/26/2017,18:05,6/26/2017 18:05,6/26/2017,21:15,6/26/2017 21:15,0.131944444,3.17,123,136,2.133538908,4.912654886,High,3,LowHigh,LowHigh,100,KISS,0.125,14,16,1.230448921,2.833213344,8675,Low,HighLow,HighLow
112,Oil,41,6/28/2017,18:57,6/28/2017 18:57,6/28/2017,22:07,6/28/2017 22:07,0.131944444,3.17,771,852,2.930439595,6.747586527,High,3,LowHigh,LowHigh,113,KISS,0.131944444,47,52,1.72427587,3.970291914,8675,Low,HighLow,HighLow
115,Oil,42,6/29/2017,17:43,6/29/2017 17:43,6/29/2017,20:54,6/29/2017 20:54,0.132638889,3.18,98,108,2.033423755,4.682131227,High,3,LowHigh,LowHigh,114,KISS,0.130555556,59,66,1.826074803,4.204692619,8675,Low,HighLow,HighLow
137,Oil,44,7/2/2017,18:57,7/2/2017 18:57,7/2/2017,22:25,7/2/2017 22:25,0.144444444,3.47,0,0,0,0,High,3,LowHigh,LowHigh,138,KISS,0.144444444,0,0,0,0,8675,Low,HighLow,HighLow
140,Oil,45,7/3/2017,18:00,7/3/2017 18:00,7/3/2017,21:16,7/3/2017 21:16,0.136111111,3.27,0,0,0,0,High,3,LowHigh,LowHigh,139,KISS,0.135416667,0,0,0,0,8675,Low,HighLow,HighLow
161,Oil,46,7/5/2017,19:04,7/5/2017 19:04,7/5/2017,22:23,7/5/2017 22:23,0.138194444,3.32,5,5,0.698970004,1.609437912,High,3,LowHigh,LowHigh,162,KISS,0.138888889,0,0,0,0,8675,Low,HighLow,HighLow
164,Oil,47,7/6/2017,17:42,7/6/2017 17:42,7/6/2017,20:52,7/6/2017 20:52,0.131944444,3.17,117,129,2.11058971,4.859812404,High,3,LowHigh,LowHigh,163,KISS,0.132638889,160,176,2.247973266,5.176149733,8675,Low,HighLow,HighLow
195,Oil,49,7/9/2017,19:02,7/9/2017 19:02,7/9/2017,22:26,7/9/2017 22:26,0.141666667,3.4,21,22,1.342422681,3.091042453,High,3,LowHigh,LowHigh,196,KISS,0.144444444,13,13,1.146128036,2.63905733,8675,Low,HighLow,HighLow
198,Oil,50,7/10/2017,17:41,7/10/2017 17:41,7/10/2017,20:58,7/10/2017 20:58,0.136805556,3.28,34,36,1.556302501,3.583518938,High,3,LowHigh,LowHigh,197,KISS,0.136111111,28,30,1.491361694,3.433987204,8675,Low,HighLow,HighLow
210,Oil,51,7/12/2017,17:35,7/12/2017 17:35,7/12/2017,21:01,7/12/2017 21:01,0.143055556,3.43,2,2,0.301029996,0.693147181,High,3,LowHigh,LowHigh,209,KISS,0.140277778,2,2,0.477121255,1.098612289,8675,Low,HighLow,HighLow
229,Oil,52,7/14/2017,18:58,7/14/2017 18:58,7/14/2017,22:47,7/14/2017 22:47,0.159027778,3.82,1,1,0,0,High,3,LowHigh,LowHigh,230,KISS,0.159027778,0,0,0,0,8675,Low,HighLow,HighLow
232,Oil,53,7/17/2017,18:10,7/17/2017 18:10,7/17/2017,21:36,7/17/2017 21:36,0.143055556,3.43,7,7,0.84509804,1.945910149,High,3,LowHigh,LowHigh,231,KISS,0.149305556,11,11,1.079181246,2.48490665,8675,Low,HighLow,HighLow
244,Oil,54,7/19/2017,17:26,7/19/2017 17:26,7/19/2017,20:35,7/19/2017 20:35,0.13125,3.15,0,0,0,0,High,3,LowHigh,LowHigh,243,KISS,0.125,0,0,0,0,8675,Low,HighLow,HighLow
36,Moz valley,16,6/13/2017,18:05,6/13/2017 18:05,6/13/2017,21:07,6/13/2017 21:07,0.126388889,3.03,270,312,2.494154594,5.743003188,High,4,HighHigh,HighHigh,39,Bunny Hill,0.125694444,469,544,2.736396502,6.300785795,3580.25,Low,HighLow,HighLow
60,Moz valley,26,6/18/2017,18:40,6/18/2017 18:40,6/18/2017,22:12,6/18/2017 22:12,0.147222222,3.53,89,88,1.944482672,4.477336814,High,4,HighHigh,HighHigh,58,Bunny Hill,0.133333333,56,61,1.792391689,4.127134385,3580.25,Low,HighLow,HighLow
76,Moz valley,33,6/22/2017,18:07,6/22/2017 18:07,6/22/2017,21:34,6/22/2017 21:34,0.14375,3.45,63,64,1.806179974,4.158883083,High,4,HighHigh,HighHigh,79,Bunny Hill,0.152777778,88,84,1.929418926,4.442651256,3580.25,Low,HighLow,HighLow
89,Moz valley,37,6/24/2017,18:45,6/24/2017 18:45,6/24/2017,22:05,6/24/2017 22:05,0.138888889,3.33,115,121,2.08278537,4.795790546,High,4,HighHigh,HighHigh,92,Bunny Hill,0.143055556,177,180,2.257678575,5.198497031,3580.25,Low,HighLow,HighLow
102,Moz valley,41,6/28/2017,17:23,6/28/2017 17:23,6/28/2017,20:38,6/28/2017 20:38,0.135416667,3.25,55,59,1.770852012,4.077537444,High,4,HighHigh,HighHigh,105,Bunny Hill,0.134722222,149,161,2.209515015,5.087596335,3580.25,Low,HighLow,HighLow
125,Moz valley,42,6/29/2017,19:13,6/29/2017 19:13,6/29/2017,22:24,6/29/2017 22:24,0.132638889,3.18,44,48,1.681241237,3.871201011,High,4,HighHigh,HighHigh,122,Bunny Hill,0.133333333,38,42,1.633468456,3.761200116,3580.25,Low,HighLow,HighLow
127,Moz valley,44,7/2/2017,17:25,7/2/2017 17:25,7/2/2017,20:52,7/2/2017 20:52,0.14375,3.45,1,1,0,0,High,4,HighHigh,HighHigh,130,Bunny Hill,0.145138889,0,0,0,0,3580.25,Low,HighLow,HighLow
150,Moz valley,45,7/3/2017,19:16,7/3/2017 19:16,7/3/2017,22:41,7/3/2017 22:41,0.142361111,3.42,21,22,1.342422681,3.091042453,High,4,HighHigh,HighHigh,147,Bunny Hill,0.138888889,19,20,1.322219295,3.044522438,3580.25,Low,HighLow,HighLow
151,Moz valley,46,7/5/2017,17:38,7/5/2017 17:38,7/5/2017,20:49,7/5/2017 20:49,0.132638889,3.18,0,0,0,0,High,4,HighHigh,HighHigh,154,Bunny Hill,0.132638889,0,0,0,0,3580.25,Low,HighLow,HighLow
174,Moz valley,47,7/6/2017,19:09,7/6/2017 19:09,7/6/2017,22:30,7/6/2017 22:30,0.139583333,3.35,23,24,1.380211242,3.17805383,High,4,HighHigh,HighHigh,171,Bunny Hill,0.1375,199,211,2.326335861,5.356586275,3580.25,Low,HighLow,HighLow
175,Moz valley,48,7/7/2017,17:38,7/7/2017 17:38,7/7/2017,21:02,7/7/2017 21:02,0.141666667,3.4,29,30,1.477121255,3.401197382,High,4,HighHigh,HighHigh,178,Bunny Hill,0.140972222,12,12,1.113943352,2.564949357,3580.25,Low,HighLow,HighLow
186,Moz valley,49,7/9/2017,17:27,7/9/2017 17:27,7/9/2017,20:51,7/9/2017 20:51,0.141666667,3.4,24,25,1.397940009,3.218875825,High,4,HighHigh,HighHigh,188,Bunny Hill,0.141666667,0,0,0,0,3580.25,Low,HighLow,HighLow
207,Moz valley,50,7/10/2017,19:05,7/10/2017 19:05,7/10/2017,22:13,7/10/2017 22:13,0.130555556,3.13,28,31,1.491361694,3.433987204,High,4,HighHigh,HighHigh,204,Bunny Hill,0.132638889,0,0,0,0,3580.25,Low,HighLow,HighLow
218,Moz valley,51,7/12/2017,19:12,7/12/2017 19:12,7/12/2017,22:28,7/12/2017 22:28,0.136111111,3.27,39,42,1.62324929,3.737669618,High,4,HighHigh,HighHigh,216,Bunny Hill,0.134722222,5,5,0.77815125,1.791759469,3580.25,Low,HighLow,HighLow
220,Moz valley,52,7/14/2017,17:32,7/14/2017 17:32,7/14/2017,21:12,7/14/2017 21:12,0.152777778,3.67,36,34,1.531478917,3.526360525,High,4,HighHigh,HighHigh,223,Bunny Hill,0.152777778,76,73,1.86923172,4.304065093,3580.25,Low,HighLow,HighLow
241,Moz valley,53,7/17/2017,19:36,7/17/2017 19:36,7/17/2017,23:06,7/17/2017 23:06,0.145833333,3.5,1,1,0,0,High,4,HighHigh,HighHigh,238,Bunny Hill,0.144444444,0,0,0,0,3580.25,Low,HighLow,HighLow
253,Moz valley,54,7/19/2017,18:39,7/19/2017 18:39,7/19/2017,21:56,7/19/2017 21:56,0.136805556,3.28,45,48,1.681241237,3.871201011,High,4,HighHigh,HighHigh,250,Bunny Hill,0.136111111,22,24,1.397940009,3.218875825,3580.25,Low,HighLow,HighLow
21,VV1,8,6/8/2017,18:40,6/8/2017 18:40,6/8/2017,21:40,6/8/2017 21:40,0.125,3,32,37,1.568201724,3.610917913,High,5,HighHigh,HighHigh,20,VV2,0.125,6,7,0.903089987,2.079441542,6971,Low,MedLow,HighLow
38,VV1,16,6/13/2017,18:20,6/13/2017 18:20,6/13/2017,21:21,6/13/2017 21:21,0.125694444,3.02,61,71,1.851258349,4.262679877,High,5,HighHigh,HighHigh,37,VV2,0.126388889,231,267,2.428134794,5.590986981,6971,Low,MedLow,HighLow
54,VV1,22,6/17/2017,18:54,6/17/2017 18:54,6/17/2017,21:55,6/17/2017 21:55,0.125694444,3.02,20,23,1.361727836,3.135494216,High,5,HighHigh,HighHigh,53,VV2,0.125,0,0,0,0,6971,Low,MedLow,HighLow
57,VV1,26,6/18/2017,18:56,6/18/2017 18:56,6/18/2017,22:00,6/18/2017 22:00,0.127777778,3.07,114,130,2.113943352,4.86753445,High,5,HighHigh,HighHigh,59,VV2,0.131944444,0,0,0,0,6971,Low,MedLow,HighLow
78,VV1,33,6/22/2017,18:20,6/22/2017 18:20,6/22/2017,21:55,6/22/2017 21:55,0.149305556,3.58,410,400,2.602059991,5.991464547,High,5,HighHigh,HighHigh,77,VV2,0.149305556,293,286,2.457881897,5.659482216,6971,Low,MedLow,HighLow
90,VV1,37,6/24/2017,18:50,6/24/2017 18:50,6/24/2017,22:22,6/24/2017 22:22,0.147222222,3.53,518,513,2.710117365,6.240275845,High,5,HighHigh,HighHigh,91,VV2,0.139583333,175,183,2.264817823,5.214935758,6971,Low,MedLow,HighLow
104,VV1,41,6/28/2017,17:38,6/28/2017 17:38,6/28/2017,20:50,6/28/2017 20:50,0.133333333,3.2,37,40,1.602059991,3.688879454,High,5,HighHigh,HighHigh,103,VV2,0.133333333,28,31,1.505149978,3.465735903,6971,Low,MedLow,HighLow
124,VV1,42,6/29/2017,19:07,6/29/2017 19:07,6/29/2017,22:20,6/29/2017 22:20,0.134027778,3.22,7,8,0.903089987,2.079441542,High,5,HighHigh,HighHigh,123,VV2,0.134027778,0,0,0,0,6971,Low,MedLow,HighLow
129,VV1,44,7/2/2017,17:38,7/2/2017 17:38,7/2/2017,21:06,7/2/2017 21:06,0.144444444,3.47,0,0,0,0,High,5,HighHigh,HighHigh,128,VV2,0.145833333,0,0,0,0,6971,Low,MedLow,HighLow
149,VV1,45,7/3/2017,19:10,7/3/2017 19:10,7/3/2017,22:33,7/3/2017 22:33,0.140972222,3.38,0,0,0,0,High,5,HighHigh,HighHigh,148,VV2,0.140972222,0,0,0,0,6971,Low,MedLow,HighLow
153,VV1,46,7/5/2017,17:52,7/5/2017 17:52,7/5/2017,21:01,7/5/2017 21:01,0.13125,3.15,0,0,0,0,High,5,HighHigh,HighHigh,152,VV2,0.130555556,0,0,0,0,6971,Low,MedLow,HighLow
173,VV1,47,7/6/2017,19:06,7/6/2017 19:06,7/6/2017,22:26,7/6/2017 22:26,0.138888889,3.33,49,51,1.707570176,3.931825633,High,5,HighHigh,HighHigh,172,VV2,0.138888889,95,100,2.004321374,4.615120517,6971,Low,MedLow,HighLow
177,VV1,48,7/7/2017,17:54,7/7/2017 17:54,7/7/2017,21:16,7/7/2017 21:16,0.140277778,3.37,114,119,2.075546961,4.779123493,High,5,HighHigh,HighHigh,176,VV2,0.140277778,40,42,1.633468456,3.761200116,6971,Low,MedLow,HighLow
206,VV1,50,7/10/2017,18:59,7/10/2017 18:59,7/10/2017,22:08,7/10/2017 22:08,0.13125,3.15,1,1,0,0,High,5,HighHigh,HighHigh,205,VV2,0.13125,0,0,0,0,6971,Low,MedLow,HighLow
222,VV1,52,7/14/2017,17:46,7/14/2017 17:46,7/14/2017,21:26,7/14/2017 21:26,0.152777778,3.67,129,123,2.089905111,4.812184355,High,5,HighHigh,HighHigh,221,VV2,0.152083333,157,151,2.181843588,5.023880521,6971,Low,MedLow,HighLow
240,VV1,53,7/17/2017,19:31,7/17/2017 19:31,7/17/2017,22:59,7/17/2017 22:59,0.144444444,3.47,0,0,0,0,High,5,HighHigh,HighHigh,239,VV2,0.147222222,0,0,0,0,6971,Low,MedLow,HighLow
252,VV1,54,7/19/2017,18:34,7/19/2017 18:34,7/19/2017,21:49,7/19/2017 21:49,0.135416667,3.25,39,42,1.62324929,3.737669618,High,5,HighHigh,HighHigh,251,VV2,0.135416667,52,56,1.755874856,4.043051268,6971,Low,MedLow,HighLow
61,Seatomato,26,6/18/2017,18:20,6/18/2017 18:20,6/18/2017,21:30,6/18/2017 21:30,0.131944444,3.17,41,45,1.653212514,3.80666249,High,6,MedHigh,LowHigh,62,Camp,0.21875,143,95,1.982271233,4.564348191,1495,Low,MedLow,LowLow
75,Seatomato,33,6/22/2017,17:50,6/22/2017 17:50,6/22/2017,21:20,6/22/2017 21:20,0.145833333,3.5,241,241,2.382017043,5.484796933,High,6,MedHigh,LowHigh,80,Camp,0.149305556,9,9,1,2.302585093,1495,Low,MedLow,LowLow
88,Seatomato,37,6/24/2017,18:25,6/24/2017 18:25,6/24/2017,21:46,6/24/2017 21:46,0.139583333,3.35,24,25,1.397940009,3.218875825,High,6,MedHigh,LowHigh,93,Camp,0.142361111,195,200,2.303196057,5.303304908,1495,Low,MedLow,LowLow
107,Seatomato,41,6/28/2017,18:07,6/28/2017 18:07,6/28/2017,21:19,6/28/2017 21:19,0.133333333,3.2,428,468,2.670245853,6.148468296,High,6,MedHigh,LowHigh,106,Camp,0.132638889,555,610,2.78604121,6.415096959,1495,Low,MedLow,LowLow
120,Seatomato,42,6/29/2017,18:30,6/29/2017 18:30,6/29/2017,21:42,6/29/2017 21:42,0.133333333,3.2,75,82,1.913813852,4.406719247,High,6,MedHigh,LowHigh,121,Camp,0.133333333,62,68,1.838849091,4.234106505,1495,Low,MedLow,LowLow
132,Seatomato,44,7/2/2017,18:10,7/2/2017 18:10,7/2/2017,21:36,7/2/2017 21:36,0.143055556,3.43,0,0,0,0,High,6,MedHigh,LowHigh,131,Camp,0.140277778,0,0,0,0,1495,Low,MedLow,LowLow
145,Seatomato,45,7/3/2017,18:43,7/3/2017 18:43,7/3/2017,21:59,7/3/2017 21:59,0.136111111,3.27,0,0,0,0,High,6,MedHigh,LowHigh,146,Camp,0.145833333,0,0,0,0,1495,Low,MedLow,LowLow
156,Seatomato,46,7/5/2017,18:20,7/5/2017 18:20,7/5/2017,21:29,7/5/2017 21:29,0.13125,3.15,5,6,0.77815125,1.791759469,High,6,MedHigh,LowHigh,155,Camp,0.132638889,0,0,0,0,1495,Low,MedLow,LowLow
169,Seatomato,47,7/6/2017,18:29,7/6/2017 18:29,7/6/2017,21:47,7/6/2017 21:47,0.1375,3.3,105,111,2.045322979,4.709530201,High,6,MedHigh,LowHigh,170,Camp,0.1375,160,170,2.23299611,5.141663557,1495,Low,MedLow,LowLow
180,Seatomato,48,7/7/2017,18:26,7/7/2017 18:26,7/7/2017,21:43,7/7/2017 21:43,0.136805556,3.28,25,27,1.431363764,3.295836866,High,6,MedHigh,LowHigh,179,Camp,0.138194444,57,60,1.785329835,4.110873864,1495,Low,MedLow,LowLow
190,Seatomato,49,7/9/2017,18:15,7/9/2017 18:15,7/9/2017,21:28,7/9/2017 21:28,0.134027778,3.22,8,9,0.954242509,2.197224577,High,6,MedHigh,LowHigh,189,Camp,0.104166667,0,0,0,0,1495,Low,MedLow,LowLow
203,Seatomato,50,7/10/2017,18:28,7/10/2017 18:28,7/10/2017,21:39,7/10/2017 21:39,0.132638889,3.18,2,2,0.301029996,0.693147181,High,6,MedHigh,LowHigh,208,Camp,0.168055556,21,18,1.278753601,2.944438979,1495,Low,MedLow,LowLow
215,Seatomato,51,7/12/2017,18:26,7/12/2017 18:26,7/12/2017,21:49,7/12/2017 21:49,0.140972222,3.38,11,11,1.041392685,2.397895273,High,6,MedHigh,LowHigh,219,Camp,0.184722222,28,22,1.361727836,3.135494216,1495,Low,MedLow,LowLow
224,Seatomato,52,7/14/2017,18:13,7/14/2017 18:13,7/14/2017,21:57,7/14/2017 21:57,0.155555556,3.73,8,8,0.903089987,2.079441542,High,6,MedHigh,LowHigh,225,Camp,0.154861111,0,0,0,0,1495,Low,MedLow,LowLow
237,Seatomato,53,7/17/2017,18:57,7/17/2017 18:57,7/17/2017,22:33,7/17/2017 22:33,0.15,3.6,0,0,0,0,High,6,MedHigh,LowHigh,242,Camp,0.149305556,0,0,0,0,1495,Low,MedLow,LowLow
249,Seatomato,54,7/19/2017,18:10,7/19/2017 18:10,7/19/2017,21:23,7/19/2017 21:23,0.134027778,3.22,3,3,0.477121255,1.098612289,High,6,MedHigh,LowHigh,254,Camp,0.141666667,0,0,0,0,1495,Low,MedLow,LowLow
