ID,Site,ClosestWS,Weatherperiod,DateStart,TimeStart,Datetime_Start,DateEnd,TimeEnd,Datetime_End,Totaldays,Totalhours,Count,Count3.5,LnCount3.5
1,Oil,Airport,1,6/2/2017,17:45,6/2/2017 17:45,6/2/2017,20:50,6/2/2017 20:50,0.128472222,3.08,106,120.4545455,4.799540081
2,Kennels,Airport,1,6/2/2017,18:00,6/2/2017 18:00,6/2/2017,21:05,6/2/2017 21:05,0.128472222,3.08,1,1.136363636,0.759105148
3,KISS,Airport,1,6/2/2017,18:07,6/2/2017 18:07,6/2/2017,21:10,6/2/2017 21:10,0.127083333,3.05,1,1.147540984,0.764323459
4,Golf,Waterfall,2,6/4/2017,18:00,6/4/2017 18:00,6/4/2017,20:00,6/4/2017 20:00,0.083333333,2,0,0,0
5,Kforest,Waterfall,2,6/4/2017,18:00,6/4/2017 18:00,6/4/2017,20:00,6/4/2017 20:00,0.083333333,2,3,5.25,1.832581464
6,KISS,Airport,3,6/5/2017,15:40,6/5/2017 15:40,6/5/2017,21:20,6/5/2017 21:20,0.236111111,5.67,0,0,0
7,Oil,Airport,4,6/5/2017,18:10,6/5/2017 18:10,6/5/2017,22:00,6/5/2017 22:00,0.159722222,3.83,0,0,0
8,River over,Waterfall,4,6/5/2017,18:20,6/5/2017 18:20,6/5/2017,22:00,6/5/2017 22:00,0.152777778,3.67,0,0,0
9,Golf,Waterfall,4,6/5/2017,18:25,6/5/2017 18:25,6/5/2017,22:10,6/5/2017 22:10,0.15625,3.75,1,0.933333333,0.659245629
10,Kforest,Waterfall,4,6/5/2017,18:30,6/5/2017 18:30,6/5/2017,22:15,6/5/2017 22:15,0.15625,3.75,0,0,0
11,Camp,Waterfall,5,6/6/2017,9:00,6/6/2017 9:00,6/6/2017,11:00,6/6/2017 11:00,0.083333333,2,28,49,3.912023005
12,Golf,Waterfall,6,6/6/2017,17:48,6/6/2017 17:48,6/6/2017,21:28,6/6/2017 21:28,0.152777778,3.67,301,287.0572207,5.663159143
13,Kforest,Waterfall,6,6/6/2017,17:53,6/6/2017 17:53,6/6/2017,21:34,6/6/2017 21:34,0.153472222,3.68,397,377.5815217,5.936431431
14,Waterfall up,Waterfall,6,6/6/2017,18:05,6/6/2017 18:05,6/6/2017,21:46,6/6/2017 21:46,0.153472222,3.68,80,76.08695652,4.34493409
15,Waterfall,Waterfall,6,6/6/2017,18:11,6/6/2017 18:11,6/6/2017,21:49,6/6/2017 21:49,0.151388889,3.63,95,91.59779614,4.528265342
16,Seatomato,Waterfall,6,6/6/2017,18:21,6/6/2017 18:21,6/6/2017,22:00,6/6/2017 22:00,0.152083333,3.65,24,23.01369863,3.178624444
17,KISS,Airport,6,6/6/2017,19:45,6/6/2017 19:45,6/6/2017,21:00,6/6/2017 21:00,0.052083333,1.25,67,187.6,5.23962837
18,KISS,Airport,7,6/8/2017,13:20,6/8/2017 13:20,6/8/2017,17:30,6/8/2017 17:30,0.173611111,4.17,30,25.17985612,3.264990264
19,Seatomato,Waterfall,8,6/8/2017,18:05,6/8/2017 18:05,6/8/2017,21:05,6/8/2017 21:05,0.125,3,8,9.333333333,2.335374916
20,VV2,Vulgaris,8,6/8/2017,18:35,6/8/2017 18:35,6/8/2017,21:35,6/8/2017 21:35,0.125,3,6,7,2.079441542
21,VV1,Vulgaris,8,6/8/2017,18:40,6/8/2017 18:40,6/8/2017,21:40,6/8/2017 21:40,0.125,3,32,37.33333333,3.64631984
22,KISS,Airport,9,6/9/2017,9:30,6/9/2017 9:30,6/9/2017,12:00,6/9/2017 12:00,0.104166667,2.5,2,2.8,1.335001067
23,Kforest,Waterfall,10,6/9/2017,17:35,6/9/2017 17:35,6/9/2017,21:48,6/9/2017 21:48,0.175694444,4.22,10,8.293838863,2.229351693
24,Golf,Waterfall,10,6/9/2017,17:44,6/9/2017 17:44,6/9/2017,21:55,6/9/2017 21:55,0.174305556,4.18,0,0,0
25,Oil,Airport,10,6/9/2017,17:52,6/9/2017 17:52,6/9/2017,21:37,6/9/2017 21:37,0.15625,3.75,41,38.26666667,3.670375983
26,KISS,Airport,10,6/9/2017,18:10,6/9/2017 18:10,6/9/2017,21:25,6/9/2017 21:25,0.135416667,3.25,21,22.61538462,3.16189839
27,Waterfall,Waterfall,11,6/10/2017,18:13,6/10/2017 18:13,6/10/2017,21:35,6/10/2017 21:35,0.140277778,3.37,17,17.65578635,2.926156358
28,Waterfall up,Waterfall,11,6/10/2017,18:24,6/10/2017 18:24,6/10/2017,21:45,6/10/2017 21:45,0.139583333,3.35,12,12.53731343,2.605449831
29,Seatomato,Waterfall,11,6/10/2017,18:35,6/10/2017 18:35,6/10/2017,21:55,6/10/2017 21:55,0.138888889,3.33,24,25.22522523,3.266721742
30,KISS,Airport,12,6/11/2017,10:00,6/11/2017 10:00,6/11/2017,19:05,6/11/2017 19:05,0.378472222,9.08,83,31.99339207,3.496307301
31,KISS,Airport,13,6/12/2017,12:14,6/12/2017 12:14,6/12/2017,17:41,6/12/2017 17:41,0.227083333,5.45,104,66.78899083,4.216399805
32,Oil,Airport,14,6/12/2017,17:45,6/12/2017 17:45,6/12/2017,21:12,6/12/2017 21:12,0.14375,3.45,1120,1136.231884,7.036352417
33,Golf,Waterfall,14,6/12/2017,17:57,6/12/2017 17:57,6/12/2017,21:21,6/12/2017 21:21,0.141666667,3.4,106,109.1176471,4.701549313
34,Kforest,Waterfall,14,6/12/2017,18:02,6/12/2017 18:02,6/12/2017,21:27,6/12/2017 21:27,0.142361111,3.42,161,164.7660819,5.110577649
35,KISS,Airport,15,6/13/2017,12:11,6/13/2017 12:11,6/13/2017,16:50,6/13/2017 16:50,0.19375,4.65,190,143.0107527,4.969887968
36,Moz valley,Vulgaris,16,6/13/2017,18:05,6/13/2017 18:05,6/13/2017,21:07,6/13/2017 21:07,0.126388889,3.03,270,311.8811881,5.745823528
37,VV2,Vulgaris,16,6/13/2017,18:15,6/13/2017 18:15,6/13/2017,21:17,6/13/2017 21:17,0.126388889,3.03,231,266.8316832,5.590358735
38,VV1,Vulgaris,16,6/13/2017,18:20,6/13/2017 18:20,6/13/2017,21:21,6/13/2017 21:21,0.125694444,3.02,61,70.69536424,4.272426091
39,Bunny Hill,Vulgaris,16,6/13/2017,18:25,6/13/2017 18:25,6/13/2017,21:26,6/13/2017 21:26,0.125694444,3.02,469,543.5430464,6.299946996
40,KISS,Airport,17,6/14/2017,18:42,6/14/2017 18:42,6/14/2017,21:46,6/14/2017 21:46,0.127777778,3.07,43,49.0228013,3.912478928
41,Oil,Airport,17,6/14/2017,18:48,6/14/2017 18:48,6/14/2017,21:55,6/14/2017 21:55,0.129861111,3.12,634,711.2179487,6.568383972
42,Golf,Waterfall,17,6/14/2017,18:55,6/14/2017 18:55,6/14/2017,22:05,6/14/2017 22:05,0.131944444,3.17,259,285.9621451,5.659350308
43,Kforest,Waterfall,17,6/14/2017,19:01,6/14/2017 19:01,6/14/2017,20:20,6/14/2017 20:20,0.054861111,1.32,74,196.2121212,5.284279907
44,Waterfall up,Waterfall,18,6/15/2017,18:21,6/15/2017 18:21,6/15/2017,21:40,6/15/2017 21:40,0.138194444,3.32,28,29.51807229,3.418319042
45,Waterfall,Waterfall,18,6/15/2017,18:30,6/15/2017 18:30,6/15/2017,21:57,6/15/2017 21:57,0.14375,3.45,141,143.0434783,4.970115186
46,Seatomato,Waterfall,18,6/15/2017,18:40,6/15/2017 18:40,6/15/2017,22:05,6/15/2017 22:05,0.142361111,3.42,129,132.0175439,4.890481028
47,KISS,Airport,19,6/16/2017,14:00,6/16/2017 14:00,6/16/2017,21:30,6/16/2017 21:30,0.3125,7.5,62,28.93333333,3.398972687
48,Oil,Airport,20,6/16/2017,18:20,6/16/2017 18:20,6/16/2017,21:40,6/16/2017 21:40,0.138888889,3.33,41,43.09309309,3.786303151
49,Golf,Waterfall,20,6/16/2017,18:28,6/16/2017 18:28,6/16/2017,21:50,6/16/2017 21:50,0.140277778,3.37,5,5.192878338,1.823399977
50,Kforest,Waterfall,20,6/16/2017,18:32,6/16/2017 18:32,6/16/2017,21:55,6/16/2017 21:55,0.140972222,3.38,10,10.35502959,2.429660781
51,KISS,Airport,21,6/17/2017,13:30,6/17/2017 13:30,6/17/2017,18:00,6/17/2017 18:00,0.1875,4.5,79,61.44444444,4.134277273
52,Moz valley,Vulgaris,22,6/17/2017,18:39,6/17/2017 18:39,6/17/2017,21:42,6/17/2017 21:42,0.127083333,3.05,0,0,0
53,VV2,Vulgaris,22,6/17/2017,18:50,6/17/2017 18:50,6/17/2017,21:50,6/17/2017 21:50,0.125,3,0,0,0
54,VV1,Vulgaris,22,6/17/2017,18:54,6/17/2017 18:54,6/17/2017,21:55,6/17/2017 21:55,0.125694444,3.02,20,23.17880795,3.185476545
55,Bunny Hill,Vulgaris,22,6/17/2017,19:00,6/17/2017 19:00,6/17/2017,22:00,6/17/2017 22:00,0.125,3,3,3.5,1.504077397
56,KISS,Airport,25,6/18/2017,13:00,6/18/2017 13:00,6/18/2017,18:00,6/18/2017 18:00,0.208333333,5,680,476,6.167516491
57,VV1,Vulgaris,26,6/18/2017,18:56,6/18/2017 18:56,6/18/2017,22:00,6/18/2017 22:00,0.127777778,3.07,114,129.9674267,4.874948641
58,Bunny Hill,Vulgaris,26,6/18/2017,19:00,6/18/2017 19:00,6/18/2017,22:12,6/18/2017 22:12,0.133333333,3.2,56,61.25,4.131158535
59,VV2,Vulgaris,26,6/18/2017,18:50,6/18/2017 18:50,6/18/2017,22:00,6/18/2017 22:00,0.131944444,3.17,0,0,0
60,Moz valley,Vulgaris,26,6/18/2017,18:40,6/18/2017 18:40,6/18/2017,22:12,6/18/2017 22:12,0.147222222,3.53,89,88.24362606,4.491370001
61,Seatomato,Waterfall,26,6/18/2017,18:20,6/18/2017 18:20,6/18/2017,21:30,6/18/2017 21:30,0.131944444,3.17,41,45.2681388,3.834453577
62,Camp,Waterfall,26,6/18/2017,17:15,6/18/2017 17:15,6/18/2017,22:30,6/18/2017 22:30,0.21875,5.25,143,95.33333333,4.567814399
63,KISS,Airport,27,6/19/2017,12:15,6/19/2017 12:15,6/19/2017,19:09,6/19/2017 19:09,0.2875,6.9,0,0,0
64,KISS,Airport,28,6/20/2017,13:45,6/20/2017 13:45,6/20/2017,18:35,6/20/2017 18:35,0.201388889,4.83,16,11.5942029,2.533236621
65,Kforest,Waterfall,29,6/20/2017,18:10,6/20/2017 18:10,6/20/2017,21:57,6/20/2017 21:57,0.157638889,3.78,202,187.037037,5.236638949
66,Oil,Airport,29,6/20/2017,18:25,6/20/2017 18:25,6/20/2017,21:44,6/20/2017 21:44,0.138194444,3.32,289,304.6686747,5.722501753
67,KISS,Airport,29,6/20/2017,18:36,6/20/2017 18:36,6/20/2017,21:17,6/20/2017 21:17,0.111805556,2.68,83,108.3955224,4.69496996
68,KISS,Airport,30,6/21/2017,15:00,6/21/2017 15:00,6/21/2017,20:38,6/21/2017 20:38,0.234722222,5.63,41,25.48845471,3.276708967
69,Oil,Airport,31,6/21/2017,17:43,6/21/2017 17:43,6/21/2017,21:03,6/21/2017 21:03,0.138888889,3.33,29,30.48048048,3.449367686
70,Golf,Waterfall,31,6/21/2017,17:50,6/21/2017 17:50,6/21/2017,21:15,6/21/2017 21:15,0.142361111,3.42,6,6.140350877,1.965761918
71,Kforest,Waterfall,31,6/21/2017,17:55,6/21/2017 17:55,6/21/2017,21:20,6/21/2017 21:20,0.142361111,3.42,15,15.35087719,2.794281547
72,Waterfall up,Waterfall,31,6/21/2017,18:05,6/21/2017 18:05,6/21/2017,21:29,6/21/2017 21:29,0.141666667,3.4,7,7.205882353,2.104851257
73,Waterfall,Waterfall,31,6/21/2017,18:15,6/21/2017 18:15,6/21/2017,21:33,6/21/2017 21:33,0.1375,3.3,8,8.484848485,2.249695629
74,KISS,Airport,32,6/22/2017,10:00,6/22/2017 10:00,6/22/2017,17:15,6/22/2017 17:15,0.302083333,7.25,93,44.89655172,3.826389988
75,Seatomato,Waterfall,33,6/22/2017,17:50,6/22/2017 17:50,6/22/2017,21:20,6/22/2017 21:20,0.145833333,3.5,241,241,5.488937726
76,Moz valley,Vulgaris,33,6/22/2017,18:07,6/22/2017 18:07,6/22/2017,21:34,6/22/2017 21:34,0.14375,3.45,63,63.91304348,4.173048582
77,VV2,Vulgaris,33,6/22/2017,18:15,6/22/2017 18:15,6/22/2017,21:50,6/22/2017 21:50,0.149305556,3.58,293,286.452514,5.661057678
78,VV1,Vulgaris,33,6/22/2017,18:20,6/22/2017 18:20,6/22/2017,21:55,6/22/2017 21:55,0.149305556,3.58,410,400.8379888,5.996048995
79,Bunny Hill,Vulgaris,33,6/22/2017,18:25,6/22/2017 18:25,6/22/2017,22:05,6/22/2017 22:05,0.152777778,3.67,88,83.92370572,4.441753274
80,Camp,Waterfall,33,6/22/2017,18:35,6/22/2017 18:35,6/22/2017,22:10,6/22/2017 22:10,0.149305556,3.58,9,8.798882682,2.282268367
81,KISS,Airport,34,6/23/2017,14:00,6/23/2017 14:00,6/23/2017,21:30,6/23/2017 21:30,0.3125,7.5,102,47.6,3.883623531
82,Kforest,Waterfall,35,6/23/2017,18:03,6/23/2017 18:03,6/23/2017,21:07,6/23/2017 21:07,0.127777778,3.07,367,418.4039088,6.038834438
83,Golf,Waterfall,35,6/23/2017,18:08,6/23/2017 18:08,6/23/2017,21:15,6/23/2017 21:15,0.129861111,3.12,295,330.9294872,5.804922558
84,Oil,Airport,35,6/23/2017,18:16,6/23/2017 18:16,6/23/2017,21:22,6/23/2017 21:22,0.129166667,3.1,672,758.7096774,6.632936357
85,KISS,Airport,36,6/24/2017,11:30,6/24/2017 11:30,6/24/2017,18:10,6/24/2017 18:10,0.277777778,6.67,194,101.7991004,4.632776602
86,Waterfall up,Waterfall,37,6/24/2017,18:05,6/24/2017 18:05,6/24/2017,21:30,6/24/2017 21:30,0.142361111,3.42,55,56.28654971,4.048065862
87,Waterfall,Waterfall,37,6/24/2017,18:07,6/24/2017 18:07,6/24/2017,21:38,6/24/2017 21:38,0.146527778,3.52,164,163.0681818,5.100282084
88,Seatomato,Waterfall,37,6/24/2017,18:25,6/24/2017 18:25,6/24/2017,21:46,6/24/2017 21:46,0.139583333,3.35,24,25.07462687,3.260962691
89,Moz valley,Vulgaris,37,6/24/2017,18:45,6/24/2017 18:45,6/24/2017,22:05,6/24/2017 22:05,0.138888889,3.33,115,120.8708709,4.802962049
90,VV1,Vulgaris,37,6/24/2017,18:50,6/24/2017 18:50,6/24/2017,22:22,6/24/2017 22:22,0.147222222,3.53,518,513.5977337,6.243385496
91,VV2,Vulgaris,37,6/24/2017,18:55,6/24/2017 18:55,6/24/2017,22:16,6/24/2017 22:16,0.139583333,3.35,175,182.8358209,5.214043082
92,Bunny Hill,Vulgaris,37,6/24/2017,19:02,6/24/2017 19:02,6/24/2017,22:28,6/24/2017 22:28,0.143055556,3.43,177,180.6122449,5.201873892
93,Camp,Waterfall,37,6/24/2017,19:20,6/24/2017 19:20,6/24/2017,22:45,6/24/2017 22:45,0.142361111,3.42,195,199.5614035,5.301120452
94,Waterfall up,Waterfall,38,6/25/2017,18:18,6/25/2017 18:18,6/25/2017,21:25,6/25/2017 21:25,0.129861111,3.12,14,15.70512821,2.81571575
95,Waterfall,Waterfall,38,6/25/2017,18:15,6/25/2017 18:15,6/25/2017,21:37,6/25/2017 21:37,0.140277778,3.37,161,167.2106825,5.125217256
96,Seatomato,Waterfall,38,6/25/2017,18:34,6/25/2017 18:34,6/25/2017,21:46,6/25/2017 21:46,0.133333333,3.2,193,211.09375,5.357028394
97,Oil,Airport,39,6/26/2017,18:05,6/26/2017 18:05,6/26/2017,21:15,6/26/2017 21:15,0.131944444,3.17,123,135.8044164,4.918552288
98,Golf,Waterfall,39,6/26/2017,18:12,6/26/2017 18:12,6/26/2017,21:28,6/26/2017 21:28,0.136111111,3.27,63,67.43119266,4.225828754
99,Kforest,Waterfall,39,6/26/2017,18:15,6/26/2017 18:15,6/26/2017,21:32,6/26/2017 21:32,0.136805556,3.28,70,74.69512195,4.326713719
100,KISS,Airport,39,6/26/2017,18:00,6/26/2017 18:00,6/26/2017,21:00,6/26/2017 21:00,0.125,3,14,16.33333333,2.85263143
101,KISS,Airport,40,6/27/2017,11:30,6/27/2017 11:30,6/27/2017,18:00,6/27/2017 18:00,0.270833333,6.5,0,0,0
102,Moz valley,Vulgaris,41,6/28/2017,17:23,6/28/2017 17:23,6/28/2017,20:38,6/28/2017 20:38,0.135416667,3.25,55,59.23076923,4.098183339
103,VV2,Vulgaris,41,6/28/2017,17:33,6/28/2017 17:33,6/28/2017,20:45,6/28/2017 20:45,0.133333333,3.2,28,30.625,3.453947947
104,VV1,Vulgaris,41,6/28/2017,17:38,6/28/2017 17:38,6/28/2017,20:50,6/28/2017 20:50,0.133333333,3.2,37,40.46875,3.724940132
105,Bunny Hill,Vulgaris,41,6/28/2017,17:42,6/28/2017 17:42,6/28/2017,20:56,6/28/2017 20:56,0.134722222,3.23,149,161.4551084,5.090401707
106,Camp,Waterfall,41,6/28/2017,17:58,6/28/2017 17:58,6/28/2017,21:09,6/28/2017 21:09,0.132638889,3.18,555,610.8490566,6.416485613
107,Seatomato,Waterfall,41,6/28/2017,18:07,6/28/2017 18:07,6/28/2017,21:19,6/28/2017 21:19,0.133333333,3.2,428,468.125,6.150869257
108,Waterfall,Waterfall,41,6/28/2017,18:21,6/28/2017 18:21,6/28/2017,21:30,6/28/2017 21:30,0.13125,3.15,418,464.4444444,6.142992744
109,Waterfall up,Waterfall,41,6/28/2017,18:32,6/28/2017 18:32,6/28/2017,21:42,6/28/2017 21:42,0.131944444,3.17,220,242.9022082,5.496767359
110,Kforest,Waterfall,41,6/28/2017,18:43,6/28/2017 18:43,6/28/2017,21:53,6/28/2017 21:53,0.131944444,3.17,264,291.4826498,5.678405348
111,Golf,Waterfall,41,6/28/2017,18:47,6/28/2017 18:47,6/28/2017,22:00,6/28/2017 22:00,0.134027778,3.22,83,90.2173913,4.513245573
112,Oil,Airport,41,6/28/2017,18:57,6/28/2017 18:57,6/28/2017,22:07,6/28/2017 22:07,0.131944444,3.17,771,851.2618297,6.747893791
113,KISS,Airport,41,6/28/2017,19:03,6/28/2017 19:03,6/28/2017,22:13,6/28/2017 22:13,0.131944444,3.17,47,51.89274448,3.968266174
114,KISS,Airport,42,6/29/2017,17:39,6/29/2017 17:39,6/29/2017,20:47,6/29/2017 20:47,0.130555556,3.13,59,65.97444089,4.204311067
115,Oil,Airport,42,6/29/2017,17:43,6/29/2017 17:43,6/29/2017,20:54,6/29/2017 20:54,0.132638889,3.18,98,107.8616352,4.690077674
116,Golf,Waterfall,42,6/29/2017,17:53,6/29/2017 17:53,6/29/2017,21:03,6/29/2017 21:03,0.131944444,3.17,11,12.14511041,2.576049858
117,Kforest,Waterfall,42,6/29/2017,17:59,6/29/2017 17:59,6/29/2017,21:09,6/29/2017 21:09,0.131944444,3.17,32,35.33123028,3.59267771
118,Waterfall up,Waterfall,42,6/29/2017,18:09,6/29/2017 18:09,6/29/2017,21:18,6/29/2017 21:18,0.13125,3.15,2,2.222222222,1.170071253
119,Waterfall,Waterfall,42,6/29/2017,18:19,6/29/2017 18:19,6/29/2017,21:29,6/29/2017 21:29,0.131944444,3.17,8,8.832807571,2.285724506
120,Seatomato,Waterfall,42,6/29/2017,18:30,6/29/2017 18:30,6/29/2017,21:42,6/29/2017 21:42,0.133333333,3.2,75,82.03125,4.419217043
121,Camp,Waterfall,42,6/29/2017,18:38,6/29/2017 18:38,6/29/2017,21:50,6/29/2017 21:50,0.133333333,3.2,62,67.8125,4.231385414
122,Bunny Hill,Vulgaris,42,6/29/2017,18:52,6/29/2017 18:52,6/29/2017,22:04,6/29/2017 22:04,0.133333333,3.2,38,41.5625,3.750973584
123,VV2,Vulgaris,42,6/29/2017,19:02,6/29/2017 19:02,6/29/2017,22:15,6/29/2017 22:15,0.134027778,3.22,0,0,0
124,VV1,Vulgaris,42,6/29/2017,19:07,6/29/2017 19:07,6/29/2017,22:20,6/29/2017 22:20,0.134027778,3.22,7,7.608695652,2.152772815
125,Moz valley,Vulgaris,42,6/29/2017,19:13,6/29/2017 19:13,6/29/2017,22:24,6/29/2017 22:24,0.132638889,3.18,44,48.42767296,3.900510449
126,Oil,Airport,43,6/30/2017,14:57,6/30/2017 14:57,6/30/2017,20:34,6/30/2017 20:34,0.234027778,5.62,30,18.68327402,2.979769241
127,Moz valley,Vulgaris,44,7/2/2017,17:25,7/2/2017 17:25,7/2/2017,20:52,7/2/2017 20:52,0.14375,3.45,1,1.014492754,0.700367429
128,VV2,Vulgaris,44,7/2/2017,17:32,7/2/2017 17:32,7/2/2017,21:02,7/2/2017 21:02,0.145833333,3.5,0,0,0
129,VV1,Vulgaris,44,7/2/2017,17:38,7/2/2017 17:38,7/2/2017,21:06,7/2/2017 21:06,0.144444444,3.47,0,0,0
130,Bunny Hill,Vulgaris,44,7/2/2017,17:43,7/2/2017 17:43,7/2/2017,21:12,7/2/2017 21:12,0.145138889,3.48,0,0,0
131,Camp,Waterfall,44,7/2/2017,18:04,7/2/2017 18:04,7/2/2017,21:26,7/2/2017 21:26,0.140277778,3.37,0,0,0
132,Seatomato,Waterfall,44,7/2/2017,18:10,7/2/2017 18:10,7/2/2017,21:36,7/2/2017 21:36,0.143055556,3.43,0,0,0
133,Waterfall,Waterfall,44,7/2/2017,18:21,7/2/2017 18:21,7/2/2017,21:48,7/2/2017 21:48,0.14375,3.45,0,0,0
134,Waterfall up,Waterfall,44,7/2/2017,18:32,7/2/2017 18:32,7/2/2017,22:00,7/2/2017 22:00,0.144444444,3.47,0,0,0
135,Kforest,Waterfall,44,7/2/2017,18:43,7/2/2017 18:43,7/2/2017,22:11,7/2/2017 22:11,0.144444444,3.47,0,0,0
136,Golf,Waterfall,44,7/2/2017,18:49,7/2/2017 18:49,7/2/2017,22:17,7/2/2017 22:17,0.144444444,3.47,0,0,0
137,Oil,Airport,44,7/2/2017,18:57,7/2/2017 18:57,7/2/2017,22:25,7/2/2017 22:25,0.144444444,3.47,0,0,0
138,KISS,Airport,44,7/2/2017,19:03,7/2/2017 19:03,7/2/2017,22:31,7/2/2017 22:31,0.144444444,3.47,0,0,0
139,KISS,Airport,45,7/3/2017,17:53,7/3/2017 17:53,7/3/2017,21:08,7/3/2017 21:08,0.135416667,3.25,0,0,0
140,Oil,Airport,45,7/3/2017,18:00,7/3/2017 18:00,7/3/2017,21:16,7/3/2017 21:16,0.136111111,3.27,0,0,0
141,Golf,Waterfall,45,7/3/2017,18:08,7/3/2017 18:08,7/3/2017,21:26,7/3/2017 21:26,0.1375,3.3,0,0,0
142,Kforest,Waterfall,45,7/3/2017,18:13,7/3/2017 18:13,7/3/2017,21:32,7/3/2017 21:32,0.138194444,3.32,4,4.21686747,1.65189712
143,Waterfall up,Waterfall,45,7/3/2017,18:23,7/3/2017 18:23,7/3/2017,21:47,7/3/2017 21:47,0.141666667,3.4,0,0,0
144,Waterfall,Waterfall,45,7/3/2017,18:33,7/3/2017 18:33,7/3/2017,21:49,7/3/2017 21:49,0.136111111,3.27,2,2.140672783,1.144437039
145,Seatomato,Waterfall,45,7/3/2017,18:43,7/3/2017 18:43,7/3/2017,21:59,7/3/2017 21:59,0.136111111,3.27,0,0,0
146,Camp,Waterfall,45,7/3/2017,19:30,7/3/2017 19:30,7/3/2017,23:00,7/3/2017 23:00,0.145833333,3.5,0,0,0
147,Bunny Hill,Vulgaris,45,7/3/2017,18:56,7/3/2017 18:56,7/3/2017,22:16,7/3/2017 22:16,0.138888889,3.33,19,19.96996997,3.043091413
148,VV2,Vulgaris,45,7/3/2017,19:05,7/3/2017 19:05,7/3/2017,22:28,7/3/2017 22:28,0.140972222,3.38,0,0,0
149,VV1,Vulgaris,45,7/3/2017,19:10,7/3/2017 19:10,7/3/2017,22:33,7/3/2017 22:33,0.140972222,3.38,0,0,0
150,Moz valley,Vulgaris,45,7/3/2017,19:16,7/3/2017 19:16,7/3/2017,22:41,7/3/2017 22:41,0.142361111,3.42,21,21.49122807,3.11312537
151,Moz valley,Vulgaris,46,7/5/2017,17:38,7/5/2017 17:38,7/5/2017,20:49,7/5/2017 20:49,0.132638889,3.18,0,0,0
152,VV2,Vulgaris,46,7/5/2017,17:48,7/5/2017 17:48,7/5/2017,20:56,7/5/2017 20:56,0.130555556,3.13,0,0,0
153,VV1,Vulgaris,46,7/5/2017,17:52,7/5/2017 17:52,7/5/2017,21:01,7/5/2017 21:01,0.13125,3.15,0,0,0
154,Bunny Hill,Vulgaris,46,7/5/2017,17:57,7/5/2017 17:57,7/5/2017,21:08,7/5/2017 21:08,0.132638889,3.18,0,0,0
155,Camp,Waterfall,46,7/5/2017,18:11,7/5/2017 18:11,7/5/2017,21:22,7/5/2017 21:22,0.132638889,3.18,0,0,0
156,Seatomato,Waterfall,46,7/5/2017,18:20,7/5/2017 18:20,7/5/2017,21:29,7/5/2017 21:29,0.13125,3.15,5,5.555555556,1.880312867
157,Waterfall,Waterfall,46,7/5/2017,18:33,7/5/2017 18:33,7/5/2017,21:41,7/5/2017 21:41,0.130555556,3.13,0,0,0
158,Waterfall up,Waterfall,46,7/5/2017,18:42,7/5/2017 18:42,7/5/2017,21:52,7/5/2017 21:52,0.131944444,3.17,0,0,0
159,Kforest,Waterfall,46,7/5/2017,18:53,7/5/2017 18:53,7/5/2017,22:00,7/5/2017 22:00,0.129861111,3.12,21,23.55769231,3.201025137
160,Golf,Waterfall,46,7/5/2017,18:58,7/5/2017 18:58,7/5/2017,22:08,7/5/2017 22:08,0.131944444,3.17,4,4.416403785,1.689432087
161,Oil,Airport,46,7/5/2017,19:04,7/5/2017 19:04,7/5/2017,22:23,7/5/2017 22:23,0.138194444,3.32,5,5.271084337,1.83594928
162,KISS,Airport,46,7/5/2017,19:10,7/5/2017 19:10,7/5/2017,22:30,7/5/2017 22:30,0.138888889,3.33,0,0,0
163,KISS,Airport,47,7/6/2017,17:35,7/6/2017 17:35,7/6/2017,20:46,7/6/2017 20:46,0.132638889,3.18,160,176.1006289,5.176718096
164,Oil,Airport,47,7/6/2017,17:42,7/6/2017 17:42,7/6/2017,20:52,7/6/2017 20:52,0.131944444,3.17,117,129.1798107,4.868916654
165,Golf,Waterfall,47,7/6/2017,17:51,7/6/2017 17:51,7/6/2017,21:05,7/6/2017 21:05,0.134722222,3.23,76,82.35294118,4.423083896
166,Kforest,Waterfall,47,7/6/2017,17:57,7/6/2017 17:57,7/6/2017,21:09,7/6/2017 21:09,0.133333333,3.2,120,131.25,4.884694071
167,Waterfall up,Waterfall,47,7/6/2017,18:08,7/6/2017 18:08,7/6/2017,21:20,7/6/2017 21:20,0.133333333,3.2,88,96.25,4.577284982
168,Waterfall,Waterfall,47,7/6/2017,18:17,7/6/2017 18:17,7/6/2017,21:30,7/6/2017 21:30,0.134027778,3.22,182,197.826087,5.292430508
169,Seatomato,Waterfall,47,7/6/2017,18:29,7/6/2017 18:29,7/6/2017,21:47,7/6/2017 21:47,0.1375,3.3,105,111.3636364,4.721740365
170,Camp,Waterfall,47,7/6/2017,18:37,7/6/2017 18:37,7/6/2017,21:55,7/6/2017 21:55,0.1375,3.3,160,169.6969697,5.139889877
171,Bunny Hill,Vulgaris,47,7/6/2017,18:52,7/6/2017 18:52,7/6/2017,22:10,7/6/2017 22:10,0.1375,3.3,199,211.0606061,5.356872111
172,VV2,Vulgaris,47,7/6/2017,19:01,7/6/2017 19:01,7/6/2017,22:21,7/6/2017 22:21,0.138888889,3.33,95,99.84984985,4.613632776
173,VV1,Vulgaris,47,7/6/2017,19:06,7/6/2017 19:06,7/6/2017,22:26,7/6/2017 22:26,0.138888889,3.33,49,51.5015015,3.960841769
174,Moz valley,Vulgaris,47,7/6/2017,19:09,7/6/2017 19:09,7/6/2017,22:30,7/6/2017 22:30,0.139583333,3.35,23,24.02985075,3.220069142
175,Moz valley,Vulgaris,48,7/7/2017,17:38,7/7/2017 17:38,7/7/2017,21:02,7/7/2017 21:02,0.141666667,3.4,29,29.85294118,3.429232084
176,VV2,Vulgaris,48,7/7/2017,17:49,7/7/2017 17:49,7/7/2017,21:11,7/7/2017 21:11,0.140277778,3.37,40,41.54302671,3.750515957
177,VV1,Vulgaris,48,7/7/2017,17:54,7/7/2017 17:54,7/7/2017,21:16,7/7/2017 21:16,0.140277778,3.37,114,118.3976261,4.782459319
178,Bunny Hill,Vulgaris,48,7/7/2017,18:00,7/7/2017 18:00,7/7/2017,21:23,7/7/2017 21:23,0.140972222,3.38,12,12.4260355,2.59719577
179,Camp,Waterfall,48,7/7/2017,18:16,7/7/2017 18:16,7/7/2017,21:35,7/7/2017 21:35,0.138194444,3.32,57,60.09036145,4.112354103
180,Seatomato,Waterfall,48,7/7/2017,18:26,7/7/2017 18:26,7/7/2017,21:43,7/7/2017 21:43,0.136805556,3.28,25,26.67682927,3.320595575
181,Waterfall,Waterfall,48,7/7/2017,18:38,7/7/2017 18:38,7/7/2017,21:56,7/7/2017 21:56,0.1375,3.3,56,59.39393939,4.100888759
182,Waterfall up,Waterfall,48,7/7/2017,18:49,7/7/2017 18:49,7/7/2017,22:12,7/7/2017 22:12,0.140972222,3.38,40,41.42011834,3.747622739
183,Kforest,Waterfall,48,7/7/2017,19:02,7/7/2017 19:02,7/7/2017,22:25,7/7/2017 22:25,0.140972222,3.38,103,106.6568047,4.678948433
184,Golf,Waterfall,48,7/7/2017,19:08,7/7/2017 19:08,7/7/2017,22:30,7/7/2017 22:30,0.140277778,3.37,17,17.65578635,2.926156358
185,KISS,Airport,48,7/7/2017,19:22,7/7/2017 19:22,7/7/2017,22:43,7/7/2017 22:43,0.139583333,3.35,11,11.49253731,2.525131451
186,Moz valley,Vulgaris,49,7/9/2017,17:27,7/9/2017 17:27,7/9/2017,20:51,7/9/2017 20:51,0.141666667,3.4,24,24.70588235,3.246719851
187,VV2,Vulgaris,49,7/9/2017,17:38,7/9/2017 17:38,7/9/2017,21:00,7/9/2017 21:00,0.140277778,3.37,0,0,0
188,Bunny Hill,Vulgaris,49,7/9/2017,17:48,7/9/2017 17:48,7/9/2017,21:12,7/9/2017 21:12,0.141666667,3.4,0,0,0
189,Camp,Waterfall,49,7/9/2017,21:00,7/9/2017 21:00,7/9/2017,23:30,7/9/2017 23:30,0.104166667,2.5,0,0,0
190,Seatomato,Waterfall,49,7/9/2017,18:15,7/9/2017 18:15,7/9/2017,21:28,7/9/2017 21:28,0.134027778,3.22,8,8.695652174,2.271677556
191,Waterfall,Waterfall,49,7/9/2017,18:27,7/9/2017 18:27,7/9/2017,21:40,7/9/2017 21:40,0.134027778,3.22,4,4.347826087,1.676690139
192,Waterfall up,Waterfall,49,7/9/2017,18:37,7/9/2017 18:37,7/9/2017,21:52,7/9/2017 21:52,0.135416667,3.25,0,0,0
193,Kforest,Waterfall,49,7/9/2017,18:46,7/9/2017 18:46,7/9/2017,22:10,7/9/2017 22:10,0.141666667,3.4,8,8.235294118,2.223032461
194,Golf,Waterfall,49,7/9/2017,18:52,7/9/2017 18:52,7/9/2017,22:17,7/9/2017 22:17,0.142361111,3.42,10,10.23391813,2.418937606
195,Oil,Airport,49,7/9/2017,19:02,7/9/2017 19:02,7/9/2017,22:26,7/9/2017 22:26,0.141666667,3.4,21,21.61764706,3.118730445
196,KISS,Airport,49,7/9/2017,19:09,7/9/2017 19:09,7/9/2017,22:37,7/9/2017 22:37,0.144444444,3.47,13,13.11239193,2.647053272
197,KISS,Airport,50,7/10/2017,17:34,7/10/2017 17:34,7/10/2017,20:50,7/10/2017 20:50,0.136111111,3.27,28,29.96941896,3.433000232
198,Oil,Airport,50,7/10/2017,17:41,7/10/2017 17:41,7/10/2017,20:58,7/10/2017 20:58,0.136805556,3.28,34,36.2804878,3.618470075
199,Golf,Waterfall,50,7/10/2017,17:50,7/10/2017 17:50,7/10/2017,21:06,7/10/2017 21:06,0.136111111,3.27,23,24.617737,3.243284963
200,Kforest,Waterfall,50,7/10/2017,17:56,7/10/2017 17:56,7/10/2017,21:14,7/10/2017 21:14,0.1375,3.3,79,83.78787879,4.440152594
201,Waterfall up,Waterfall,50,7/10/2017,18:07,7/10/2017 18:07,7/10/2017,21:26,7/10/2017 21:26,0.138194444,3.32,3,3.162650602,1.426152035
202,Waterfall,Waterfall,50,7/10/2017,18:16,7/10/2017 18:16,7/10/2017,21:28,7/10/2017 21:28,0.133333333,3.2,14,15.3125,2.791931685
203,Seatomato,Waterfall,50,7/10/2017,18:28,7/10/2017 18:28,7/10/2017,21:39,7/10/2017 21:39,0.132638889,3.18,2,2.201257862,1.163543814
204,Bunny Hill,Vulgaris,50,7/10/2017,18:43,7/10/2017 18:43,7/10/2017,21:54,7/10/2017 21:54,0.132638889,3.18,0,0,0
205,VV2,Vulgaris,50,7/10/2017,18:54,7/10/2017 18:54,7/10/2017,22:03,7/10/2017 22:03,0.13125,3.15,0,0,0
206,VV1,Vulgaris,50,7/10/2017,18:59,7/10/2017 18:59,7/10/2017,22:08,7/10/2017 22:08,0.13125,3.15,1,1.111111111,0.747214402
207,Moz valley,Vulgaris,50,7/10/2017,19:05,7/10/2017 19:05,7/10/2017,22:13,7/10/2017 22:13,0.130555556,3.13,28,31.30990415,3.475373813
208,Camp,Waterfall,50,7/10/2017,19:28,7/10/2017 19:28,7/10/2017,23:30,7/10/2017 23:30,0.168055556,4.03,21,18.2382134,2.956898582
209,KISS,Airport,51,7/12/2017,17:28,7/12/2017 17:28,7/12/2017,20:50,7/12/2017 20:50,0.140277778,3.37,2,2.077151335,1.124004278
210,Oil,Airport,51,7/12/2017,17:35,7/12/2017 17:35,7/12/2017,21:01,7/12/2017 21:01,0.143055556,3.43,2,2.040816327,1.112126008
211,Golf,Waterfall,51,7/12/2017,17:46,7/12/2017 17:46,7/12/2017,21:09,7/12/2017 21:09,0.140972222,3.38,0,0,0
212,Kforest,Waterfall,51,7/12/2017,17:53,7/12/2017 17:53,7/12/2017,21:16,7/12/2017 21:16,0.140972222,3.38,34,35.20710059,3.589255249
213,Waterfall up,Waterfall,51,7/12/2017,18:05,7/12/2017 18:05,7/12/2017,21:28,7/12/2017 21:28,0.140972222,3.38,5,5.177514793,1.820916054
214,Waterfall,Waterfall,51,7/12/2017,18:14,7/12/2017 18:14,7/12/2017,21:37,7/12/2017 21:37,0.140972222,3.38,24,24.85207101,3.252390714
215,Seatomato,Waterfall,51,7/12/2017,18:26,7/12/2017 18:26,7/12/2017,21:49,7/12/2017 21:49,0.140972222,3.38,11,11.39053254,2.516932677
216,Bunny Hill,Vulgaris,51,7/12/2017,18:51,7/12/2017 18:51,7/12/2017,22:05,7/12/2017 22:05,0.134722222,3.23,5,5.417956656,1.859099789
217,VV1,Vulgaris,51,7/12/2017,19:07,7/12/2017 19:07,7/12/2017,22:20,7/12/2017 22:20,0.134027778,3.22,59,64.13043478,4.176391948
218,Moz valley,Vulgaris,51,7/12/2017,19:12,7/12/2017 19:12,7/12/2017,22:28,7/12/2017 22:28,0.136111111,3.27,39,41.74311927,3.75520823
219,Camp,Waterfall,51,7/12/2017,18:34,7/12/2017 18:34,7/12/2017,23:00,7/12/2017 23:00,0.184722222,4.43,28,22.12189616,3.140780054
220,Moz valley,Vulgaris,52,7/14/2017,17:32,7/14/2017 17:32,7/14/2017,21:12,7/14/2017 21:12,0.152777778,3.67,36,34.33242507,3.564801099
221,VV2,Vulgaris,52,7/14/2017,17:41,7/14/2017 17:41,7/14/2017,21:20,7/14/2017 21:20,0.152083333,3.65,157,150.5479452,5.020902045
222,VV1,Vulgaris,52,7/14/2017,17:46,7/14/2017 17:46,7/14/2017,21:26,7/14/2017 21:26,0.152777778,3.67,129,123.0245232,4.820479313
223,Bunny Hill,Vulgaris,52,7/14/2017,17:53,7/14/2017 17:53,7/14/2017,21:33,7/14/2017 21:33,0.152777778,3.67,76,72.47956403,4.297007327
224,Seatomato,Waterfall,52,7/14/2017,18:13,7/14/2017 18:13,7/14/2017,21:57,7/14/2017 21:57,0.155555556,3.73,8,7.506702413,2.140854372
225,Camp,Waterfall,52,7/14/2017,18:05,7/14/2017 18:05,7/14/2017,21:48,7/14/2017 21:48,0.154861111,3.72,0,0,0
226,Waterfall,Waterfall,52,7/14/2017,18:23,7/14/2017 18:23,7/14/2017,22:09,7/14/2017 22:09,0.156944444,3.77,0,0,0
227,Waterfall up,Waterfall,52,7/14/2017,18:32,7/14/2017 18:32,7/14/2017,22:20,7/14/2017 22:20,0.158333333,3.8,3,2.763157895,1.325258471
228,Kforest,Waterfall,52,7/14/2017,18:42,7/14/2017 18:42,7/14/2017,22:31,7/14/2017 22:31,0.159027778,3.82,2,1.832460733,1.041145851
229,Oil,Airport,52,7/14/2017,18:58,7/14/2017 18:58,7/14/2017,22:47,7/14/2017 22:47,0.159027778,3.82,1,0.916230366,0.650359905
230,KISS,Airport,52,7/14/2017,19:05,7/14/2017 19:05,7/14/2017,22:54,7/14/2017 22:54,0.159027778,3.82,0,0,0
231,KISS,Airport,53,7/17/2017,17:40,7/17/2017 17:40,7/17/2017,21:15,7/17/2017 21:15,0.149305556,3.58,11,10.75418994,2.464209768
232,Oil,Airport,53,7/17/2017,18:10,7/17/2017 18:10,7/17/2017,21:36,7/17/2017 21:36,0.143055556,3.43,7,7.142857143,2.097141119
233,Golf,Waterfall,53,7/17/2017,18:18,7/17/2017 18:18,7/17/2017,21:57,7/17/2017 21:57,0.152083333,3.65,5,4.794520548,1.756912738
234,Kforest,Waterfall,53,7/17/2017,18:25,7/17/2017 18:25,7/17/2017,22:03,7/17/2017 22:03,0.151388889,3.63,3,2.892561983,1.359067548
235,Waterfall up,Waterfall,53,7/17/2017,18:39,7/17/2017 18:39,7/17/2017,22:14,7/17/2017 22:14,0.149305556,3.58,0,0,0
236,Waterfall,Waterfall,53,7/17/2017,18:46,7/17/2017 18:46,7/17/2017,22:23,7/17/2017 22:23,0.150694444,3.62,0,0,0
237,Seatomato,Waterfall,53,7/17/2017,18:57,7/17/2017 18:57,7/17/2017,22:33,7/17/2017 22:33,0.15,3.6,0,0,0
238,Bunny Hill,Vulgaris,53,7/17/2017,19:12,7/17/2017 19:12,7/17/2017,22:40,7/17/2017 22:40,0.144444444,3.47,0,0,0
239,VV2,Vulgaris,53,7/17/2017,19:22,7/17/2017 19:22,7/17/2017,22:54,7/17/2017 22:54,0.147222222,3.53,0,0,0
240,VV1,Vulgaris,53,7/17/2017,19:31,7/17/2017 19:31,7/17/2017,22:59,7/17/2017 22:59,0.144444444,3.47,0,0,0
241,Moz valley,Vulgaris,53,7/17/2017,19:36,7/17/2017 19:36,7/17/2017,23:06,7/17/2017 23:06,0.145833333,3.5,1,1,0.693147181
242,Camp,Waterfall,53,7/17/2017,19:55,7/17/2017 19:55,7/17/2017,23:30,7/17/2017 23:30,0.149305556,3.58,0,0,0
243,KISS,Airport,54,7/19/2017,17:20,7/19/2017 17:20,7/19/2017,20:20,7/19/2017 20:20,0.125,3,0,0,0
244,Oil,Airport,54,7/19/2017,17:26,7/19/2017 17:26,7/19/2017,20:35,7/19/2017 20:35,0.13125,3.15,0,0,0
245,Golf,Waterfall,54,7/19/2017,17:33,7/19/2017 17:33,7/19/2017,20:43,7/19/2017 20:43,0.131944444,3.17,0,0,0
246,Kforest,Waterfall,54,7/19/2017,17:38,7/19/2017 17:38,7/19/2017,20:48,7/19/2017 20:48,0.131944444,3.17,16,17.66561514,2.926683069
247,Waterfall up,Waterfall,54,7/19/2017,17:50,7/19/2017 17:50,7/19/2017,20:59,7/19/2017 20:59,0.13125,3.15,8,8.888888889,2.291411792
248,Waterfall,Waterfall,54,7/19/2017,17:58,7/19/2017 17:58,7/19/2017,21:09,7/19/2017 21:09,0.132638889,3.18,8,8.805031447,2.282895667
249,Seatomato,Waterfall,54,7/19/2017,18:10,7/19/2017 18:10,7/19/2017,21:23,7/19/2017 21:23,0.134027778,3.22,3,3.260869565,1.449473263
250,Bunny Hill,Vulgaris,54,7/19/2017,18:21,7/19/2017 18:21,7/19/2017,21:37,7/19/2017 21:37,0.136111111,3.27,22,23.54740061,3.200605967
251,VV2,Vulgaris,54,7/19/2017,18:28,7/19/2017 18:28,7/19/2017,21:43,7/19/2017 21:43,0.135416667,3.25,52,56,4.043051268
252,VV1,Vulgaris,54,7/19/2017,18:34,7/19/2017 18:34,7/19/2017,21:49,7/19/2017 21:49,0.135416667,3.25,39,42,3.761200116
253,Moz valley,Vulgaris,54,7/19/2017,18:39,7/19/2017 18:39,7/19/2017,21:56,7/19/2017 21:56,0.136805556,3.28,45,48.01829268,3.892193549
254,Camp,Waterfall,54,7/19/2017,18:58,7/19/2017 18:58,7/19/2017,22:22,7/19/2017 22:22,0.141666667,3.4,0,0,0
